award_id,resource_id,market,operating_date,hour_ending,awarded_mw,clearing_price,product
AWD-00001,RES-001,DA,2025-07-01,1,27.5,32.91,energy
AWD-00002,RES-001,DA,2025-07-01,2,36.0,47.38,energy
AWD-00003,RES-001,DA,2025-07-01,3,42.8,37.26,energy
AWD-00004,RES-001,DA,2025-07-01,4,34.4,17.86,energy
AWD-00005,RES-001,DA,2025-07-01,5,37.6,68.9,energy
AWD-00006,RES-001,DA,2025-07-01,7,46.2,28.8,energy
AWD-00007,RES-001,DA,2025-07-01,8,16.2,63.88,energy
AWD-00008,RES-001,DA,2025-07-01,9,17.2,68.42,energy
AWD-00009,RES-001,DA,2025-07-01,10,16.7,17.15,energy
AWD-00010,RES-001,DA,2025-07-01,11,28.9,66.07,energy
AWD-00011,RES-001,DA,2025-07-01,12,24.4,27.0,energy
AWD-00012,RES-001,DA,2025-07-01,13,18.9,72.91,energy
AWD-00013,RES-001,DA,2025-07-01,14,18.9,24.69,energy
AWD-00014,RES-001,DA,2025-07-01,15,23.1,15.69,energy
AWD-00015,RES-001,DA,2025-07-01,16,40.4,29.43,energy
AWD-00016,RES-001,DA,2025-07-01,17,34.5,36.15,energy
AWD-00017,RES-001,DA,2025-07-01,18,46.1,19.54,energy
AWD-00018,RES-001,DA,2025-07-01,19,19.9,66.66,energy
AWD-00019,RES-001,DA,2025-07-01,20,35.3,27.79,energy
AWD-00020,RES-001,DA,2025-07-01,22,39.4,52.16,energy
AWD-00021,RES-001,DA,2025-07-01,23,23.8,41.23,energy
AWD-00022,RES-001,DA,2025-07-01,24,41.2,34.71,energy
AWD-00023,RES-001,DA,2025-07-02,1,30.3,50.48,energy
AWD-00024,RES-001,DA,2025-07-02,2,47.0,29.84,energy
AWD-00025,RES-001,DA,2025-07-02,3,15.7,19.84,energy
AWD-00026,RES-001,DA,2025-07-02,4,31.9,59.48,energy
AWD-00027,RES-001,DA,2025-07-02,5,33.9,22.98,energy
AWD-00028,RES-001,DA,2025-07-02,6,21.1,66.86,energy
AWD-00029,RES-001,DA,2025-07-02,7,37.3,58.36,energy
AWD-00030,RES-001,DA,2025-07-02,8,44.5,57.62,energy
AWD-00031,RES-001,DA,2025-07-02,9,44.7,28.73,energy
AWD-00032,RES-001,DA,2025-07-02,10,44.5,60.69,energy
AWD-00033,RES-001,DA,2025-07-02,11,34.7,79.39,energy
AWD-00034,RES-001,DA,2025-07-02,13,17.2,70.81,energy
AWD-00035,RES-001,DA,2025-07-02,15,40.9,76.06,energy
AWD-00036,RES-001,DA,2025-07-02,16,15.9,56.1,energy
AWD-00037,RES-001,DA,2025-07-02,17,37.4,34.11,energy
AWD-00038,RES-001,DA,2025-07-02,19,18.8,35.7,energy
AWD-00039,RES-001,DA,2025-07-02,20,31.8,76.93,energy
AWD-00040,RES-001,DA,2025-07-02,22,31.3,17.42,energy
AWD-00041,RES-001,DA,2025-07-03,1,47.0,65.05,energy
AWD-00042,RES-001,DA,2025-07-03,2,40.9,72.54,energy
AWD-00043,RES-001,DA,2025-07-03,3,17.0,27.49,energy
AWD-00044,RES-001,DA,2025-07-03,4,35.9,78.79,energy
AWD-00045,RES-001,DA,2025-07-03,5,27.6,77.03,energy
AWD-00046,RES-001,DA,2025-07-03,6,36.7,12.64,energy
AWD-00047,RES-001,DA,2025-07-03,7,22.1,70.2,energy
AWD-00048,RES-001,DA,2025-07-03,8,26.1,29.72,energy
AWD-00049,RES-001,DA,2025-07-03,9,40.2,77.25,energy
AWD-00050,RES-001,DA,2025-07-03,10,34.8,29.99,energy
AWD-00051,RES-001,DA,2025-07-03,11,43.8,78.07,energy
AWD-00052,RES-001,DA,2025-07-03,12,17.3,35.73,energy
AWD-00053,RES-001,DA,2025-07-03,13,40.9,17.05,energy
AWD-00054,RES-001,DA,2025-07-03,15,23.5,60.3,energy
AWD-00055,RES-001,DA,2025-07-03,17,41.6,77.51,energy
AWD-00056,RES-001,DA,2025-07-03,19,31.7,65.72,energy
AWD-00057,RES-001,DA,2025-07-03,21,16.2,30.39,energy
AWD-00058,RES-001,DA,2025-07-03,22,45.2,55.2,energy
AWD-00059,RES-001,DA,2025-07-03,23,33.5,54.73,energy
AWD-00060,RES-001,DA,2025-07-03,24,23.6,43.45,energy
AWD-00061,RES-001,DA,2025-07-04,2,45.5,35.48,energy
AWD-00062,RES-001,DA,2025-07-04,3,29.0,14.73,energy
AWD-00063,RES-001,DA,2025-07-04,4,32.7,64.07,energy
AWD-00064,RES-001,DA,2025-07-04,5,30.9,70.82,energy
AWD-00065,RES-001,DA,2025-07-04,6,26.1,22.24,energy
AWD-00066,RES-001,DA,2025-07-04,7,33.2,79.68,energy
AWD-00067,RES-001,DA,2025-07-04,8,16.8,34.14,energy
AWD-00068,RES-001,DA,2025-07-04,10,18.8,57.7,REG
AWD-00069,RES-001,DA,2025-07-04,11,43.0,35.55,energy
AWD-00070,RES-001,DA,2025-07-04,12,22.9,66.46,energy
AWD-00071,RES-001,DA,2025-07-04,13,29.6,63.29,energy
AWD-00072,RES-001,DA,2025-07-04,14,31.5,70.28,energy
AWD-00073,RES-001,DA,2025-07-04,15,26.5,76.13,energy
AWD-00074,RES-001,DA,2025-07-04,16,41.0,36.69,energy
AWD-00075,RES-001,DA,2025-07-04,17,33.6,56.33,energy
AWD-00076,RES-001,DA,2025-07-04,18,31.4,36.08,energy
AWD-00077,RES-001,DA,2025-07-04,19,22.1,17.44,energy
AWD-00078,RES-001,DA,2025-07-04,21,41.0,30.32,energy
AWD-00079,RES-001,DA,2025-07-04,23,19.5,45.17,energy
AWD-00080,RES-001,DA,2025-07-04,24,31.6,71.45,energy
AWD-00081,RES-001,DA,2025-07-05,1,17.8,35.65,energy
AWD-00082,RES-001,DA,2025-07-05,3,35.3,45.75,energy
AWD-00083,RES-001,DA,2025-07-05,5,22.0,29.91,energy
AWD-00084,RES-001,DA,2025-07-05,6,28.0,63.55,energy
AWD-00085,RES-001,DA,2025-07-05,9,31.1,12.22,energy
AWD-00086,RES-001,DA,2025-07-05,10,45.7,63.93,energy
AWD-00087,RES-001,DA,2025-07-05,11,17.2,59.53,energy
AWD-00088,RES-001,DA,2025-07-05,12,35.8,69.34,energy
AWD-00089,RES-001,DA,2025-07-05,13,28.8,52.67,REG
AWD-00090,RES-001,DA,2025-07-05,14,19.2,78.3,energy
AWD-00091,RES-001,DA,2025-07-05,15,36.7,10.83,energy
AWD-00092,RES-001,DA,2025-07-05,16,19.4,61.4,energy
AWD-00093,RES-001,DA,2025-07-05,17,43.4,61.53,energy
AWD-00094,RES-001,DA,2025-07-05,18,18.7,73.0,energy
AWD-00095,RES-001,DA,2025-07-05,19,26.8,39.58,energy
AWD-00096,RES-001,DA,2025-07-05,22,25.4,66.26,energy
AWD-00097,RES-001,DA,2025-07-05,23,24.5,36.78,energy
AWD-00098,RES-001,DA,2025-07-05,24,34.7,33.41,energy
AWD-00099,RES-001,DA,2025-07-06,1,19.2,54.18,energy
AWD-00100,RES-001,DA,2025-07-06,2,42.8,20.64,energy
AWD-00101,RES-001,DA,2025-07-06,3,23.7,67.2,energy
AWD-00102,RES-001,DA,2025-07-06,4,30.2,62.13,energy
AWD-00103,RES-001,DA,2025-07-06,5,37.0,23.34,energy
AWD-00104,RES-001,DA,2025-07-06,6,28.5,14.89,energy
AWD-00105,RES-001,DA,2025-07-06,7,44.0,56.6,energy
AWD-00106,RES-001,DA,2025-07-06,9,21.8,73.89,energy
AWD-00107,RES-001,DA,2025-07-06,11,18.4,33.2,energy
AWD-00108,RES-001,DA,2025-07-06,12,15.2,44.47,energy
AWD-00109,RES-001,DA,2025-07-06,13,21.8,14.67,energy
AWD-00110,RES-001,DA,2025-07-06,14,26.9,27.04,energy
AWD-00111,RES-001,DA,2025-07-06,15,36.5,12.81,energy
AWD-00112,RES-001,DA,2025-07-06,16,29.5,74.55,energy
AWD-00113,RES-001,DA,2025-07-06,17,24.7,35.59,energy
AWD-00114,RES-001,DA,2025-07-06,18,30.5,57.53,energy
AWD-00115,RES-001,DA,2025-07-06,19,28.0,69.16,energy
AWD-00116,RES-001,DA,2025-07-06,20,27.8,33.25,energy
AWD-00117,RES-001,DA,2025-07-06,21,32.3,37.95,energy
AWD-00118,RES-001,DA,2025-07-06,22,18.5,79.25,energy
AWD-00119,RES-001,DA,2025-07-06,23,20.1,63.71,energy
AWD-00120,RES-001,DA,2025-07-07,1,42.8,19.35,energy
AWD-00121,RES-001,DA,2025-07-07,2,27.5,53.7,energy
AWD-00122,RES-001,DA,2025-07-07,3,31.4,32.23,energy
AWD-00123,RES-001,DA,2025-07-07,6,17.1,55.48,energy
AWD-00124,RES-001,DA,2025-07-07,8,36.3,24.32,REG
AWD-00125,RES-001,DA,2025-07-07,9,35.9,21.35,energy
AWD-00126,RES-001,DA,2025-07-07,10,16.7,20.14,energy
AWD-00127,RES-001,DA,2025-07-07,11,17.2,35.07,energy
AWD-00128,RES-001,DA,2025-07-07,12,41.1,66.6,energy
AWD-00129,RES-001,DA,2025-07-07,13,28.6,50.96,energy
AWD-00130,RES-001,DA,2025-07-07,14,27.9,67.7,energy
AWD-00131,RES-001,DA,2025-07-07,15,36.7,67.4,energy
AWD-00132,RES-001,DA,2025-07-07,16,25.8,60.51,energy
AWD-00133,RES-001,DA,2025-07-07,17,42.5,20.78,energy
AWD-00134,RES-001,DA,2025-07-07,18,37.6,59.38,energy
AWD-00135,RES-001,DA,2025-07-07,19,19.2,42.23,energy
AWD-00136,RES-001,DA,2025-07-07,20,43.7,13.17,energy
AWD-00137,RES-001,DA,2025-07-07,21,22.5,72.56,energy
AWD-00138,RES-001,DA,2025-07-07,22,32.7,48.23,energy
AWD-00139,RES-001,DA,2025-07-07,23,27.4,17.81,energy
AWD-00140,RES-001,DA,2025-07-07,24,29.5,60.31,energy
AWD-00141,RES-002,DA,2025-07-01,1,81.9,34.04,energy
AWD-00142,RES-002,DA,2025-07-01,2,41.0,24.22,energy
AWD-00143,RES-002,DA,2025-07-01,3,78.9,68.86,energy
AWD-00144,RES-002,DA,2025-07-01,4,44.6,52.89,energy
AWD-00145,RES-002,DA,2025-07-01,5,59.6,50.58,REG
AWD-00146,RES-002,DA,2025-07-01,6,44.5,22.43,energy
AWD-00147,RES-002,DA,2025-07-01,7,58.6,25.58,energy
AWD-00148,RES-002,DA,2025-07-01,8,80.1,62.37,energy
AWD-00149,RES-002,DA,2025-07-01,9,92.5,61.07,energy
AWD-00150,RES-002,DA,2025-07-01,10,92.2,47.92,energy
AWD-00151,RES-002,DA,2025-07-01,11,86.2,22.74,energy
AWD-00152,RES-002,DA,2025-07-01,12,42.6,70.31,energy
AWD-00153,RES-002,DA,2025-07-01,13,55.1,40.84,energy
AWD-00154,RES-002,DA,2025-07-01,14,65.8,49.57,energy
AWD-00155,RES-002,DA,2025-07-01,15,94.2,29.38,energy
AWD-00156,RES-002,DA,2025-07-01,16,62.2,27.9,energy
AWD-00157,RES-002,DA,2025-07-01,19,47.2,78.54,energy
AWD-00158,RES-002,DA,2025-07-01,20,41.9,61.44,energy
AWD-00159,RES-002,DA,2025-07-01,21,38.4,45.07,energy
AWD-00160,RES-002,DA,2025-07-01,22,79.1,63.42,energy
AWD-00161,RES-002,DA,2025-07-01,23,59.0,55.15,energy
AWD-00162,RES-002,DA,2025-07-01,24,67.7,42.35,energy
AWD-00163,RES-002,DA,2025-07-02,1,52.8,56.42,energy
AWD-00164,RES-002,DA,2025-07-02,2,88.1,31.03,energy
AWD-00165,RES-002,DA,2025-07-02,3,41.4,16.79,energy
AWD-00166,RES-002,DA,2025-07-02,4,79.8,78.71,energy
AWD-00167,RES-002,DA,2025-07-02,5,46.5,69.41,energy
AWD-00168,RES-002,DA,2025-07-02,6,76.4,33.45,energy
AWD-00169,RES-002,DA,2025-07-02,8,67.8,55.11,REG
AWD-00170,RES-002,DA,2025-07-02,9,44.2,46.35,energy
AWD-00171,RES-002,DA,2025-07-02,10,49.2,38.32,energy
AWD-00172,RES-002,DA,2025-07-02,11,46.0,71.84,energy
AWD-00173,RES-002,DA,2025-07-02,12,56.0,28.78,energy
AWD-00174,RES-002,DA,2025-07-02,13,41.4,72.25,energy
AWD-00175,RES-002,DA,2025-07-02,14,90.4,19.63,energy
AWD-00176,RES-002,DA,2025-07-02,15,59.9,37.34,energy
AWD-00177,RES-002,DA,2025-07-02,16,58.3,69.75,energy
AWD-00178,RES-002,DA,2025-07-02,17,46.4,58.08,energy
AWD-00179,RES-002,DA,2025-07-02,18,42.4,74.7,energy
AWD-00180,RES-002,DA,2025-07-02,21,32.2,48.47,energy
AWD-00181,RES-002,DA,2025-07-02,22,33.4,61.33,energy
AWD-00182,RES-002,DA,2025-07-02,23,66.6,16.18,energy
AWD-00183,RES-002,DA,2025-07-02,24,73.1,76.98,energy
AWD-00184,RES-002,DA,2025-07-03,2,43.1,28.34,energy
AWD-00185,RES-002,DA,2025-07-03,3,51.4,77.13,energy
AWD-00186,RES-002,DA,2025-07-03,4,79.5,38.09,energy
AWD-00187,RES-002,DA,2025-07-03,6,38.0,21.22,energy
AWD-00188,RES-002,DA,2025-07-03,7,42.5,70.14,energy
AWD-00189,RES-002,DA,2025-07-03,8,53.3,18.74,energy
AWD-00190,RES-002,DA,2025-07-03,9,62.5,29.78,energy
AWD-00191,RES-002,DA,2025-07-03,10,64.0,59.35,energy
AWD-00192,RES-002,DA,2025-07-03,11,57.9,50.25,energy
AWD-00193,RES-002,DA,2025-07-03,12,36.2,53.06,energy
AWD-00194,RES-002,DA,2025-07-03,13,68.7,61.55,energy
AWD-00195,RES-002,DA,2025-07-03,14,94.8,56.05,energy
AWD-00196,RES-002,DA,2025-07-03,15,64.1,11.0,energy
AWD-00197,RES-002,DA,2025-07-03,16,66.6,15.74,energy
AWD-00198,RES-002,DA,2025-07-03,17,49.0,76.2,energy
AWD-00199,RES-002,DA,2025-07-03,19,91.8,14.14,energy
AWD-00200,RES-002,DA,2025-07-03,20,68.7,55.32,energy
AWD-00201,RES-002,DA,2025-07-03,21,83.6,30.49,energy
AWD-00202,RES-002,DA,2025-07-03,22,67.1,10.6,energy
AWD-00203,RES-002,DA,2025-07-03,23,59.0,50.73,energy
AWD-00204,RES-002,DA,2025-07-03,24,81.9,24.7,energy
AWD-00205,RES-002,DA,2025-07-04,2,57.3,45.81,energy
AWD-00206,RES-002,DA,2025-07-04,3,88.1,58.57,energy
AWD-00207,RES-002,DA,2025-07-04,4,54.8,74.73,energy
AWD-00208,RES-002,DA,2025-07-04,8,78.4,36.35,energy
AWD-00209,RES-002,DA,2025-07-04,9,49.5,18.78,REG
AWD-00210,RES-002,DA,2025-07-04,10,39.6,22.09,energy
AWD-00211,RES-002,DA,2025-07-04,11,92.8,63.1,energy
AWD-00212,RES-002,DA,2025-07-04,12,32.9,66.66,energy
AWD-00213,RES-002,DA,2025-07-04,13,75.0,47.64,energy
AWD-00214,RES-002,DA,2025-07-04,14,68.7,72.57,energy
AWD-00215,RES-002,DA,2025-07-04,15,88.3,15.62,energy
AWD-00216,RES-002,DA,2025-07-04,17,90.9,20.38,energy
AWD-00217,RES-002,DA,2025-07-04,18,88.5,50.69,energy
AWD-00218,RES-002,DA,2025-07-04,20,81.4,12.66,energy
AWD-00219,RES-002,DA,2025-07-04,22,71.6,47.56,energy
AWD-00220,RES-002,DA,2025-07-05,1,88.5,69.17,energy
AWD-00221,RES-002,DA,2025-07-05,3,41.2,31.62,energy
AWD-00222,RES-002,DA,2025-07-05,4,33.1,35.66,energy
AWD-00223,RES-002,DA,2025-07-05,5,68.1,70.28,energy
AWD-00224,RES-002,DA,2025-07-05,6,71.2,64.44,energy
AWD-00225,RES-002,DA,2025-07-05,7,54.6,66.6,energy
AWD-00226,RES-002,DA,2025-07-05,8,57.5,30.06,energy
AWD-00227,RES-002,DA,2025-07-05,9,70.2,72.17,energy
AWD-00228,RES-002,DA,2025-07-05,10,84.9,13.33,energy
AWD-00229,RES-002,DA,2025-07-05,11,45.6,19.21,energy
AWD-00230,RES-002,DA,2025-07-05,12,77.5,60.42,energy
AWD-00231,RES-002,DA,2025-07-05,13,54.2,72.67,energy
AWD-00232,RES-002,DA,2025-07-05,14,53.4,25.13,energy
AWD-00233,RES-002,DA,2025-07-05,15,51.3,15.42,energy
AWD-00234,RES-002,DA,2025-07-05,16,44.8,52.48,energy
AWD-00235,RES-002,DA,2025-07-05,17,49.3,56.33,energy
AWD-00236,RES-002,DA,2025-07-05,18,55.7,23.61,energy
AWD-00237,RES-002,DA,2025-07-05,19,51.6,29.19,energy
AWD-00238,RES-002,DA,2025-07-05,20,31.0,54.07,energy
AWD-00239,RES-002,DA,2025-07-05,21,30.5,45.64,energy
AWD-00240,RES-002,DA,2025-07-05,22,87.2,36.71,energy
AWD-00241,RES-002,DA,2025-07-05,23,38.5,76.79,energy
AWD-00242,RES-002,DA,2025-07-05,24,43.4,30.08,energy
AWD-00243,RES-002,DA,2025-07-06,1,49.2,31.8,energy
AWD-00244,RES-002,DA,2025-07-06,3,91.5,20.25,energy
AWD-00245,RES-002,DA,2025-07-06,4,86.0,38.71,energy
AWD-00246,RES-002,DA,2025-07-06,6,92.5,14.7,energy
AWD-00247,RES-002,DA,2025-07-06,8,81.6,70.88,energy
AWD-00248,RES-002,DA,2025-07-06,10,38.1,53.53,energy
AWD-00249,RES-002,DA,2025-07-06,12,80.4,15.49,energy
AWD-00250,RES-002,DA,2025-07-06,14,84.0,41.58,energy
AWD-00251,RES-002,DA,2025-07-06,15,45.3,35.8,energy
AWD-00252,RES-002,DA,2025-07-06,16,46.9,18.41,energy
AWD-00253,RES-002,DA,2025-07-06,17,84.8,77.44,energy
AWD-00254,RES-002,DA,2025-07-06,18,72.4,68.28,energy
AWD-00255,RES-002,DA,2025-07-06,19,35.4,30.53,energy
AWD-00256,RES-002,DA,2025-07-06,21,62.1,65.32,energy
AWD-00257,RES-002,DA,2025-07-06,22,85.7,22.15,energy
AWD-00258,RES-002,DA,2025-07-06,23,45.1,50.34,energy
AWD-00259,RES-002,DA,2025-07-06,24,44.8,42.71,energy
AWD-00260,RES-002,DA,2025-07-07,1,53.1,50.76,energy
AWD-00261,RES-002,DA,2025-07-07,2,81.6,22.87,energy
AWD-00262,RES-002,DA,2025-07-07,3,76.3,12.48,energy
AWD-00263,RES-002,DA,2025-07-07,4,63.5,78.76,energy
AWD-00264,RES-002,DA,2025-07-07,5,46.3,13.26,energy
AWD-00265,RES-002,DA,2025-07-07,6,87.9,77.67,energy
AWD-00266,RES-002,DA,2025-07-07,7,72.8,59.73,energy
AWD-00267,RES-002,DA,2025-07-07,8,63.0,29.19,energy
AWD-00268,RES-002,DA,2025-07-07,11,44.8,63.91,energy
AWD-00269,RES-002,DA,2025-07-07,12,75.0,26.04,energy
AWD-00270,RES-002,DA,2025-07-07,13,38.8,29.01,energy
AWD-00271,RES-002,DA,2025-07-07,14,42.8,63.05,energy
AWD-00272,RES-002,DA,2025-07-07,15,79.1,60.68,energy
AWD-00273,RES-002,DA,2025-07-07,16,80.2,47.82,energy
AWD-00274,RES-002,DA,2025-07-07,17,45.9,70.06,energy
AWD-00275,RES-002,DA,2025-07-07,18,85.4,78.35,energy
AWD-00276,RES-002,DA,2025-07-07,20,30.7,33.54,energy
AWD-00277,RES-002,DA,2025-07-07,21,68.2,28.7,energy
AWD-00278,RES-002,DA,2025-07-07,22,75.4,24.35,energy
AWD-00279,RES-002,DA,2025-07-07,23,57.4,78.16,energy
AWD-00280,RES-002,DA,2025-07-07,24,51.0,63.27,REG
AWD-00281,RES-003,DA,2025-07-01,1,33.2,41.22,REG
AWD-00282,RES-003,DA,2025-07-01,2,23.8,18.28,energy
AWD-00283,RES-003,DA,2025-07-01,3,61.1,19.45,energy
AWD-00284,RES-003,DA,2025-07-01,4,31.1,26.34,energy
AWD-00285,RES-003,DA,2025-07-01,5,26.7,71.4,energy
AWD-00286,RES-003,DA,2025-07-01,6,46.9,24.97,energy
AWD-00287,RES-003,DA,2025-07-01,7,60.0,70.85,energy
AWD-00288,RES-003,DA,2025-07-01,8,58.3,77.56,energy
AWD-00289,RES-003,DA,2025-07-01,9,26.7,23.6,energy
AWD-00290,RES-003,DA,2025-07-01,10,43.4,56.0,energy
AWD-00291,RES-003,DA,2025-07-01,11,64.0,66.14,REG
AWD-00292,RES-003,DA,2025-07-01,12,24.3,12.06,energy
AWD-00293,RES-003,DA,2025-07-01,13,53.4,13.21,energy
AWD-00294,RES-003,DA,2025-07-01,14,38.8,14.06,energy
AWD-00295,RES-003,DA,2025-07-01,15,24.4,14.07,energy
AWD-00296,RES-003,DA,2025-07-01,16,45.3,55.7,energy
AWD-00297,RES-003,DA,2025-07-01,17,35.8,71.45,energy
AWD-00298,RES-003,DA,2025-07-01,18,69.9,77.29,energy
AWD-00299,RES-003,DA,2025-07-01,19,54.9,64.05,energy
AWD-00300,RES-003,DA,2025-07-01,20,29.8,38.3,energy
AWD-00301,RES-003,DA,2025-07-01,21,41.6,10.54,energy
AWD-00302,RES-003,DA,2025-07-01,22,35.8,54.06,energy
AWD-00303,RES-003,DA,2025-07-01,23,67.1,24.24,energy
AWD-00304,RES-003,DA,2025-07-01,24,33.5,72.06,energy
AWD-00305,RES-003,DA,2025-07-02,1,33.6,35.18,energy
AWD-00306,RES-003,DA,2025-07-02,2,58.6,63.46,energy
AWD-00307,RES-003,DA,2025-07-02,3,51.7,73.18,REG
AWD-00308,RES-003,DA,2025-07-02,4,66.5,78.8,energy
AWD-00309,RES-003,DA,2025-07-02,5,38.3,76.48,energy
AWD-00310,RES-003,DA,2025-07-02,6,36.2,61.9,energy
AWD-00311,RES-003,DA,2025-07-02,7,36.7,15.04,energy
AWD-00312,RES-003,DA,2025-07-02,8,56.0,29.77,energy
AWD-00313,RES-003,DA,2025-07-02,9,25.2,58.47,energy
AWD-00314,RES-003,DA,2025-07-02,10,69.4,12.68,energy
AWD-00315,RES-003,DA,2025-07-02,12,24.4,76.28,energy
AWD-00316,RES-003,DA,2025-07-02,13,45.5,64.39,energy
AWD-00317,RES-003,DA,2025-07-02,14,56.7,10.94,energy
AWD-00318,RES-003,DA,2025-07-02,15,44.3,39.51,energy
AWD-00319,RES-003,DA,2025-07-02,17,68.3,13.07,energy
AWD-00320,RES-003,DA,2025-07-02,18,26.0,52.3,energy
AWD-00321,RES-003,DA,2025-07-02,20,24.4,46.42,energy
AWD-00322,RES-003,DA,2025-07-02,22,69.9,75.19,energy
AWD-00323,RES-003,DA,2025-07-02,23,49.4,73.9,energy
AWD-00324,RES-003,DA,2025-07-02,24,30.2,67.78,energy
AWD-00325,RES-003,DA,2025-07-03,2,48.0,37.13,energy
AWD-00326,RES-003,DA,2025-07-03,3,23.4,10.52,energy
AWD-00327,RES-003,DA,2025-07-03,5,48.6,10.78,energy
AWD-00328,RES-003,DA,2025-07-03,6,24.6,59.13,energy
AWD-00329,RES-003,DA,2025-07-03,7,42.5,14.92,energy
AWD-00330,RES-003,DA,2025-07-03,8,52.0,14.83,energy
AWD-00331,RES-003,DA,2025-07-03,9,54.0,62.13,energy
AWD-00332,RES-003,DA,2025-07-03,10,25.2,12.52,energy
AWD-00333,RES-003,DA,2025-07-03,11,51.4,46.4,energy
AWD-00334,RES-003,DA,2025-07-03,12,45.8,60.9,energy
AWD-00335,RES-003,DA,2025-07-03,13,24.1,13.34,energy
AWD-00336,RES-003,DA,2025-07-03,16,29.9,75.97,energy
AWD-00337,RES-003,DA,2025-07-03,17,40.1,23.14,energy
AWD-00338,RES-003,DA,2025-07-03,18,32.2,26.89,energy
AWD-00339,RES-003,DA,2025-07-03,19,26.2,59.77,energy
AWD-00340,RES-003,DA,2025-07-03,20,39.3,17.66,energy
AWD-00341,RES-003,DA,2025-07-03,22,34.7,17.17,energy
AWD-00342,RES-003,DA,2025-07-03,23,44.0,55.82,energy
AWD-00343,RES-003,DA,2025-07-03,24,63.2,39.14,energy
AWD-00344,RES-003,DA,2025-07-04,2,43.6,57.99,energy
AWD-00345,RES-003,DA,2025-07-04,3,40.7,38.98,energy
AWD-00346,RES-003,DA,2025-07-04,4,56.0,26.92,energy
AWD-00347,RES-003,DA,2025-07-04,5,36.6,57.18,energy
AWD-00348,RES-003,DA,2025-07-04,6,66.0,41.72,energy
AWD-00349,RES-003,DA,2025-07-04,7,27.9,35.03,energy
AWD-00350,RES-003,DA,2025-07-04,8,34.5,26.44,energy
AWD-00351,RES-003,DA,2025-07-04,9,54.7,61.71,energy
AWD-00352,RES-003,DA,2025-07-04,11,26.2,10.53,energy
AWD-00353,RES-003,DA,2025-07-04,13,41.0,71.39,energy
AWD-00354,RES-003,DA,2025-07-04,14,46.8,48.48,energy
AWD-00355,RES-003,DA,2025-07-04,15,63.8,28.16,energy
AWD-00356,RES-003,DA,2025-07-04,18,41.3,27.19,energy
AWD-00357,RES-003,DA,2025-07-04,19,41.9,24.7,energy
AWD-00358,RES-003,DA,2025-07-04,20,49.9,28.87,energy
AWD-00359,RES-003,DA,2025-07-04,22,41.9,32.5,REG
AWD-00360,RES-003,DA,2025-07-04,23,40.1,28.09,energy
AWD-00361,RES-003,DA,2025-07-04,24,50.3,11.43,energy
AWD-00362,RES-003,DA,2025-07-05,1,58.0,26.39,energy
AWD-00363,RES-003,DA,2025-07-05,2,51.5,40.19,energy
AWD-00364,RES-003,DA,2025-07-05,3,70.6,43.49,energy
AWD-00365,RES-003,DA,2025-07-05,4,63.9,38.08,energy
AWD-00366,RES-003,DA,2025-07-05,5,24.9,15.22,energy
AWD-00367,RES-003,DA,2025-07-05,7,47.9,39.25,energy
AWD-00368,RES-003,DA,2025-07-05,8,31.8,69.63,energy
AWD-00369,RES-003,DA,2025-07-05,9,62.8,71.08,REG
AWD-00370,RES-003,DA,2025-07-05,10,70.0,43.6,energy
AWD-00371,RES-003,DA,2025-07-05,11,42.9,23.95,energy
AWD-00372,RES-003,DA,2025-07-05,12,27.4,25.65,energy
AWD-00373,RES-003,DA,2025-07-05,13,34.4,67.21,energy
AWD-00374,RES-003,DA,2025-07-05,14,64.7,34.55,energy
AWD-00375,RES-003,DA,2025-07-05,15,24.0,69.52,energy
AWD-00376,RES-003,DA,2025-07-05,16,67.6,73.18,energy
AWD-00377,RES-003,DA,2025-07-05,17,48.6,44.6,energy
AWD-00378,RES-003,DA,2025-07-05,18,24.9,70.77,energy
AWD-00379,RES-003,DA,2025-07-05,19,53.1,30.39,energy
AWD-00380,RES-003,DA,2025-07-05,20,28.3,56.23,energy
AWD-00381,RES-003,DA,2025-07-05,21,41.2,22.28,energy
AWD-00382,RES-003,DA,2025-07-05,22,51.6,22.42,energy
AWD-00383,RES-003,DA,2025-07-05,23,60.8,61.2,energy
AWD-00384,RES-003,DA,2025-07-05,24,36.0,14.23,energy
AWD-00385,RES-003,DA,2025-07-06,3,25.2,39.52,energy
AWD-00386,RES-003,DA,2025-07-06,4,39.4,72.99,energy
AWD-00387,RES-003,DA,2025-07-06,5,36.6,23.82,energy
AWD-00388,RES-003,DA,2025-07-06,6,38.5,24.89,energy
AWD-00389,RES-003,DA,2025-07-06,7,35.9,11.96,energy
AWD-00390,RES-003,DA,2025-07-06,9,64.1,31.03,energy
AWD-00391,RES-003,DA,2025-07-06,10,43.3,17.41,energy
AWD-00392,RES-003,DA,2025-07-06,11,38.3,57.05,energy
AWD-00393,RES-003,DA,2025-07-06,12,55.0,77.58,REG
AWD-00394,RES-003,DA,2025-07-06,13,25.5,45.07,energy
AWD-00395,RES-003,DA,2025-07-06,14,24.0,64.57,energy
AWD-00396,RES-003,DA,2025-07-06,15,23.9,49.44,energy
AWD-00397,RES-003,DA,2025-07-06,16,41.2,66.59,energy
AWD-00398,RES-003,DA,2025-07-06,17,59.1,69.39,energy
AWD-00399,RES-003,DA,2025-07-06,18,33.6,77.37,energy
AWD-00400,RES-003,DA,2025-07-06,20,27.8,56.04,energy
AWD-00401,RES-003,DA,2025-07-06,21,26.0,42.07,energy
AWD-00402,RES-003,DA,2025-07-06,22,55.5,55.87,energy
AWD-00403,RES-003,DA,2025-07-06,23,35.6,66.9,energy
AWD-00404,RES-003,DA,2025-07-06,24,69.9,72.87,energy
AWD-00405,RES-003,DA,2025-07-07,1,45.2,46.41,energy
AWD-00406,RES-003,DA,2025-07-07,2,67.1,70.13,REG
AWD-00407,RES-003,DA,2025-07-07,3,55.5,37.71,energy
AWD-00408,RES-003,DA,2025-07-07,4,36.3,39.99,energy
AWD-00409,RES-003,DA,2025-07-07,5,41.1,30.24,energy
AWD-00410,RES-003,DA,2025-07-07,6,66.9,16.84,energy
AWD-00411,RES-003,DA,2025-07-07,8,31.4,55.48,energy
AWD-00412,RES-003,DA,2025-07-07,9,60.4,74.9,energy
AWD-00413,RES-003,DA,2025-07-07,10,59.0,40.85,energy
AWD-00414,RES-003,DA,2025-07-07,11,60.4,38.75,energy
AWD-00415,RES-003,DA,2025-07-07,12,40.8,10.35,energy
AWD-00416,RES-003,DA,2025-07-07,14,34.0,51.04,energy
AWD-00417,RES-003,DA,2025-07-07,15,61.5,78.49,energy
AWD-00418,RES-003,DA,2025-07-07,16,45.3,30.0,energy
AWD-00419,RES-003,DA,2025-07-07,18,46.4,66.4,energy
AWD-00420,RES-003,DA,2025-07-07,19,63.4,30.21,energy
AWD-00421,RES-003,DA,2025-07-07,20,67.8,71.75,energy
AWD-00422,RES-003,DA,2025-07-07,21,63.1,64.22,energy
AWD-00423,RES-003,DA,2025-07-07,22,44.3,24.07,energy
AWD-00424,RES-003,DA,2025-07-07,23,37.4,45.23,energy
AWD-00425,RES-003,DA,2025-07-07,24,53.4,42.8,energy
AWD-00426,RES-004,DA,2025-07-01,1,46.9,19.64,energy
AWD-00427,RES-004,DA,2025-07-01,2,44.1,21.54,energy
AWD-00428,RES-004,DA,2025-07-01,3,52.7,61.56,energy
AWD-00429,RES-004,DA,2025-07-01,4,56.6,75.58,energy
AWD-00430,RES-004,DA,2025-07-01,5,44.9,72.16,energy
AWD-00431,RES-004,DA,2025-07-01,6,30.7,47.27,energy
AWD-00432,RES-004,DA,2025-07-01,7,40.4,75.26,REG
AWD-00433,RES-004,DA,2025-07-01,8,44.3,37.03,energy
AWD-00434,RES-004,DA,2025-07-01,9,45.5,76.19,energy
AWD-00435,RES-004,DA,2025-07-01,10,32.1,42.7,energy
AWD-00436,RES-004,DA,2025-07-01,11,34.1,43.08,energy
AWD-00437,RES-004,DA,2025-07-01,12,43.9,65.11,REG
AWD-00438,RES-004,DA,2025-07-01,13,32.5,70.4,energy
AWD-00439,RES-004,DA,2025-07-01,14,19.8,45.16,energy
AWD-00440,RES-004,DA,2025-07-01,15,44.1,78.31,energy
AWD-00441,RES-004,DA,2025-07-01,16,55.9,18.35,energy
AWD-00442,RES-004,DA,2025-07-01,18,29.6,21.41,REG
AWD-00443,RES-004,DA,2025-07-01,19,23.0,31.16,energy
AWD-00444,RES-004,DA,2025-07-01,20,42.5,68.49,energy
AWD-00445,RES-004,DA,2025-07-01,21,28.0,66.54,energy
AWD-00446,RES-004,DA,2025-07-01,22,42.5,63.54,energy
AWD-00447,RES-004,DA,2025-07-01,23,37.4,17.79,energy
AWD-00448,RES-004,DA,2025-07-01,24,22.9,55.62,energy
AWD-00449,RES-004,DA,2025-07-02,1,56.6,62.28,energy
AWD-00450,RES-004,DA,2025-07-02,2,53.7,69.09,energy
AWD-00451,RES-004,DA,2025-07-02,3,43.4,56.87,energy
AWD-00452,RES-004,DA,2025-07-02,4,52.2,68.49,energy
AWD-00453,RES-004,DA,2025-07-02,5,47.1,60.23,energy
AWD-00454,RES-004,DA,2025-07-02,6,38.7,76.34,energy
AWD-00455,RES-004,DA,2025-07-02,7,25.4,46.13,energy
AWD-00456,RES-004,DA,2025-07-02,8,43.5,26.19,energy
AWD-00457,RES-004,DA,2025-07-02,9,29.7,69.94,energy
AWD-00458,RES-004,DA,2025-07-02,10,28.3,73.25,energy
AWD-00459,RES-004,DA,2025-07-02,11,55.8,18.58,energy
AWD-00460,RES-004,DA,2025-07-02,12,55.0,52.89,energy
AWD-00461,RES-004,DA,2025-07-02,14,53.2,66.13,energy
AWD-00462,RES-004,DA,2025-07-02,15,31.2,23.45,energy
AWD-00463,RES-004,DA,2025-07-02,16,52.3,53.24,energy
AWD-00464,RES-004,DA,2025-07-02,17,26.5,16.79,energy
AWD-00465,RES-004,DA,2025-07-02,18,33.0,38.33,energy
AWD-00466,RES-004,DA,2025-07-02,19,19.5,55.09,energy
AWD-00467,RES-004,DA,2025-07-02,20,56.5,50.98,energy
AWD-00468,RES-004,DA,2025-07-02,21,21.2,61.14,energy
AWD-00469,RES-004,DA,2025-07-02,22,35.9,64.02,energy
AWD-00470,RES-004,DA,2025-07-02,23,39.3,54.36,energy
AWD-00471,RES-004,DA,2025-07-02,24,38.4,51.62,energy
AWD-00472,RES-004,DA,2025-07-03,1,48.9,18.47,energy
AWD-00473,RES-004,DA,2025-07-03,2,39.9,64.35,energy
AWD-00474,RES-004,DA,2025-07-03,3,47.7,23.04,energy
AWD-00475,RES-004,DA,2025-07-03,4,46.6,30.78,energy
AWD-00476,RES-004,DA,2025-07-03,5,51.3,58.28,energy
AWD-00477,RES-004,DA,2025-07-03,8,40.7,61.71,energy
AWD-00478,RES-004,DA,2025-07-03,9,21.0,24.55,energy
AWD-00479,RES-004,DA,2025-07-03,10,47.0,66.03,energy
AWD-00480,RES-004,DA,2025-07-03,11,27.5,60.75,energy
AWD-00481,RES-004,DA,2025-07-03,12,28.4,72.35,energy
AWD-00482,RES-004,DA,2025-07-03,13,26.1,18.95,REG
AWD-00483,RES-004,DA,2025-07-03,15,30.0,47.69,energy
AWD-00484,RES-004,DA,2025-07-03,16,31.1,65.4,energy
AWD-00485,RES-004,DA,2025-07-03,17,47.8,33.49,REG
AWD-00486,RES-004,DA,2025-07-03,18,56.8,58.28,energy
AWD-00487,RES-004,DA,2025-07-03,19,27.5,19.89,energy
AWD-00488,RES-004,DA,2025-07-03,20,31.9,59.86,energy
AWD-00489,RES-004,DA,2025-07-03,22,52.8,36.84,energy
AWD-00490,RES-004,DA,2025-07-03,23,36.6,63.62,energy
AWD-00491,RES-004,DA,2025-07-04,1,28.3,61.58,energy
AWD-00492,RES-004,DA,2025-07-04,2,47.8,21.89,energy
AWD-00493,RES-004,DA,2025-07-04,3,28.3,19.87,energy
AWD-00494,RES-004,DA,2025-07-04,5,25.2,36.69,energy
AWD-00495,RES-004,DA,2025-07-04,6,54.6,79.67,energy
AWD-00496,RES-004,DA,2025-07-04,7,46.5,19.53,energy
AWD-00497,RES-004,DA,2025-07-04,8,43.5,62.54,energy
AWD-00498,RES-004,DA,2025-07-04,9,34.8,59.54,REG
AWD-00499,RES-004,DA,2025-07-04,10,42.2,16.89,energy
AWD-00500,RES-004,DA,2025-07-04,11,38.2,38.64,energy
AWD-00501,RES-004,DA,2025-07-04,12,22.2,47.1,REG
AWD-00502,RES-004,DA,2025-07-04,13,32.8,76.32,energy
AWD-00503,RES-004,DA,2025-07-04,14,20.4,66.56,energy
AWD-00504,RES-004,DA,2025-07-04,15,32.9,48.91,energy
AWD-00505,RES-004,DA,2025-07-04,16,32.5,39.46,energy
AWD-00506,RES-004,DA,2025-07-04,17,56.7,50.74,energy
AWD-00507,RES-004,DA,2025-07-04,18,25.8,38.36,energy
AWD-00508,RES-004,DA,2025-07-04,19,34.9,34.74,energy
AWD-00509,RES-004,DA,2025-07-04,21,49.8,24.16,energy
AWD-00510,RES-004,DA,2025-07-04,22,40.0,24.76,energy
AWD-00511,RES-004,DA,2025-07-04,23,51.7,51.62,energy
AWD-00512,RES-004,DA,2025-07-04,24,49.4,36.08,energy
AWD-00513,RES-004,DA,2025-07-05,1,50.1,71.12,energy
AWD-00514,RES-004,DA,2025-07-05,2,51.9,44.39,energy
AWD-00515,RES-004,DA,2025-07-05,3,24.9,19.73,energy
AWD-00516,RES-004,DA,2025-07-05,5,30.2,65.71,energy
AWD-00517,RES-004,DA,2025-07-05,6,25.5,71.19,energy
AWD-00518,RES-004,DA,2025-07-05,7,41.3,54.4,energy
AWD-00519,RES-004,DA,2025-07-05,8,56.4,45.87,energy
AWD-00520,RES-004,DA,2025-07-05,9,47.0,34.77,energy
AWD-00521,RES-004,DA,2025-07-05,11,39.1,68.74,energy
AWD-00522,RES-004,DA,2025-07-05,12,51.8,28.23,energy
AWD-00523,RES-004,DA,2025-07-05,13,26.0,75.69,energy
AWD-00524,RES-004,DA,2025-07-05,14,53.8,77.5,energy
AWD-00525,RES-004,DA,2025-07-05,15,26.5,41.29,energy
AWD-00526,RES-004,DA,2025-07-05,17,43.6,64.02,REG
AWD-00527,RES-004,DA,2025-07-05,18,52.4,36.55,energy
AWD-00528,RES-004,DA,2025-07-05,19,40.7,32.81,energy
AWD-00529,RES-004,DA,2025-07-05,20,56.3,11.98,energy
AWD-00530,RES-004,DA,2025-07-05,21,49.7,66.58,energy
AWD-00531,RES-004,DA,2025-07-05,22,22.9,61.47,energy
AWD-00532,RES-004,DA,2025-07-05,24,56.9,41.52,energy
AWD-00533,RES-004,DA,2025-07-06,1,38.4,34.49,energy
AWD-00534,RES-004,DA,2025-07-06,2,41.4,28.35,energy
AWD-00535,RES-004,DA,2025-07-06,3,31.4,76.92,energy
AWD-00536,RES-004,DA,2025-07-06,4,47.5,29.85,energy
AWD-00537,RES-004,DA,2025-07-06,5,34.0,13.49,energy
AWD-00538,RES-004,DA,2025-07-06,6,32.3,51.23,energy
AWD-00539,RES-004,DA,2025-07-06,7,18.2,31.86,energy
AWD-00540,RES-004,DA,2025-07-06,10,21.4,78.8,energy
AWD-00541,RES-004,DA,2025-07-06,12,20.4,56.68,energy
AWD-00542,RES-004,DA,2025-07-06,13,20.9,58.87,energy
AWD-00543,RES-004,DA,2025-07-06,14,50.4,35.35,energy
AWD-00544,RES-004,DA,2025-07-06,15,41.9,31.53,energy
AWD-00545,RES-004,DA,2025-07-06,16,24.4,23.73,energy
AWD-00546,RES-004,DA,2025-07-06,17,34.0,61.91,energy
AWD-00547,RES-004,DA,2025-07-06,20,25.8,19.15,energy
AWD-00548,RES-004,DA,2025-07-06,21,54.5,73.57,energy
AWD-00549,RES-004,DA,2025-07-06,22,23.4,19.9,energy
AWD-00550,RES-004,DA,2025-07-06,23,23.7,34.15,energy
AWD-00551,RES-004,DA,2025-07-06,24,19.4,12.71,energy
AWD-00552,RES-004,DA,2025-07-07,1,33.3,64.65,energy
AWD-00553,RES-004,DA,2025-07-07,2,32.8,68.19,energy
AWD-00554,RES-004,DA,2025-07-07,3,32.0,72.91,energy
AWD-00555,RES-004,DA,2025-07-07,4,21.5,78.03,REG
AWD-00556,RES-004,DA,2025-07-07,5,37.2,47.69,energy
AWD-00557,RES-004,DA,2025-07-07,6,28.9,78.87,energy
AWD-00558,RES-004,DA,2025-07-07,7,27.6,29.14,energy
AWD-00559,RES-004,DA,2025-07-07,8,24.7,77.32,energy
AWD-00560,RES-004,DA,2025-07-07,9,52.7,64.98,energy
AWD-00561,RES-004,DA,2025-07-07,10,42.9,35.18,energy
AWD-00562,RES-004,DA,2025-07-07,11,47.9,68.68,energy
AWD-00563,RES-004,DA,2025-07-07,12,20.9,23.01,energy
AWD-00564,RES-004,DA,2025-07-07,13,35.6,18.85,energy
AWD-00565,RES-004,DA,2025-07-07,14,49.6,54.49,energy
AWD-00566,RES-004,DA,2025-07-07,15,18.6,33.78,energy
AWD-00567,RES-004,DA,2025-07-07,16,50.4,19.27,energy
AWD-00568,RES-004,DA,2025-07-07,17,30.0,45.62,energy
AWD-00569,RES-004,DA,2025-07-07,18,40.8,51.84,REG
AWD-00570,RES-004,DA,2025-07-07,19,33.5,52.45,energy
AWD-00571,RES-004,DA,2025-07-07,20,31.4,25.26,energy
AWD-00572,RES-004,DA,2025-07-07,21,37.8,61.95,energy
AWD-00573,RES-004,DA,2025-07-07,22,24.8,34.2,energy
AWD-00574,RES-004,DA,2025-07-07,23,55.6,35.02,energy
AWD-00575,RES-004,DA,2025-07-07,24,48.6,24.02,energy
AWD-00576,ARCATA_6_FCPSB1,DA,2025-07-01,1,32.6,54.71,energy
AWD-00577,ARCATA_6_FCPSB1,DA,2025-07-01,2,60.3,28.87,energy
AWD-00578,ARCATA_6_FCPSB1,DA,2025-07-01,3,64.5,32.17,energy
AWD-00579,ARCATA_6_FCPSB1,DA,2025-07-01,4,31.8,67.72,energy
AWD-00580,ARCATA_6_FCPSB1,DA,2025-07-01,6,34.8,58.25,REG
AWD-00581,ARCATA_6_FCPSB1,DA,2025-07-01,7,75.4,48.48,energy
AWD-00582,ARCATA_6_FCPSB1,DA,2025-07-01,8,41.7,78.44,energy
AWD-00583,ARCATA_6_FCPSB1,DA,2025-07-01,9,80.0,25.06,energy
AWD-00584,ARCATA_6_FCPSB1,DA,2025-07-01,10,62.4,49.14,energy
AWD-00585,ARCATA_6_FCPSB1,DA,2025-07-01,11,90.8,49.42,energy
AWD-00586,ARCATA_6_FCPSB1,DA,2025-07-01,12,38.1,52.36,energy
AWD-00587,ARCATA_6_FCPSB1,DA,2025-07-01,13,32.7,19.34,energy
AWD-00588,ARCATA_6_FCPSB1,DA,2025-07-01,14,71.6,56.62,energy
AWD-00589,ARCATA_6_FCPSB1,DA,2025-07-01,15,88.1,28.71,energy
AWD-00590,ARCATA_6_FCPSB1,DA,2025-07-01,16,43.9,53.06,energy
AWD-00591,ARCATA_6_FCPSB1,DA,2025-07-01,17,76.4,10.15,energy
AWD-00592,ARCATA_6_FCPSB1,DA,2025-07-01,20,49.4,45.89,energy
AWD-00593,ARCATA_6_FCPSB1,DA,2025-07-01,21,66.9,27.37,energy
AWD-00594,ARCATA_6_FCPSB1,DA,2025-07-01,22,57.1,57.44,energy
AWD-00595,ARCATA_6_FCPSB1,DA,2025-07-01,23,31.3,36.2,energy
AWD-00596,ARCATA_6_FCPSB1,DA,2025-07-02,1,54.0,51.26,energy
AWD-00597,ARCATA_6_FCPSB1,DA,2025-07-02,2,90.2,32.1,REG
AWD-00598,ARCATA_6_FCPSB1,DA,2025-07-02,5,82.3,57.16,energy
AWD-00599,ARCATA_6_FCPSB1,DA,2025-07-02,7,49.4,10.42,energy
AWD-00600,ARCATA_6_FCPSB1,DA,2025-07-02,8,37.3,71.61,energy
AWD-00601,ARCATA_6_FCPSB1,DA,2025-07-02,9,84.2,64.14,energy
AWD-00602,ARCATA_6_FCPSB1,DA,2025-07-02,10,46.1,55.71,energy
AWD-00603,ARCATA_6_FCPSB1,DA,2025-07-02,11,39.1,36.52,energy
AWD-00604,ARCATA_6_FCPSB1,DA,2025-07-02,12,77.0,32.08,energy
AWD-00605,ARCATA_6_FCPSB1,DA,2025-07-02,13,62.2,36.82,energy
AWD-00606,ARCATA_6_FCPSB1,DA,2025-07-02,16,30.5,16.5,energy
AWD-00607,ARCATA_6_FCPSB1,DA,2025-07-02,17,89.7,63.96,energy
AWD-00608,ARCATA_6_FCPSB1,DA,2025-07-02,18,41.8,30.43,energy
AWD-00609,ARCATA_6_FCPSB1,DA,2025-07-02,19,89.0,62.23,energy
AWD-00610,ARCATA_6_FCPSB1,DA,2025-07-02,20,40.7,15.29,energy
AWD-00611,ARCATA_6_FCPSB1,DA,2025-07-02,22,89.6,69.28,energy
AWD-00612,ARCATA_6_FCPSB1,DA,2025-07-02,24,87.8,24.47,energy
AWD-00613,ARCATA_6_FCPSB1,DA,2025-07-03,1,40.6,39.68,energy
AWD-00614,ARCATA_6_FCPSB1,DA,2025-07-03,2,93.0,39.42,energy
AWD-00615,ARCATA_6_FCPSB1,DA,2025-07-03,3,74.3,75.12,energy
AWD-00616,ARCATA_6_FCPSB1,DA,2025-07-03,4,41.7,64.62,energy
AWD-00617,ARCATA_6_FCPSB1,DA,2025-07-03,5,92.4,46.15,energy
AWD-00618,ARCATA_6_FCPSB1,DA,2025-07-03,7,89.8,34.11,energy
AWD-00619,ARCATA_6_FCPSB1,DA,2025-07-03,8,60.0,71.7,energy
AWD-00620,ARCATA_6_FCPSB1,DA,2025-07-03,9,89.1,62.88,energy
AWD-00621,ARCATA_6_FCPSB1,DA,2025-07-03,10,61.4,30.78,REG
AWD-00622,ARCATA_6_FCPSB1,DA,2025-07-03,11,60.2,37.38,energy
AWD-00623,ARCATA_6_FCPSB1,DA,2025-07-03,12,61.8,65.07,energy
AWD-00624,ARCATA_6_FCPSB1,DA,2025-07-03,13,31.7,25.54,energy
AWD-00625,ARCATA_6_FCPSB1,DA,2025-07-03,15,84.7,59.62,energy
AWD-00626,ARCATA_6_FCPSB1,DA,2025-07-03,16,39.2,20.7,energy
AWD-00627,ARCATA_6_FCPSB1,DA,2025-07-03,17,92.7,79.27,energy
AWD-00628,ARCATA_6_FCPSB1,DA,2025-07-03,18,39.8,59.15,energy
AWD-00629,ARCATA_6_FCPSB1,DA,2025-07-03,19,86.4,42.6,energy
AWD-00630,ARCATA_6_FCPSB1,DA,2025-07-03,20,48.1,66.95,energy
AWD-00631,ARCATA_6_FCPSB1,DA,2025-07-03,22,92.2,37.68,energy
AWD-00632,ARCATA_6_FCPSB1,DA,2025-07-03,23,70.6,25.49,energy
AWD-00633,ARCATA_6_FCPSB1,DA,2025-07-03,24,53.5,55.23,energy
AWD-00634,ARCATA_6_FCPSB1,DA,2025-07-04,1,68.8,23.85,energy
AWD-00635,ARCATA_6_FCPSB1,DA,2025-07-04,2,89.2,72.59,energy
AWD-00636,ARCATA_6_FCPSB1,DA,2025-07-04,3,69.5,66.88,energy
AWD-00637,ARCATA_6_FCPSB1,DA,2025-07-04,5,48.6,12.27,REG
AWD-00638,ARCATA_6_FCPSB1,DA,2025-07-04,6,89.9,40.19,energy
AWD-00639,ARCATA_6_FCPSB1,DA,2025-07-04,7,44.2,79.92,energy
AWD-00640,ARCATA_6_FCPSB1,DA,2025-07-04,8,65.8,17.54,energy
AWD-00641,ARCATA_6_FCPSB1,DA,2025-07-04,10,75.6,70.57,energy
AWD-00642,ARCATA_6_FCPSB1,DA,2025-07-04,11,31.2,34.35,energy
AWD-00643,ARCATA_6_FCPSB1,DA,2025-07-04,12,34.0,67.93,energy
AWD-00644,ARCATA_6_FCPSB1,DA,2025-07-04,13,73.2,26.87,energy
AWD-00645,ARCATA_6_FCPSB1,DA,2025-07-04,15,44.9,27.33,energy
AWD-00646,ARCATA_6_FCPSB1,DA,2025-07-04,16,77.4,34.21,energy
AWD-00647,ARCATA_6_FCPSB1,DA,2025-07-04,17,59.4,73.23,energy
AWD-00648,ARCATA_6_FCPSB1,DA,2025-07-04,18,36.0,20.8,energy
AWD-00649,ARCATA_6_FCPSB1,DA,2025-07-04,19,73.0,55.21,energy
AWD-00650,ARCATA_6_FCPSB1,DA,2025-07-04,20,48.5,68.15,energy
AWD-00651,ARCATA_6_FCPSB1,DA,2025-07-04,21,55.6,43.73,energy
AWD-00652,ARCATA_6_FCPSB1,DA,2025-07-04,22,39.3,10.46,energy
AWD-00653,ARCATA_6_FCPSB1,DA,2025-07-04,23,62.5,79.92,energy
AWD-00654,ARCATA_6_FCPSB1,DA,2025-07-04,24,60.6,19.44,energy
AWD-00655,ARCATA_6_FCPSB1,DA,2025-07-05,1,83.1,54.46,energy
AWD-00656,ARCATA_6_FCPSB1,DA,2025-07-05,2,91.4,77.37,energy
AWD-00657,ARCATA_6_FCPSB1,DA,2025-07-05,3,88.1,36.25,energy
AWD-00658,ARCATA_6_FCPSB1,DA,2025-07-05,4,40.4,38.96,energy
AWD-00659,ARCATA_6_FCPSB1,DA,2025-07-05,5,91.9,71.03,energy
AWD-00660,ARCATA_6_FCPSB1,DA,2025-07-05,6,57.7,70.19,REG
AWD-00661,ARCATA_6_FCPSB1,DA,2025-07-05,8,92.5,52.9,energy
AWD-00662,ARCATA_6_FCPSB1,DA,2025-07-05,9,36.1,58.45,energy
AWD-00663,ARCATA_6_FCPSB1,DA,2025-07-05,10,72.4,37.91,energy
AWD-00664,ARCATA_6_FCPSB1,DA,2025-07-05,11,84.9,39.92,energy
AWD-00665,ARCATA_6_FCPSB1,DA,2025-07-05,12,89.1,68.22,energy
AWD-00666,ARCATA_6_FCPSB1,DA,2025-07-05,13,62.2,10.35,energy
AWD-00667,ARCATA_6_FCPSB1,DA,2025-07-05,14,93.0,34.02,energy
AWD-00668,ARCATA_6_FCPSB1,DA,2025-07-05,15,56.7,51.74,energy
AWD-00669,ARCATA_6_FCPSB1,DA,2025-07-05,17,30.9,76.93,energy
AWD-00670,ARCATA_6_FCPSB1,DA,2025-07-05,18,40.3,23.66,REG
AWD-00671,ARCATA_6_FCPSB1,DA,2025-07-05,19,35.8,17.17,energy
AWD-00672,ARCATA_6_FCPSB1,DA,2025-07-05,20,32.7,37.34,energy
AWD-00673,ARCATA_6_FCPSB1,DA,2025-07-05,21,33.3,69.51,energy
AWD-00674,ARCATA_6_FCPSB1,DA,2025-07-05,22,67.5,59.96,energy
AWD-00675,ARCATA_6_FCPSB1,DA,2025-07-05,23,47.2,32.99,energy
AWD-00676,ARCATA_6_FCPSB1,DA,2025-07-06,1,37.3,57.25,energy
AWD-00677,ARCATA_6_FCPSB1,DA,2025-07-06,2,51.8,71.07,energy
AWD-00678,ARCATA_6_FCPSB1,DA,2025-07-06,3,42.3,53.73,energy
AWD-00679,ARCATA_6_FCPSB1,DA,2025-07-06,4,68.4,31.06,energy
AWD-00680,ARCATA_6_FCPSB1,DA,2025-07-06,5,52.7,43.15,energy
AWD-00681,ARCATA_6_FCPSB1,DA,2025-07-06,6,93.3,16.16,energy
AWD-00682,ARCATA_6_FCPSB1,DA,2025-07-06,7,48.7,31.73,REG
AWD-00683,ARCATA_6_FCPSB1,DA,2025-07-06,8,71.7,19.19,energy
AWD-00684,ARCATA_6_FCPSB1,DA,2025-07-06,9,60.8,41.27,energy
AWD-00685,ARCATA_6_FCPSB1,DA,2025-07-06,11,58.4,77.43,energy
AWD-00686,ARCATA_6_FCPSB1,DA,2025-07-06,12,87.2,56.27,energy
AWD-00687,ARCATA_6_FCPSB1,DA,2025-07-06,13,79.2,21.29,energy
AWD-00688,ARCATA_6_FCPSB1,DA,2025-07-06,15,89.3,52.26,energy
AWD-00689,ARCATA_6_FCPSB1,DA,2025-07-06,16,61.1,23.21,energy
AWD-00690,ARCATA_6_FCPSB1,DA,2025-07-06,17,69.2,13.13,energy
AWD-00691,ARCATA_6_FCPSB1,DA,2025-07-06,18,80.6,49.89,energy
AWD-00692,ARCATA_6_FCPSB1,DA,2025-07-06,19,61.1,60.19,energy
AWD-00693,ARCATA_6_FCPSB1,DA,2025-07-06,20,54.4,65.19,energy
AWD-00694,ARCATA_6_FCPSB1,DA,2025-07-06,21,41.5,75.94,energy
AWD-00695,ARCATA_6_FCPSB1,DA,2025-07-06,22,45.4,24.86,energy
AWD-00696,ARCATA_6_FCPSB1,DA,2025-07-06,23,90.6,79.94,energy
AWD-00697,ARCATA_6_FCPSB1,DA,2025-07-06,24,86.8,11.16,energy
AWD-00698,ARCATA_6_FCPSB1,DA,2025-07-07,1,69.7,58.87,energy
AWD-00699,ARCATA_6_FCPSB1,DA,2025-07-07,2,39.7,29.18,energy
AWD-00700,ARCATA_6_FCPSB1,DA,2025-07-07,3,93.8,70.58,energy
AWD-00701,ARCATA_6_FCPSB1,DA,2025-07-07,4,61.1,39.33,energy
AWD-00702,ARCATA_6_FCPSB1,DA,2025-07-07,5,58.7,13.77,energy
AWD-00703,ARCATA_6_FCPSB1,DA,2025-07-07,6,70.9,27.38,energy
AWD-00704,ARCATA_6_FCPSB1,DA,2025-07-07,7,54.6,27.33,energy
AWD-00705,ARCATA_6_FCPSB1,DA,2025-07-07,8,77.3,30.2,energy
AWD-00706,ARCATA_6_FCPSB1,DA,2025-07-07,9,59.9,62.87,energy
AWD-00707,ARCATA_6_FCPSB1,DA,2025-07-07,11,44.4,33.08,energy
AWD-00708,ARCATA_6_FCPSB1,DA,2025-07-07,12,34.4,45.15,energy
AWD-00709,ARCATA_6_FCPSB1,DA,2025-07-07,13,42.8,31.33,energy
AWD-00710,ARCATA_6_FCPSB1,DA,2025-07-07,14,36.1,20.29,energy
AWD-00711,ARCATA_6_FCPSB1,DA,2025-07-07,15,68.1,25.02,energy
AWD-00712,ARCATA_6_FCPSB1,DA,2025-07-07,17,85.2,67.56,energy
AWD-00713,ARCATA_6_FCPSB1,DA,2025-07-07,19,94.3,30.57,energy
AWD-00714,ARCATA_6_FCPSB1,DA,2025-07-07,20,60.0,20.89,energy
AWD-00715,ARCATA_6_FCPSB1,DA,2025-07-07,21,44.8,31.26,energy
AWD-00716,ARCATA_6_FCPSB1,DA,2025-07-07,22,92.9,75.59,energy
AWD-00717,ARCATA_6_FCPSB1,DA,2025-07-07,24,71.8,59.35,energy
AWD-00718,ARCATA_6_FCPSB2,DA,2025-07-01,1,43.4,54.98,energy
AWD-00719,ARCATA_6_FCPSB2,DA,2025-07-01,2,38.7,62.89,energy
AWD-00720,ARCATA_6_FCPSB2,DA,2025-07-01,3,56.0,60.43,energy
AWD-00721,ARCATA_6_FCPSB2,DA,2025-07-01,5,80.6,44.76,energy
AWD-00722,ARCATA_6_FCPSB2,DA,2025-07-01,6,92.9,72.84,energy
AWD-00723,ARCATA_6_FCPSB2,DA,2025-07-01,7,82.2,74.1,energy
AWD-00724,ARCATA_6_FCPSB2,DA,2025-07-01,8,91.6,59.36,energy
AWD-00725,ARCATA_6_FCPSB2,DA,2025-07-01,9,51.0,51.19,energy
AWD-00726,ARCATA_6_FCPSB2,DA,2025-07-01,10,35.1,54.49,energy
AWD-00727,ARCATA_6_FCPSB2,DA,2025-07-01,11,37.0,48.13,energy
AWD-00728,ARCATA_6_FCPSB2,DA,2025-07-01,12,76.7,57.78,energy
AWD-00729,ARCATA_6_FCPSB2,DA,2025-07-01,13,75.0,48.14,energy
AWD-00730,ARCATA_6_FCPSB2,DA,2025-07-01,15,76.1,31.99,energy
AWD-00731,ARCATA_6_FCPSB2,DA,2025-07-01,16,77.6,27.57,energy
AWD-00732,ARCATA_6_FCPSB2,DA,2025-07-01,17,69.4,46.42,energy
AWD-00733,ARCATA_6_FCPSB2,DA,2025-07-01,18,78.7,50.43,energy
AWD-00734,ARCATA_6_FCPSB2,DA,2025-07-01,20,51.8,68.53,energy
AWD-00735,ARCATA_6_FCPSB2,DA,2025-07-01,21,80.0,61.42,energy
AWD-00736,ARCATA_6_FCPSB2,DA,2025-07-01,22,65.7,12.71,energy
AWD-00737,ARCATA_6_FCPSB2,DA,2025-07-01,23,87.8,41.11,energy
AWD-00738,ARCATA_6_FCPSB2,DA,2025-07-01,24,52.4,74.16,energy
AWD-00739,ARCATA_6_FCPSB2,DA,2025-07-02,1,52.3,59.95,energy
AWD-00740,ARCATA_6_FCPSB2,DA,2025-07-02,3,58.1,77.08,energy
AWD-00741,ARCATA_6_FCPSB2,DA,2025-07-02,4,32.6,58.82,energy
AWD-00742,ARCATA_6_FCPSB2,DA,2025-07-02,5,33.9,60.65,energy
AWD-00743,ARCATA_6_FCPSB2,DA,2025-07-02,6,40.7,59.35,energy
AWD-00744,ARCATA_6_FCPSB2,DA,2025-07-02,7,43.3,10.64,energy
AWD-00745,ARCATA_6_FCPSB2,DA,2025-07-02,8,36.9,55.81,energy
AWD-00746,ARCATA_6_FCPSB2,DA,2025-07-02,9,40.2,24.73,energy
AWD-00747,ARCATA_6_FCPSB2,DA,2025-07-02,10,66.4,41.86,energy
AWD-00748,ARCATA_6_FCPSB2,DA,2025-07-02,11,58.3,35.77,energy
AWD-00749,ARCATA_6_FCPSB2,DA,2025-07-02,12,92.4,59.36,energy
AWD-00750,ARCATA_6_FCPSB2,DA,2025-07-02,13,39.8,72.98,energy
AWD-00751,ARCATA_6_FCPSB2,DA,2025-07-02,14,54.7,60.02,energy
AWD-00752,ARCATA_6_FCPSB2,DA,2025-07-02,15,87.5,12.71,energy
AWD-00753,ARCATA_6_FCPSB2,DA,2025-07-02,16,94.0,24.27,energy
AWD-00754,ARCATA_6_FCPSB2,DA,2025-07-02,17,83.2,36.64,energy
AWD-00755,ARCATA_6_FCPSB2,DA,2025-07-02,18,35.7,54.11,energy
AWD-00756,ARCATA_6_FCPSB2,DA,2025-07-02,19,48.4,67.3,energy
AWD-00757,ARCATA_6_FCPSB2,DA,2025-07-02,20,84.5,31.04,energy
AWD-00758,ARCATA_6_FCPSB2,DA,2025-07-02,22,46.7,51.64,energy
AWD-00759,ARCATA_6_FCPSB2,DA,2025-07-02,24,42.5,36.41,energy
AWD-00760,ARCATA_6_FCPSB2,DA,2025-07-03,2,94.2,31.76,energy
AWD-00761,ARCATA_6_FCPSB2,DA,2025-07-03,5,88.0,23.21,energy
AWD-00762,ARCATA_6_FCPSB2,DA,2025-07-03,7,56.3,40.73,REG
AWD-00763,ARCATA_6_FCPSB2,DA,2025-07-03,10,82.4,18.59,energy
AWD-00764,ARCATA_6_FCPSB2,DA,2025-07-03,11,77.1,77.39,energy
AWD-00765,ARCATA_6_FCPSB2,DA,2025-07-03,12,60.2,28.68,energy
AWD-00766,ARCATA_6_FCPSB2,DA,2025-07-03,13,67.8,62.59,energy
AWD-00767,ARCATA_6_FCPSB2,DA,2025-07-03,14,64.6,78.98,energy
AWD-00768,ARCATA_6_FCPSB2,DA,2025-07-03,15,33.2,56.03,energy
AWD-00769,ARCATA_6_FCPSB2,DA,2025-07-03,16,77.1,26.98,energy
AWD-00770,ARCATA_6_FCPSB2,DA,2025-07-03,17,46.2,68.53,energy
AWD-00771,ARCATA_6_FCPSB2,DA,2025-07-03,18,36.9,62.62,energy
AWD-00772,ARCATA_6_FCPSB2,DA,2025-07-03,19,53.9,57.82,energy
AWD-00773,ARCATA_6_FCPSB2,DA,2025-07-03,20,65.3,45.33,energy
AWD-00774,ARCATA_6_FCPSB2,DA,2025-07-03,21,73.2,23.17,energy
AWD-00775,ARCATA_6_FCPSB2,DA,2025-07-03,22,87.5,56.39,energy
AWD-00776,ARCATA_6_FCPSB2,DA,2025-07-03,23,45.0,47.5,energy
AWD-00777,ARCATA_6_FCPSB2,DA,2025-07-03,24,32.5,76.08,energy
AWD-00778,ARCATA_6_FCPSB2,DA,2025-07-04,1,56.8,79.38,energy
AWD-00779,ARCATA_6_FCPSB2,DA,2025-07-04,2,57.9,76.66,energy
AWD-00780,ARCATA_6_FCPSB2,DA,2025-07-04,3,80.9,71.18,energy
AWD-00781,ARCATA_6_FCPSB2,DA,2025-07-04,4,60.8,71.52,energy
AWD-00782,ARCATA_6_FCPSB2,DA,2025-07-04,5,65.4,76.06,energy
AWD-00783,ARCATA_6_FCPSB2,DA,2025-07-04,6,89.8,71.78,energy
AWD-00784,ARCATA_6_FCPSB2,DA,2025-07-04,7,46.7,38.0,energy
AWD-00785,ARCATA_6_FCPSB2,DA,2025-07-04,8,56.4,60.09,energy
AWD-00786,ARCATA_6_FCPSB2,DA,2025-07-04,9,33.7,53.38,energy
AWD-00787,ARCATA_6_FCPSB2,DA,2025-07-04,10,76.5,47.28,energy
AWD-00788,ARCATA_6_FCPSB2,DA,2025-07-04,11,87.4,13.6,energy
AWD-00789,ARCATA_6_FCPSB2,DA,2025-07-04,12,79.7,45.51,energy
AWD-00790,ARCATA_6_FCPSB2,DA,2025-07-04,13,92.5,59.5,energy
AWD-00791,ARCATA_6_FCPSB2,DA,2025-07-04,14,85.3,78.12,energy
AWD-00792,ARCATA_6_FCPSB2,DA,2025-07-04,16,83.8,65.26,energy
AWD-00793,ARCATA_6_FCPSB2,DA,2025-07-04,17,31.3,50.88,REG
AWD-00794,ARCATA_6_FCPSB2,DA,2025-07-04,18,56.7,33.15,energy
AWD-00795,ARCATA_6_FCPSB2,DA,2025-07-04,19,60.9,44.68,energy
AWD-00796,ARCATA_6_FCPSB2,DA,2025-07-04,20,55.0,35.1,energy
AWD-00797,ARCATA_6_FCPSB2,DA,2025-07-04,21,91.1,61.01,energy
AWD-00798,ARCATA_6_FCPSB2,DA,2025-07-04,22,63.6,69.38,energy
AWD-00799,ARCATA_6_FCPSB2,DA,2025-07-04,23,86.8,76.33,energy
AWD-00800,ARCATA_6_FCPSB2,DA,2025-07-05,1,43.1,14.21,energy
AWD-00801,ARCATA_6_FCPSB2,DA,2025-07-05,2,90.6,65.76,energy
AWD-00802,ARCATA_6_FCPSB2,DA,2025-07-05,3,69.3,41.58,energy
AWD-00803,ARCATA_6_FCPSB2,DA,2025-07-05,4,32.5,42.16,energy
AWD-00804,ARCATA_6_FCPSB2,DA,2025-07-05,5,40.2,75.55,energy
AWD-00805,ARCATA_6_FCPSB2,DA,2025-07-05,7,49.7,33.54,energy
AWD-00806,ARCATA_6_FCPSB2,DA,2025-07-05,8,81.8,74.22,energy
AWD-00807,ARCATA_6_FCPSB2,DA,2025-07-05,10,85.3,60.0,energy
AWD-00808,ARCATA_6_FCPSB2,DA,2025-07-05,12,78.7,18.64,energy
AWD-00809,ARCATA_6_FCPSB2,DA,2025-07-05,13,91.3,45.73,energy
AWD-00810,ARCATA_6_FCPSB2,DA,2025-07-05,14,43.7,20.61,energy
AWD-00811,ARCATA_6_FCPSB2,DA,2025-07-05,15,65.6,24.04,REG
AWD-00812,ARCATA_6_FCPSB2,DA,2025-07-05,16,73.4,31.3,energy
AWD-00813,ARCATA_6_FCPSB2,DA,2025-07-05,17,83.4,59.48,energy
AWD-00814,ARCATA_6_FCPSB2,DA,2025-07-05,18,81.6,26.54,energy
AWD-00815,ARCATA_6_FCPSB2,DA,2025-07-05,19,89.4,50.94,energy
AWD-00816,ARCATA_6_FCPSB2,DA,2025-07-05,20,77.4,56.68,energy
AWD-00817,ARCATA_6_FCPSB2,DA,2025-07-05,21,73.7,49.77,energy
AWD-00818,ARCATA_6_FCPSB2,DA,2025-07-05,22,59.8,22.06,energy
AWD-00819,ARCATA_6_FCPSB2,DA,2025-07-05,24,78.4,57.29,energy
AWD-00820,ARCATA_6_FCPSB2,DA,2025-07-06,1,81.2,69.62,energy
AWD-00821,ARCATA_6_FCPSB2,DA,2025-07-06,2,72.3,33.6,energy
AWD-00822,ARCATA_6_FCPSB2,DA,2025-07-06,5,68.9,60.29,energy
AWD-00823,ARCATA_6_FCPSB2,DA,2025-07-06,6,36.5,26.53,energy
AWD-00824,ARCATA_6_FCPSB2,DA,2025-07-06,7,60.9,28.5,energy
AWD-00825,ARCATA_6_FCPSB2,DA,2025-07-06,10,80.9,31.08,energy
AWD-00826,ARCATA_6_FCPSB2,DA,2025-07-06,12,58.5,26.3,energy
AWD-00827,ARCATA_6_FCPSB2,DA,2025-07-06,13,65.2,20.69,energy
AWD-00828,ARCATA_6_FCPSB2,DA,2025-07-06,14,82.4,24.49,REG
AWD-00829,ARCATA_6_FCPSB2,DA,2025-07-06,16,32.0,77.09,energy
AWD-00830,ARCATA_6_FCPSB2,DA,2025-07-06,17,67.1,58.2,energy
AWD-00831,ARCATA_6_FCPSB2,DA,2025-07-06,18,91.6,54.85,energy
AWD-00832,ARCATA_6_FCPSB2,DA,2025-07-06,19,77.7,75.79,energy
AWD-00833,ARCATA_6_FCPSB2,DA,2025-07-06,20,40.6,71.57,energy
AWD-00834,ARCATA_6_FCPSB2,DA,2025-07-06,21,78.5,22.9,energy
AWD-00835,ARCATA_6_FCPSB2,DA,2025-07-06,23,42.5,42.71,energy
AWD-00836,ARCATA_6_FCPSB2,DA,2025-07-06,24,58.9,69.23,energy
AWD-00837,ARCATA_6_FCPSB2,DA,2025-07-07,1,76.3,30.56,energy
AWD-00838,ARCATA_6_FCPSB2,DA,2025-07-07,2,66.4,79.15,energy
AWD-00839,ARCATA_6_FCPSB2,DA,2025-07-07,3,87.1,15.51,energy
AWD-00840,ARCATA_6_FCPSB2,DA,2025-07-07,4,83.2,35.9,energy
AWD-00841,ARCATA_6_FCPSB2,DA,2025-07-07,5,85.7,18.27,energy
AWD-00842,ARCATA_6_FCPSB2,DA,2025-07-07,7,93.1,46.46,energy
AWD-00843,ARCATA_6_FCPSB2,DA,2025-07-07,8,68.3,41.53,energy
AWD-00844,ARCATA_6_FCPSB2,DA,2025-07-07,9,33.1,10.65,energy
AWD-00845,ARCATA_6_FCPSB2,DA,2025-07-07,10,93.8,43.05,energy
AWD-00846,ARCATA_6_FCPSB2,DA,2025-07-07,11,46.6,35.3,energy
AWD-00847,ARCATA_6_FCPSB2,DA,2025-07-07,13,39.1,18.34,energy
AWD-00848,ARCATA_6_FCPSB2,DA,2025-07-07,14,46.7,44.57,energy
AWD-00849,ARCATA_6_FCPSB2,DA,2025-07-07,15,49.1,34.2,energy
AWD-00850,ARCATA_6_FCPSB2,DA,2025-07-07,16,87.6,68.35,energy
AWD-00851,ARCATA_6_FCPSB2,DA,2025-07-07,17,45.7,31.08,energy
AWD-00852,ARCATA_6_FCPSB2,DA,2025-07-07,18,91.6,12.51,energy
AWD-00853,ARCATA_6_FCPSB2,DA,2025-07-07,20,45.6,25.89,energy
AWD-00854,ARCATA_6_FCPSB2,DA,2025-07-07,21,57.5,26.08,energy
AWD-00855,ARCATA_6_FCPSB2,DA,2025-07-07,22,92.6,30.78,energy
AWD-00856,ARCATA_6_FCPSB2,DA,2025-07-07,23,51.4,24.5,energy
AWD-00857,ARCATA_6_FCPSB2,DA,2025-07-07,24,48.8,42.44,energy
AWD-00858,DSFLWR_2_W9CSB2,DA,2025-07-01,1,60.2,47.8,energy
AWD-00859,DSFLWR_2_W9CSB2,DA,2025-07-01,2,36.0,41.51,energy
AWD-00860,DSFLWR_2_W9CSB2,DA,2025-07-01,4,92.9,51.85,energy
AWD-00861,DSFLWR_2_W9CSB2,DA,2025-07-01,5,72.3,70.74,energy
AWD-00862,DSFLWR_2_W9CSB2,DA,2025-07-01,6,68.4,72.76,energy
AWD-00863,DSFLWR_2_W9CSB2,DA,2025-07-01,7,93.3,53.13,energy
AWD-00864,DSFLWR_2_W9CSB2,DA,2025-07-01,8,33.9,34.64,energy
AWD-00865,DSFLWR_2_W9CSB2,DA,2025-07-01,9,65.7,12.99,energy
AWD-00866,DSFLWR_2_W9CSB2,DA,2025-07-01,10,33.2,12.11,energy
AWD-00867,DSFLWR_2_W9CSB2,DA,2025-07-01,11,92.2,53.68,energy
AWD-00868,DSFLWR_2_W9CSB2,DA,2025-07-01,12,80.4,74.89,energy
AWD-00869,DSFLWR_2_W9CSB2,DA,2025-07-01,13,68.2,54.42,energy
AWD-00870,DSFLWR_2_W9CSB2,DA,2025-07-01,15,41.5,58.44,energy
AWD-00871,DSFLWR_2_W9CSB2,DA,2025-07-01,16,52.8,44.06,energy
AWD-00872,DSFLWR_2_W9CSB2,DA,2025-07-01,19,33.7,72.6,energy
AWD-00873,DSFLWR_2_W9CSB2,DA,2025-07-01,21,57.2,55.56,energy
AWD-00874,DSFLWR_2_W9CSB2,DA,2025-07-01,23,87.7,79.88,energy
AWD-00875,DSFLWR_2_W9CSB2,DA,2025-07-02,1,67.9,21.66,energy
AWD-00876,DSFLWR_2_W9CSB2,DA,2025-07-02,3,62.2,15.16,energy
AWD-00877,DSFLWR_2_W9CSB2,DA,2025-07-02,4,65.8,47.47,energy
AWD-00878,DSFLWR_2_W9CSB2,DA,2025-07-02,6,77.8,56.86,energy
AWD-00879,DSFLWR_2_W9CSB2,DA,2025-07-02,7,89.5,57.73,energy
AWD-00880,DSFLWR_2_W9CSB2,DA,2025-07-02,8,57.8,60.22,energy
AWD-00881,DSFLWR_2_W9CSB2,DA,2025-07-02,9,65.2,53.91,energy
AWD-00882,DSFLWR_2_W9CSB2,DA,2025-07-02,10,68.8,65.88,energy
AWD-00883,DSFLWR_2_W9CSB2,DA,2025-07-02,11,36.1,68.65,energy
AWD-00884,DSFLWR_2_W9CSB2,DA,2025-07-02,12,79.0,20.94,energy
AWD-00885,DSFLWR_2_W9CSB2,DA,2025-07-02,13,85.3,15.16,energy
AWD-00886,DSFLWR_2_W9CSB2,DA,2025-07-02,15,39.9,40.6,energy
AWD-00887,DSFLWR_2_W9CSB2,DA,2025-07-02,17,49.7,68.11,energy
AWD-00888,DSFLWR_2_W9CSB2,DA,2025-07-02,18,39.6,24.34,energy
AWD-00889,DSFLWR_2_W9CSB2,DA,2025-07-02,19,77.5,17.27,energy
AWD-00890,DSFLWR_2_W9CSB2,DA,2025-07-02,20,43.7,49.69,energy
AWD-00891,DSFLWR_2_W9CSB2,DA,2025-07-02,21,70.3,76.23,energy
AWD-00892,DSFLWR_2_W9CSB2,DA,2025-07-02,22,69.8,27.3,energy
AWD-00893,DSFLWR_2_W9CSB2,DA,2025-07-02,23,70.7,30.16,energy
AWD-00894,DSFLWR_2_W9CSB2,DA,2025-07-02,24,92.6,18.47,energy
AWD-00895,DSFLWR_2_W9CSB2,DA,2025-07-03,1,41.5,38.49,energy
AWD-00896,DSFLWR_2_W9CSB2,DA,2025-07-03,2,88.2,13.6,energy
AWD-00897,DSFLWR_2_W9CSB2,DA,2025-07-03,3,87.2,22.78,energy
AWD-00898,DSFLWR_2_W9CSB2,DA,2025-07-03,4,71.1,77.39,REG
AWD-00899,DSFLWR_2_W9CSB2,DA,2025-07-03,5,90.5,52.62,REG
AWD-00900,DSFLWR_2_W9CSB2,DA,2025-07-03,6,88.9,63.7,energy
AWD-00901,DSFLWR_2_W9CSB2,DA,2025-07-03,7,59.0,25.49,energy
AWD-00902,DSFLWR_2_W9CSB2,DA,2025-07-03,8,53.2,62.3,energy
AWD-00903,DSFLWR_2_W9CSB2,DA,2025-07-03,9,31.6,46.96,REG
AWD-00904,DSFLWR_2_W9CSB2,DA,2025-07-03,10,81.0,13.93,energy
AWD-00905,DSFLWR_2_W9CSB2,DA,2025-07-03,11,70.6,14.77,energy
AWD-00906,DSFLWR_2_W9CSB2,DA,2025-07-03,13,74.2,12.46,energy
AWD-00907,DSFLWR_2_W9CSB2,DA,2025-07-03,15,33.1,18.91,energy
AWD-00908,DSFLWR_2_W9CSB2,DA,2025-07-03,17,55.2,29.7,energy
AWD-00909,DSFLWR_2_W9CSB2,DA,2025-07-03,18,57.8,20.82,energy
AWD-00910,DSFLWR_2_W9CSB2,DA,2025-07-03,19,91.6,51.09,energy
AWD-00911,DSFLWR_2_W9CSB2,DA,2025-07-03,20,32.6,16.84,energy
AWD-00912,DSFLWR_2_W9CSB2,DA,2025-07-03,21,88.9,24.09,energy
AWD-00913,DSFLWR_2_W9CSB2,DA,2025-07-03,22,54.1,69.54,energy
AWD-00914,DSFLWR_2_W9CSB2,DA,2025-07-03,23,87.9,54.81,energy
AWD-00915,DSFLWR_2_W9CSB2,DA,2025-07-03,24,68.6,11.99,energy
AWD-00916,DSFLWR_2_W9CSB2,DA,2025-07-04,1,38.5,62.49,energy
AWD-00917,DSFLWR_2_W9CSB2,DA,2025-07-04,2,88.5,34.9,energy
AWD-00918,DSFLWR_2_W9CSB2,DA,2025-07-04,4,43.9,31.2,energy
AWD-00919,DSFLWR_2_W9CSB2,DA,2025-07-04,5,74.1,41.96,energy
AWD-00920,DSFLWR_2_W9CSB2,DA,2025-07-04,6,40.0,59.81,energy
AWD-00921,DSFLWR_2_W9CSB2,DA,2025-07-04,7,41.7,60.88,energy
AWD-00922,DSFLWR_2_W9CSB2,DA,2025-07-04,8,91.3,18.51,energy
AWD-00923,DSFLWR_2_W9CSB2,DA,2025-07-04,9,45.7,42.72,energy
AWD-00924,DSFLWR_2_W9CSB2,DA,2025-07-04,10,74.5,35.11,energy
AWD-00925,DSFLWR_2_W9CSB2,DA,2025-07-04,13,83.7,75.44,energy
AWD-00926,DSFLWR_2_W9CSB2,DA,2025-07-04,14,44.1,46.59,energy
AWD-00927,DSFLWR_2_W9CSB2,DA,2025-07-04,15,54.5,30.56,energy
AWD-00928,DSFLWR_2_W9CSB2,DA,2025-07-04,16,48.9,77.33,energy
AWD-00929,DSFLWR_2_W9CSB2,DA,2025-07-04,17,47.3,75.9,energy
AWD-00930,DSFLWR_2_W9CSB2,DA,2025-07-04,19,53.3,18.03,energy
AWD-00931,DSFLWR_2_W9CSB2,DA,2025-07-04,20,53.7,61.13,energy
AWD-00932,DSFLWR_2_W9CSB2,DA,2025-07-04,21,40.3,30.33,energy
AWD-00933,DSFLWR_2_W9CSB2,DA,2025-07-04,23,83.7,64.26,energy
AWD-00934,DSFLWR_2_W9CSB2,DA,2025-07-04,24,49.6,16.82,energy
AWD-00935,DSFLWR_2_W9CSB2,DA,2025-07-05,1,68.0,50.57,energy
AWD-00936,DSFLWR_2_W9CSB2,DA,2025-07-05,2,42.2,58.67,energy
AWD-00937,DSFLWR_2_W9CSB2,DA,2025-07-05,3,77.7,51.09,REG
AWD-00938,DSFLWR_2_W9CSB2,DA,2025-07-05,4,31.7,22.76,REG
AWD-00939,DSFLWR_2_W9CSB2,DA,2025-07-05,5,34.7,51.36,REG
AWD-00940,DSFLWR_2_W9CSB2,DA,2025-07-05,6,71.5,49.91,energy
AWD-00941,DSFLWR_2_W9CSB2,DA,2025-07-05,7,51.7,37.02,energy
AWD-00942,DSFLWR_2_W9CSB2,DA,2025-07-05,8,54.9,42.62,energy
AWD-00943,DSFLWR_2_W9CSB2,DA,2025-07-05,9,84.1,52.05,energy
AWD-00944,DSFLWR_2_W9CSB2,DA,2025-07-05,10,78.2,46.7,energy
AWD-00945,DSFLWR_2_W9CSB2,DA,2025-07-05,11,37.2,77.37,energy
AWD-00946,DSFLWR_2_W9CSB2,DA,2025-07-05,12,48.5,18.86,energy
AWD-00947,DSFLWR_2_W9CSB2,DA,2025-07-05,15,70.3,12.99,REG
AWD-00948,DSFLWR_2_W9CSB2,DA,2025-07-05,16,64.7,10.21,energy
AWD-00949,DSFLWR_2_W9CSB2,DA,2025-07-05,18,35.2,16.65,energy
AWD-00950,DSFLWR_2_W9CSB2,DA,2025-07-05,19,34.7,51.98,energy
AWD-00951,DSFLWR_2_W9CSB2,DA,2025-07-05,20,36.8,13.47,energy
AWD-00952,DSFLWR_2_W9CSB2,DA,2025-07-05,21,47.3,15.46,energy
AWD-00953,DSFLWR_2_W9CSB2,DA,2025-07-05,22,49.0,61.92,energy
AWD-00954,DSFLWR_2_W9CSB2,DA,2025-07-05,23,94.0,22.84,energy
AWD-00955,DSFLWR_2_W9CSB2,DA,2025-07-05,24,42.3,68.86,energy
AWD-00956,DSFLWR_2_W9CSB2,DA,2025-07-06,1,93.7,15.23,energy
AWD-00957,DSFLWR_2_W9CSB2,DA,2025-07-06,2,45.2,76.16,energy
AWD-00958,DSFLWR_2_W9CSB2,DA,2025-07-06,3,61.5,65.79,energy
AWD-00959,DSFLWR_2_W9CSB2,DA,2025-07-06,4,79.6,79.82,energy
AWD-00960,DSFLWR_2_W9CSB2,DA,2025-07-06,6,66.1,28.47,energy
AWD-00961,DSFLWR_2_W9CSB2,DA,2025-07-06,8,52.8,69.0,energy
AWD-00962,DSFLWR_2_W9CSB2,DA,2025-07-06,9,93.1,40.87,energy
AWD-00963,DSFLWR_2_W9CSB2,DA,2025-07-06,10,71.8,21.99,energy
AWD-00964,DSFLWR_2_W9CSB2,DA,2025-07-06,13,74.3,36.78,energy
AWD-00965,DSFLWR_2_W9CSB2,DA,2025-07-06,14,74.5,24.21,energy
AWD-00966,DSFLWR_2_W9CSB2,DA,2025-07-06,15,76.5,57.6,energy
AWD-00967,DSFLWR_2_W9CSB2,DA,2025-07-06,16,84.3,25.49,energy
AWD-00968,DSFLWR_2_W9CSB2,DA,2025-07-06,18,38.2,21.4,energy
AWD-00969,DSFLWR_2_W9CSB2,DA,2025-07-06,19,65.2,66.65,energy
AWD-00970,DSFLWR_2_W9CSB2,DA,2025-07-06,20,85.8,49.74,energy
AWD-00971,DSFLWR_2_W9CSB2,DA,2025-07-06,21,87.6,63.15,energy
AWD-00972,DSFLWR_2_W9CSB2,DA,2025-07-06,22,91.8,52.64,energy
AWD-00973,DSFLWR_2_W9CSB2,DA,2025-07-06,23,78.9,35.69,energy
AWD-00974,DSFLWR_2_W9CSB2,DA,2025-07-07,1,55.2,57.9,REG
AWD-00975,DSFLWR_2_W9CSB2,DA,2025-07-07,2,53.0,49.92,energy
AWD-00976,DSFLWR_2_W9CSB2,DA,2025-07-07,3,90.7,53.49,energy
AWD-00977,DSFLWR_2_W9CSB2,DA,2025-07-07,4,78.0,47.84,REG
AWD-00978,DSFLWR_2_W9CSB2,DA,2025-07-07,5,67.9,45.6,energy
AWD-00979,DSFLWR_2_W9CSB2,DA,2025-07-07,6,69.8,35.48,energy
AWD-00980,DSFLWR_2_W9CSB2,DA,2025-07-07,7,85.9,16.24,energy
AWD-00981,DSFLWR_2_W9CSB2,DA,2025-07-07,8,85.0,22.88,energy
AWD-00982,DSFLWR_2_W9CSB2,DA,2025-07-07,9,93.0,24.23,energy
AWD-00983,DSFLWR_2_W9CSB2,DA,2025-07-07,10,69.7,65.75,energy
AWD-00984,DSFLWR_2_W9CSB2,DA,2025-07-07,11,78.1,69.48,energy
AWD-00985,DSFLWR_2_W9CSB2,DA,2025-07-07,12,32.3,72.1,energy
AWD-00986,DSFLWR_2_W9CSB2,DA,2025-07-07,14,84.8,36.82,energy
AWD-00987,DSFLWR_2_W9CSB2,DA,2025-07-07,16,47.7,56.63,energy
AWD-00988,DSFLWR_2_W9CSB2,DA,2025-07-07,17,68.7,71.73,energy
AWD-00989,DSFLWR_2_W9CSB2,DA,2025-07-07,18,30.1,55.89,energy
AWD-00990,DSFLWR_2_W9CSB2,DA,2025-07-07,20,67.0,40.44,energy
AWD-00991,DSFLWR_2_W9CSB2,DA,2025-07-07,21,85.6,57.52,energy
AWD-00992,DSFLWR_2_W9CSB2,DA,2025-07-07,22,68.3,61.24,energy
AWD-00993,DSFLWR_2_W9CSB2,DA,2025-07-07,23,92.3,50.71,energy
AWD-00994,DSFLWR_2_W9CSB2,DA,2025-07-07,24,49.6,27.9,energy
AWD-00995,JANCRK_6_RCABT1,DA,2025-07-01,1,77.5,63.99,energy
AWD-00996,JANCRK_6_RCABT1,DA,2025-07-01,2,42.2,42.92,energy
AWD-00997,JANCRK_6_RCABT1,DA,2025-07-01,3,41.0,29.97,energy
AWD-00998,JANCRK_6_RCABT1,DA,2025-07-01,4,89.4,78.43,energy
AWD-00999,JANCRK_6_RCABT1,DA,2025-07-01,6,32.9,40.57,energy
AWD-01000,JANCRK_6_RCABT1,DA,2025-07-01,7,66.4,34.92,REG
AWD-01001,JANCRK_6_RCABT1,DA,2025-07-01,9,39.1,51.4,energy
AWD-01002,JANCRK_6_RCABT1,DA,2025-07-01,10,89.9,58.65,energy
AWD-01003,JANCRK_6_RCABT1,DA,2025-07-01,11,67.5,34.77,energy
AWD-01004,JANCRK_6_RCABT1,DA,2025-07-01,12,88.7,50.49,energy
AWD-01005,JANCRK_6_RCABT1,DA,2025-07-01,13,56.9,48.2,energy
AWD-01006,JANCRK_6_RCABT1,DA,2025-07-01,14,55.2,48.08,energy
AWD-01007,JANCRK_6_RCABT1,DA,2025-07-01,15,81.4,13.54,energy
AWD-01008,JANCRK_6_RCABT1,DA,2025-07-01,16,74.7,28.38,energy
AWD-01009,JANCRK_6_RCABT1,DA,2025-07-01,17,34.7,77.42,energy
AWD-01010,JANCRK_6_RCABT1,DA,2025-07-01,18,36.7,37.97,energy
AWD-01011,JANCRK_6_RCABT1,DA,2025-07-01,19,63.8,65.07,energy
AWD-01012,JANCRK_6_RCABT1,DA,2025-07-01,20,93.9,10.38,energy
AWD-01013,JANCRK_6_RCABT1,DA,2025-07-01,22,55.8,61.27,REG
AWD-01014,JANCRK_6_RCABT1,DA,2025-07-01,23,70.5,43.88,energy
AWD-01015,JANCRK_6_RCABT1,DA,2025-07-01,24,85.0,29.33,REG
AWD-01016,JANCRK_6_RCABT1,DA,2025-07-02,1,59.0,19.48,energy
AWD-01017,JANCRK_6_RCABT1,DA,2025-07-02,2,80.7,54.11,energy
AWD-01018,JANCRK_6_RCABT1,DA,2025-07-02,3,64.5,48.7,energy
AWD-01019,JANCRK_6_RCABT1,DA,2025-07-02,4,61.8,36.31,energy
AWD-01020,JANCRK_6_RCABT1,DA,2025-07-02,5,73.2,23.14,energy
AWD-01021,JANCRK_6_RCABT1,DA,2025-07-02,6,34.9,75.73,energy
AWD-01022,JANCRK_6_RCABT1,DA,2025-07-02,7,86.7,21.47,energy
AWD-01023,JANCRK_6_RCABT1,DA,2025-07-02,8,48.8,33.03,energy
AWD-01024,JANCRK_6_RCABT1,DA,2025-07-02,9,44.8,61.53,energy
AWD-01025,JANCRK_6_RCABT1,DA,2025-07-02,10,43.8,72.54,energy
AWD-01026,JANCRK_6_RCABT1,DA,2025-07-02,11,39.9,72.33,energy
AWD-01027,JANCRK_6_RCABT1,DA,2025-07-02,12,68.9,36.99,REG
AWD-01028,JANCRK_6_RCABT1,DA,2025-07-02,13,85.5,11.94,energy
AWD-01029,JANCRK_6_RCABT1,DA,2025-07-02,14,94.0,73.39,energy
AWD-01030,JANCRK_6_RCABT1,DA,2025-07-02,15,90.3,77.09,energy
AWD-01031,JANCRK_6_RCABT1,DA,2025-07-02,16,49.1,31.6,energy
AWD-01032,JANCRK_6_RCABT1,DA,2025-07-02,18,78.5,59.35,energy
AWD-01033,JANCRK_6_RCABT1,DA,2025-07-02,19,35.1,60.96,energy
AWD-01034,JANCRK_6_RCABT1,DA,2025-07-02,20,43.2,11.2,energy
AWD-01035,JANCRK_6_RCABT1,DA,2025-07-02,22,80.4,52.58,energy
AWD-01036,JANCRK_6_RCABT1,DA,2025-07-02,23,49.4,25.9,energy
AWD-01037,JANCRK_6_RCABT1,DA,2025-07-02,24,37.5,79.47,energy
AWD-01038,JANCRK_6_RCABT1,DA,2025-07-03,1,58.2,33.1,REG
AWD-01039,JANCRK_6_RCABT1,DA,2025-07-03,2,75.5,72.65,energy
AWD-01040,JANCRK_6_RCABT1,DA,2025-07-03,3,46.6,13.02,energy
AWD-01041,JANCRK_6_RCABT1,DA,2025-07-03,4,54.9,13.42,energy
AWD-01042,JANCRK_6_RCABT1,DA,2025-07-03,5,49.3,41.36,energy
AWD-01043,JANCRK_6_RCABT1,DA,2025-07-03,6,93.7,53.04,energy
AWD-01044,JANCRK_6_RCABT1,DA,2025-07-03,7,74.4,57.82,energy
AWD-01045,JANCRK_6_RCABT1,DA,2025-07-03,8,47.2,59.61,energy
AWD-01046,JANCRK_6_RCABT1,DA,2025-07-03,9,83.7,51.54,energy
AWD-01047,JANCRK_6_RCABT1,DA,2025-07-03,10,67.6,25.01,energy
AWD-01048,JANCRK_6_RCABT1,DA,2025-07-03,11,47.2,72.7,energy
AWD-01049,JANCRK_6_RCABT1,DA,2025-07-03,13,82.1,44.21,energy
AWD-01050,JANCRK_6_RCABT1,DA,2025-07-03,15,71.0,32.15,energy
AWD-01051,JANCRK_6_RCABT1,DA,2025-07-03,16,73.4,43.87,REG
AWD-01052,JANCRK_6_RCABT1,DA,2025-07-03,17,85.8,29.16,energy
AWD-01053,JANCRK_6_RCABT1,DA,2025-07-03,18,76.7,75.96,REG
AWD-01054,JANCRK_6_RCABT1,DA,2025-07-03,19,57.4,44.64,energy
AWD-01055,JANCRK_6_RCABT1,DA,2025-07-03,20,37.1,67.77,REG
AWD-01056,JANCRK_6_RCABT1,DA,2025-07-03,21,64.5,41.7,energy
AWD-01057,JANCRK_6_RCABT1,DA,2025-07-03,22,75.9,53.39,energy
AWD-01058,JANCRK_6_RCABT1,DA,2025-07-03,23,63.3,50.39,energy
AWD-01059,JANCRK_6_RCABT1,DA,2025-07-03,24,68.1,48.97,energy
AWD-01060,JANCRK_6_RCABT1,DA,2025-07-04,1,40.6,55.88,energy
AWD-01061,JANCRK_6_RCABT1,DA,2025-07-04,4,49.1,38.9,energy
AWD-01062,JANCRK_6_RCABT1,DA,2025-07-04,5,89.7,11.85,energy
AWD-01063,JANCRK_6_RCABT1,DA,2025-07-04,6,33.2,49.94,energy
AWD-01064,JANCRK_6_RCABT1,DA,2025-07-04,7,83.9,75.78,energy
AWD-01065,JANCRK_6_RCABT1,DA,2025-07-04,10,56.4,71.02,energy
AWD-01066,JANCRK_6_RCABT1,DA,2025-07-04,13,54.8,29.83,REG
AWD-01067,JANCRK_6_RCABT1,DA,2025-07-04,14,66.4,20.27,energy
AWD-01068,JANCRK_6_RCABT1,DA,2025-07-04,15,55.3,41.34,energy
AWD-01069,JANCRK_6_RCABT1,DA,2025-07-04,16,82.7,37.22,energy
AWD-01070,JANCRK_6_RCABT1,DA,2025-07-04,17,46.7,13.91,energy
AWD-01071,JANCRK_6_RCABT1,DA,2025-07-04,20,67.9,33.7,energy
AWD-01072,JANCRK_6_RCABT1,DA,2025-07-04,22,61.5,32.81,energy
AWD-01073,JANCRK_6_RCABT1,DA,2025-07-04,23,90.6,14.35,energy
AWD-01074,JANCRK_6_RCABT1,DA,2025-07-04,24,89.6,79.95,energy
AWD-01075,JANCRK_6_RCABT1,DA,2025-07-05,1,64.2,48.34,energy
AWD-01076,JANCRK_6_RCABT1,DA,2025-07-05,2,30.1,70.53,REG
AWD-01077,JANCRK_6_RCABT1,DA,2025-07-05,3,51.3,22.35,energy
AWD-01078,JANCRK_6_RCABT1,DA,2025-07-05,4,57.6,34.43,energy
AWD-01079,JANCRK_6_RCABT1,DA,2025-07-05,5,47.6,67.37,energy
AWD-01080,JANCRK_6_RCABT1,DA,2025-07-05,6,79.6,44.25,energy
AWD-01081,JANCRK_6_RCABT1,DA,2025-07-05,7,43.3,22.61,energy
AWD-01082,JANCRK_6_RCABT1,DA,2025-07-05,8,53.4,50.33,energy
AWD-01083,JANCRK_6_RCABT1,DA,2025-07-05,10,94.2,65.16,energy
AWD-01084,JANCRK_6_RCABT1,DA,2025-07-05,11,82.9,34.17,energy
AWD-01085,JANCRK_6_RCABT1,DA,2025-07-05,12,81.7,43.45,energy
AWD-01086,JANCRK_6_RCABT1,DA,2025-07-05,13,86.0,76.6,energy
AWD-01087,JANCRK_6_RCABT1,DA,2025-07-05,14,33.6,21.31,energy
AWD-01088,JANCRK_6_RCABT1,DA,2025-07-05,15,63.3,61.58,energy
AWD-01089,JANCRK_6_RCABT1,DA,2025-07-05,16,31.1,68.18,energy
AWD-01090,JANCRK_6_RCABT1,DA,2025-07-05,17,91.2,16.51,energy
AWD-01091,JANCRK_6_RCABT1,DA,2025-07-05,18,46.5,51.36,energy
AWD-01092,JANCRK_6_RCABT1,DA,2025-07-05,19,72.1,11.84,energy
AWD-01093,JANCRK_6_RCABT1,DA,2025-07-05,21,75.9,48.62,energy
AWD-01094,JANCRK_6_RCABT1,DA,2025-07-05,22,73.9,23.18,energy
AWD-01095,JANCRK_6_RCABT1,DA,2025-07-05,23,57.8,33.41,energy
AWD-01096,JANCRK_6_RCABT1,DA,2025-07-05,24,39.6,47.04,energy
AWD-01097,JANCRK_6_RCABT1,DA,2025-07-06,2,54.4,67.47,energy
AWD-01098,JANCRK_6_RCABT1,DA,2025-07-06,3,73.7,26.97,REG
AWD-01099,JANCRK_6_RCABT1,DA,2025-07-06,4,63.8,57.97,energy
AWD-01100,JANCRK_6_RCABT1,DA,2025-07-06,8,54.1,43.66,energy
AWD-01101,JANCRK_6_RCABT1,DA,2025-07-06,9,34.5,42.1,energy
AWD-01102,JANCRK_6_RCABT1,DA,2025-07-06,10,36.8,60.47,energy
AWD-01103,JANCRK_6_RCABT1,DA,2025-07-06,11,87.0,45.58,energy
AWD-01104,JANCRK_6_RCABT1,DA,2025-07-06,12,92.7,47.21,energy
AWD-01105,JANCRK_6_RCABT1,DA,2025-07-06,13,72.5,73.57,energy
AWD-01106,JANCRK_6_RCABT1,DA,2025-07-06,14,62.5,75.22,energy
AWD-01107,JANCRK_6_RCABT1,DA,2025-07-06,15,77.5,15.92,energy
AWD-01108,JANCRK_6_RCABT1,DA,2025-07-06,18,36.6,45.8,energy
AWD-01109,JANCRK_6_RCABT1,DA,2025-07-06,19,31.1,30.35,energy
AWD-01110,JANCRK_6_RCABT1,DA,2025-07-06,20,41.7,38.66,energy
AWD-01111,JANCRK_6_RCABT1,DA,2025-07-06,21,38.2,56.66,energy
AWD-01112,JANCRK_6_RCABT1,DA,2025-07-06,22,71.7,72.19,energy
AWD-01113,JANCRK_6_RCABT1,DA,2025-07-06,23,93.1,43.84,energy
AWD-01114,JANCRK_6_RCABT1,DA,2025-07-07,2,92.2,47.12,energy
AWD-01115,JANCRK_6_RCABT1,DA,2025-07-07,3,94.3,73.03,energy
AWD-01116,JANCRK_6_RCABT1,DA,2025-07-07,5,71.1,15.79,energy
AWD-01117,JANCRK_6_RCABT1,DA,2025-07-07,6,62.0,50.91,energy
AWD-01118,JANCRK_6_RCABT1,DA,2025-07-07,7,35.2,45.7,energy
AWD-01119,JANCRK_6_RCABT1,DA,2025-07-07,8,57.9,13.76,energy
AWD-01120,JANCRK_6_RCABT1,DA,2025-07-07,9,51.0,22.93,REG
AWD-01121,JANCRK_6_RCABT1,DA,2025-07-07,10,43.6,54.73,energy
AWD-01122,JANCRK_6_RCABT1,DA,2025-07-07,11,46.1,35.71,energy
AWD-01123,JANCRK_6_RCABT1,DA,2025-07-07,12,53.5,74.01,energy
AWD-01124,JANCRK_6_RCABT1,DA,2025-07-07,13,75.7,73.57,energy
AWD-01125,JANCRK_6_RCABT1,DA,2025-07-07,16,50.9,78.81,energy
AWD-01126,JANCRK_6_RCABT1,DA,2025-07-07,17,48.5,20.1,energy
AWD-01127,JANCRK_6_RCABT1,DA,2025-07-07,18,57.7,59.63,energy
AWD-01128,JANCRK_6_RCABT1,DA,2025-07-07,19,38.1,51.56,energy
AWD-01129,JANCRK_6_RCABT1,DA,2025-07-07,20,33.5,65.4,energy
AWD-01130,JANCRK_6_RCABT1,DA,2025-07-07,21,47.4,43.34,energy
AWD-01131,JANCRK_6_RCABT1,DA,2025-07-07,23,91.4,23.13,energy
AWD-01132,PUTHCR_1_PCNSB1,DA,2025-07-01,1,80.2,58.6,energy
AWD-01133,PUTHCR_1_PCNSB1,DA,2025-07-01,2,49.2,16.26,energy
AWD-01134,PUTHCR_1_PCNSB1,DA,2025-07-01,3,53.5,21.06,energy
AWD-01135,PUTHCR_1_PCNSB1,DA,2025-07-01,5,46.3,21.26,energy
AWD-01136,PUTHCR_1_PCNSB1,DA,2025-07-01,6,73.1,14.06,energy
AWD-01137,PUTHCR_1_PCNSB1,DA,2025-07-01,7,58.7,32.08,energy
AWD-01138,PUTHCR_1_PCNSB1,DA,2025-07-01,8,58.2,33.71,energy
AWD-01139,PUTHCR_1_PCNSB1,DA,2025-07-01,9,52.7,24.16,energy
AWD-01140,PUTHCR_1_PCNSB1,DA,2025-07-01,10,78.4,14.29,energy
AWD-01141,PUTHCR_1_PCNSB1,DA,2025-07-01,11,45.2,67.52,energy
AWD-01142,PUTHCR_1_PCNSB1,DA,2025-07-01,12,65.2,34.41,energy
AWD-01143,PUTHCR_1_PCNSB1,DA,2025-07-01,13,30.8,72.09,energy
AWD-01144,PUTHCR_1_PCNSB1,DA,2025-07-01,15,70.1,66.21,energy
AWD-01145,PUTHCR_1_PCNSB1,DA,2025-07-01,18,69.0,18.19,energy
AWD-01146,PUTHCR_1_PCNSB1,DA,2025-07-01,19,56.7,58.78,energy
AWD-01147,PUTHCR_1_PCNSB1,DA,2025-07-01,20,44.5,19.54,energy
AWD-01148,PUTHCR_1_PCNSB1,DA,2025-07-01,21,70.0,40.05,energy
AWD-01149,PUTHCR_1_PCNSB1,DA,2025-07-01,23,81.2,76.78,energy
AWD-01150,PUTHCR_1_PCNSB1,DA,2025-07-01,24,63.3,47.53,energy
AWD-01151,PUTHCR_1_PCNSB1,DA,2025-07-02,1,93.3,14.58,energy
AWD-01152,PUTHCR_1_PCNSB1,DA,2025-07-02,4,59.8,30.41,energy
AWD-01153,PUTHCR_1_PCNSB1,DA,2025-07-02,5,78.2,56.81,energy
AWD-01154,PUTHCR_1_PCNSB1,DA,2025-07-02,6,86.6,33.92,energy
AWD-01155,PUTHCR_1_PCNSB1,DA,2025-07-02,7,46.4,68.82,REG
AWD-01156,PUTHCR_1_PCNSB1,DA,2025-07-02,8,89.6,45.5,energy
AWD-01157,PUTHCR_1_PCNSB1,DA,2025-07-02,9,78.6,78.17,energy
AWD-01158,PUTHCR_1_PCNSB1,DA,2025-07-02,10,68.3,36.46,energy
AWD-01159,PUTHCR_1_PCNSB1,DA,2025-07-02,11,75.9,36.03,REG
AWD-01160,PUTHCR_1_PCNSB1,DA,2025-07-02,12,88.8,54.07,energy
AWD-01161,PUTHCR_1_PCNSB1,DA,2025-07-02,13,35.9,10.76,energy
AWD-01162,PUTHCR_1_PCNSB1,DA,2025-07-02,14,63.6,61.97,energy
AWD-01163,PUTHCR_1_PCNSB1,DA,2025-07-02,15,56.8,25.12,energy
AWD-01164,PUTHCR_1_PCNSB1,DA,2025-07-02,16,90.4,47.91,REG
AWD-01165,PUTHCR_1_PCNSB1,DA,2025-07-02,17,30.1,59.64,energy
AWD-01166,PUTHCR_1_PCNSB1,DA,2025-07-02,18,94.9,44.93,energy
AWD-01167,PUTHCR_1_PCNSB1,DA,2025-07-02,19,66.5,61.31,energy
AWD-01168,PUTHCR_1_PCNSB1,DA,2025-07-02,20,82.8,43.6,energy
AWD-01169,PUTHCR_1_PCNSB1,DA,2025-07-02,21,60.3,19.4,energy
AWD-01170,PUTHCR_1_PCNSB1,DA,2025-07-02,22,82.4,62.11,energy
AWD-01171,PUTHCR_1_PCNSB1,DA,2025-07-02,23,80.0,64.77,energy
AWD-01172,PUTHCR_1_PCNSB1,DA,2025-07-02,24,35.8,26.29,energy
AWD-01173,PUTHCR_1_PCNSB1,DA,2025-07-03,1,49.1,58.37,energy
AWD-01174,PUTHCR_1_PCNSB1,DA,2025-07-03,2,92.3,77.69,energy
AWD-01175,PUTHCR_1_PCNSB1,DA,2025-07-03,3,69.4,51.08,energy
AWD-01176,PUTHCR_1_PCNSB1,DA,2025-07-03,4,51.6,11.51,energy
AWD-01177,PUTHCR_1_PCNSB1,DA,2025-07-03,6,48.2,70.44,energy
AWD-01178,PUTHCR_1_PCNSB1,DA,2025-07-03,7,70.2,72.66,energy
AWD-01179,PUTHCR_1_PCNSB1,DA,2025-07-03,9,64.8,47.53,energy
AWD-01180,PUTHCR_1_PCNSB1,DA,2025-07-03,10,30.9,72.44,energy
AWD-01181,PUTHCR_1_PCNSB1,DA,2025-07-03,11,42.3,69.06,energy
AWD-01182,PUTHCR_1_PCNSB1,DA,2025-07-03,12,81.1,54.48,energy
AWD-01183,PUTHCR_1_PCNSB1,DA,2025-07-03,13,38.4,67.42,energy
AWD-01184,PUTHCR_1_PCNSB1,DA,2025-07-03,14,44.0,29.49,energy
AWD-01185,PUTHCR_1_PCNSB1,DA,2025-07-03,15,58.2,61.02,energy
AWD-01186,PUTHCR_1_PCNSB1,DA,2025-07-03,16,91.8,37.46,energy
AWD-01187,PUTHCR_1_PCNSB1,DA,2025-07-03,19,71.5,31.5,energy
AWD-01188,PUTHCR_1_PCNSB1,DA,2025-07-03,20,86.0,69.53,energy
AWD-01189,PUTHCR_1_PCNSB1,DA,2025-07-03,21,61.9,33.46,energy
AWD-01190,PUTHCR_1_PCNSB1,DA,2025-07-03,22,88.2,43.18,energy
AWD-01191,PUTHCR_1_PCNSB1,DA,2025-07-03,24,76.3,20.83,energy
AWD-01192,PUTHCR_1_PCNSB1,DA,2025-07-04,1,49.1,29.46,energy
AWD-01193,PUTHCR_1_PCNSB1,DA,2025-07-04,3,44.0,46.06,energy
AWD-01194,PUTHCR_1_PCNSB1,DA,2025-07-04,4,31.6,25.17,REG
AWD-01195,PUTHCR_1_PCNSB1,DA,2025-07-04,5,76.4,53.85,energy
AWD-01196,PUTHCR_1_PCNSB1,DA,2025-07-04,6,60.6,37.76,energy
AWD-01197,PUTHCR_1_PCNSB1,DA,2025-07-04,7,92.2,29.1,energy
AWD-01198,PUTHCR_1_PCNSB1,DA,2025-07-04,8,49.0,56.81,energy
AWD-01199,PUTHCR_1_PCNSB1,DA,2025-07-04,9,39.1,55.47,energy
AWD-01200,PUTHCR_1_PCNSB1,DA,2025-07-04,11,87.0,33.05,energy
AWD-01201,PUTHCR_1_PCNSB1,DA,2025-07-04,12,35.1,41.73,energy
AWD-01202,PUTHCR_1_PCNSB1,DA,2025-07-04,13,59.9,65.38,energy
AWD-01203,PUTHCR_1_PCNSB1,DA,2025-07-04,15,65.6,63.88,energy
AWD-01204,PUTHCR_1_PCNSB1,DA,2025-07-04,16,60.3,59.99,energy
AWD-01205,PUTHCR_1_PCNSB1,DA,2025-07-04,18,57.1,29.25,energy
AWD-01206,PUTHCR_1_PCNSB1,DA,2025-07-04,19,68.3,49.21,energy
AWD-01207,PUTHCR_1_PCNSB1,DA,2025-07-04,20,32.0,49.69,energy
AWD-01208,PUTHCR_1_PCNSB1,DA,2025-07-04,23,85.1,66.66,REG
AWD-01209,PUTHCR_1_PCNSB1,DA,2025-07-04,24,31.4,26.51,energy
AWD-01210,PUTHCR_1_PCNSB1,DA,2025-07-05,1,43.8,26.13,energy
AWD-01211,PUTHCR_1_PCNSB1,DA,2025-07-05,3,80.8,56.89,energy
AWD-01212,PUTHCR_1_PCNSB1,DA,2025-07-05,4,48.1,32.71,energy
AWD-01213,PUTHCR_1_PCNSB1,DA,2025-07-05,5,50.5,79.64,energy
AWD-01214,PUTHCR_1_PCNSB1,DA,2025-07-05,7,47.2,53.67,energy
AWD-01215,PUTHCR_1_PCNSB1,DA,2025-07-05,8,59.1,64.16,energy
AWD-01216,PUTHCR_1_PCNSB1,DA,2025-07-05,10,81.6,42.04,energy
AWD-01217,PUTHCR_1_PCNSB1,DA,2025-07-05,11,42.3,76.4,energy
AWD-01218,PUTHCR_1_PCNSB1,DA,2025-07-05,13,94.6,71.06,energy
AWD-01219,PUTHCR_1_PCNSB1,DA,2025-07-05,14,87.6,25.54,energy
AWD-01220,PUTHCR_1_PCNSB1,DA,2025-07-05,15,30.5,58.16,REG
AWD-01221,PUTHCR_1_PCNSB1,DA,2025-07-05,16,55.5,34.69,energy
AWD-01222,PUTHCR_1_PCNSB1,DA,2025-07-05,17,35.3,42.17,energy
AWD-01223,PUTHCR_1_PCNSB1,DA,2025-07-05,18,43.9,51.34,energy
AWD-01224,PUTHCR_1_PCNSB1,DA,2025-07-05,19,46.3,51.13,energy
AWD-01225,PUTHCR_1_PCNSB1,DA,2025-07-05,20,68.0,19.57,energy
AWD-01226,PUTHCR_1_PCNSB1,DA,2025-07-05,21,74.8,66.87,energy
AWD-01227,PUTHCR_1_PCNSB1,DA,2025-07-05,22,35.0,41.37,energy
AWD-01228,PUTHCR_1_PCNSB1,DA,2025-07-05,23,70.6,33.89,energy
AWD-01229,PUTHCR_1_PCNSB1,DA,2025-07-05,24,56.0,78.59,energy
AWD-01230,PUTHCR_1_PCNSB1,DA,2025-07-06,1,65.9,44.43,energy
AWD-01231,PUTHCR_1_PCNSB1,DA,2025-07-06,2,80.4,32.76,energy
AWD-01232,PUTHCR_1_PCNSB1,DA,2025-07-06,3,77.3,47.29,energy
AWD-01233,PUTHCR_1_PCNSB1,DA,2025-07-06,4,35.2,58.04,energy
AWD-01234,PUTHCR_1_PCNSB1,DA,2025-07-06,5,53.9,46.93,energy
AWD-01235,PUTHCR_1_PCNSB1,DA,2025-07-06,7,42.6,16.45,energy
AWD-01236,PUTHCR_1_PCNSB1,DA,2025-07-06,8,43.7,63.0,energy
AWD-01237,PUTHCR_1_PCNSB1,DA,2025-07-06,9,37.1,74.52,REG
AWD-01238,PUTHCR_1_PCNSB1,DA,2025-07-06,11,34.0,21.39,energy
AWD-01239,PUTHCR_1_PCNSB1,DA,2025-07-06,12,59.9,44.13,energy
AWD-01240,PUTHCR_1_PCNSB1,DA,2025-07-06,13,60.7,61.51,energy
AWD-01241,PUTHCR_1_PCNSB1,DA,2025-07-06,14,37.3,31.58,energy
AWD-01242,PUTHCR_1_PCNSB1,DA,2025-07-06,15,82.1,13.11,energy
AWD-01243,PUTHCR_1_PCNSB1,DA,2025-07-06,16,77.1,30.06,energy
AWD-01244,PUTHCR_1_PCNSB1,DA,2025-07-06,17,72.8,68.07,REG
AWD-01245,PUTHCR_1_PCNSB1,DA,2025-07-06,18,52.6,49.82,energy
AWD-01246,PUTHCR_1_PCNSB1,DA,2025-07-06,19,35.4,16.79,energy
AWD-01247,PUTHCR_1_PCNSB1,DA,2025-07-06,21,68.0,20.48,energy
AWD-01248,PUTHCR_1_PCNSB1,DA,2025-07-06,22,49.6,16.45,energy
AWD-01249,PUTHCR_1_PCNSB1,DA,2025-07-06,23,33.4,22.78,energy
AWD-01250,PUTHCR_1_PCNSB1,DA,2025-07-06,24,78.2,46.9,REG
AWD-01251,PUTHCR_1_PCNSB1,DA,2025-07-07,1,51.8,17.29,energy
AWD-01252,PUTHCR_1_PCNSB1,DA,2025-07-07,2,93.5,78.46,energy
AWD-01253,PUTHCR_1_PCNSB1,DA,2025-07-07,3,67.9,20.37,energy
AWD-01254,PUTHCR_1_PCNSB1,DA,2025-07-07,4,44.1,67.86,energy
AWD-01255,PUTHCR_1_PCNSB1,DA,2025-07-07,5,52.1,51.86,energy
AWD-01256,PUTHCR_1_PCNSB1,DA,2025-07-07,6,80.0,76.97,energy
AWD-01257,PUTHCR_1_PCNSB1,DA,2025-07-07,8,90.3,75.98,energy
AWD-01258,PUTHCR_1_PCNSB1,DA,2025-07-07,9,66.8,54.09,energy
AWD-01259,PUTHCR_1_PCNSB1,DA,2025-07-07,10,60.8,63.79,energy
AWD-01260,PUTHCR_1_PCNSB1,DA,2025-07-07,12,64.3,34.21,energy
AWD-01261,PUTHCR_1_PCNSB1,DA,2025-07-07,13,76.0,49.49,energy
AWD-01262,PUTHCR_1_PCNSB1,DA,2025-07-07,14,79.2,45.59,energy
AWD-01263,PUTHCR_1_PCNSB1,DA,2025-07-07,15,70.2,52.85,REG
AWD-01264,PUTHCR_1_PCNSB1,DA,2025-07-07,17,81.6,18.94,energy
AWD-01265,PUTHCR_1_PCNSB1,DA,2025-07-07,18,73.9,71.94,energy
AWD-01266,PUTHCR_1_PCNSB1,DA,2025-07-07,19,52.7,51.49,energy
AWD-01267,PUTHCR_1_PCNSB1,DA,2025-07-07,20,82.7,23.77,energy
AWD-01268,PUTHCR_1_PCNSB1,DA,2025-07-07,21,59.8,36.6,energy
AWD-01269,PUTHCR_1_PCNSB1,DA,2025-07-07,22,65.9,46.32,REG
AWD-01270,PUTHCR_1_PCNSB1,DA,2025-07-07,23,50.3,63.08,energy
AWD-01271,PUTHCR_1_PCNSB1,DA,2025-07-07,24,48.1,14.12,energy
AWD-01272,KRAMER_1_R1BX3,DA,2025-07-01,1,74.0,15.24,energy
AWD-01273,KRAMER_1_R1BX3,DA,2025-07-01,2,55.1,63.72,energy
AWD-01274,KRAMER_1_R1BX3,DA,2025-07-01,3,76.6,35.76,energy
AWD-01275,KRAMER_1_R1BX3,DA,2025-07-01,4,87.9,69.92,energy
AWD-01276,KRAMER_1_R1BX3,DA,2025-07-01,5,63.7,11.72,energy
AWD-01277,KRAMER_1_R1BX3,DA,2025-07-01,7,68.8,31.87,energy
AWD-01278,KRAMER_1_R1BX3,DA,2025-07-01,8,86.4,54.53,energy
AWD-01279,KRAMER_1_R1BX3,DA,2025-07-01,9,34.6,30.68,energy
AWD-01280,KRAMER_1_R1BX3,DA,2025-07-01,10,32.9,31.32,energy
AWD-01281,KRAMER_1_R1BX3,DA,2025-07-01,11,93.6,50.51,energy
AWD-01282,KRAMER_1_R1BX3,DA,2025-07-01,12,55.5,42.82,energy
AWD-01283,KRAMER_1_R1BX3,DA,2025-07-01,13,87.2,21.39,energy
AWD-01284,KRAMER_1_R1BX3,DA,2025-07-01,14,88.6,26.82,energy
AWD-01285,KRAMER_1_R1BX3,DA,2025-07-01,15,30.9,56.41,energy
AWD-01286,KRAMER_1_R1BX3,DA,2025-07-01,16,68.1,64.43,energy
AWD-01287,KRAMER_1_R1BX3,DA,2025-07-01,17,44.9,11.35,energy
AWD-01288,KRAMER_1_R1BX3,DA,2025-07-01,19,54.3,56.64,REG
AWD-01289,KRAMER_1_R1BX3,DA,2025-07-01,21,52.2,47.07,energy
AWD-01290,KRAMER_1_R1BX3,DA,2025-07-01,22,61.5,72.37,energy
AWD-01291,KRAMER_1_R1BX3,DA,2025-07-01,23,90.0,43.2,energy
AWD-01292,KRAMER_1_R1BX3,DA,2025-07-01,24,91.5,27.63,energy
AWD-01293,KRAMER_1_R1BX3,DA,2025-07-02,1,73.8,11.14,energy
AWD-01294,KRAMER_1_R1BX3,DA,2025-07-02,2,36.4,10.07,energy
AWD-01295,KRAMER_1_R1BX3,DA,2025-07-02,3,37.4,69.76,energy
AWD-01296,KRAMER_1_R1BX3,DA,2025-07-02,4,62.1,44.51,energy
AWD-01297,KRAMER_1_R1BX3,DA,2025-07-02,5,76.6,34.75,energy
AWD-01298,KRAMER_1_R1BX3,DA,2025-07-02,6,61.2,59.67,energy
AWD-01299,KRAMER_1_R1BX3,DA,2025-07-02,7,59.7,22.45,energy
AWD-01300,KRAMER_1_R1BX3,DA,2025-07-02,8,42.0,18.33,energy
AWD-01301,KRAMER_1_R1BX3,DA,2025-07-02,9,77.6,40.98,energy
AWD-01302,KRAMER_1_R1BX3,DA,2025-07-02,10,72.6,67.57,energy
AWD-01303,KRAMER_1_R1BX3,DA,2025-07-02,12,47.7,47.99,energy
AWD-01304,KRAMER_1_R1BX3,DA,2025-07-02,13,57.0,66.86,energy
AWD-01305,KRAMER_1_R1BX3,DA,2025-07-02,14,33.4,42.14,energy
AWD-01306,KRAMER_1_R1BX3,DA,2025-07-02,15,40.4,25.47,energy
AWD-01307,KRAMER_1_R1BX3,DA,2025-07-02,16,45.7,26.81,energy
AWD-01308,KRAMER_1_R1BX3,DA,2025-07-02,17,87.2,19.09,energy
AWD-01309,KRAMER_1_R1BX3,DA,2025-07-02,20,66.3,22.6,energy
AWD-01310,KRAMER_1_R1BX3,DA,2025-07-02,22,59.9,49.51,REG
AWD-01311,KRAMER_1_R1BX3,DA,2025-07-02,23,42.9,32.59,energy
AWD-01312,KRAMER_1_R1BX3,DA,2025-07-02,24,34.7,16.77,energy
AWD-01313,KRAMER_1_R1BX3,DA,2025-07-03,1,63.1,26.3,energy
AWD-01314,KRAMER_1_R1BX3,DA,2025-07-03,2,49.6,21.67,energy
AWD-01315,KRAMER_1_R1BX3,DA,2025-07-03,3,72.3,59.41,energy
AWD-01316,KRAMER_1_R1BX3,DA,2025-07-03,4,91.4,14.72,energy
AWD-01317,KRAMER_1_R1BX3,DA,2025-07-03,5,39.7,31.61,energy
AWD-01318,KRAMER_1_R1BX3,DA,2025-07-03,6,72.0,18.48,energy
AWD-01319,KRAMER_1_R1BX3,DA,2025-07-03,7,50.2,66.01,energy
AWD-01320,KRAMER_1_R1BX3,DA,2025-07-03,8,48.0,72.43,energy
AWD-01321,KRAMER_1_R1BX3,DA,2025-07-03,9,93.5,17.6,energy
AWD-01322,KRAMER_1_R1BX3,DA,2025-07-03,10,40.4,35.57,energy
AWD-01323,KRAMER_1_R1BX3,DA,2025-07-03,12,39.0,25.57,energy
AWD-01324,KRAMER_1_R1BX3,DA,2025-07-03,13,88.8,62.65,energy
AWD-01325,KRAMER_1_R1BX3,DA,2025-07-03,14,37.8,26.66,energy
AWD-01326,KRAMER_1_R1BX3,DA,2025-07-03,15,75.1,52.34,energy
AWD-01327,KRAMER_1_R1BX3,DA,2025-07-03,16,75.4,41.9,REG
AWD-01328,KRAMER_1_R1BX3,DA,2025-07-03,17,43.2,13.37,energy
AWD-01329,KRAMER_1_R1BX3,DA,2025-07-03,18,94.8,62.65,energy
AWD-01330,KRAMER_1_R1BX3,DA,2025-07-03,21,33.7,74.5,energy
AWD-01331,KRAMER_1_R1BX3,DA,2025-07-03,22,61.3,35.38,energy
AWD-01332,KRAMER_1_R1BX3,DA,2025-07-03,23,72.6,22.08,energy
AWD-01333,KRAMER_1_R1BX3,DA,2025-07-03,24,61.2,74.17,energy
AWD-01334,KRAMER_1_R1BX3,DA,2025-07-04,1,85.2,73.83,energy
AWD-01335,KRAMER_1_R1BX3,DA,2025-07-04,2,92.8,52.86,energy
AWD-01336,KRAMER_1_R1BX3,DA,2025-07-04,5,40.5,45.37,energy
AWD-01337,KRAMER_1_R1BX3,DA,2025-07-04,6,51.0,30.09,energy
AWD-01338,KRAMER_1_R1BX3,DA,2025-07-04,7,48.1,30.98,energy
AWD-01339,KRAMER_1_R1BX3,DA,2025-07-04,8,47.1,64.31,energy
AWD-01340,KRAMER_1_R1BX3,DA,2025-07-04,9,53.6,38.15,energy
AWD-01341,KRAMER_1_R1BX3,DA,2025-07-04,11,77.6,43.92,REG
AWD-01342,KRAMER_1_R1BX3,DA,2025-07-04,12,75.9,26.9,energy
AWD-01343,KRAMER_1_R1BX3,DA,2025-07-04,13,47.8,24.75,energy
AWD-01344,KRAMER_1_R1BX3,DA,2025-07-04,14,30.6,19.47,energy
AWD-01345,KRAMER_1_R1BX3,DA,2025-07-04,15,72.6,29.88,energy
AWD-01346,KRAMER_1_R1BX3,DA,2025-07-04,16,50.0,46.59,energy
AWD-01347,KRAMER_1_R1BX3,DA,2025-07-04,17,42.8,26.35,energy
AWD-01348,KRAMER_1_R1BX3,DA,2025-07-04,18,51.9,54.46,energy
AWD-01349,KRAMER_1_R1BX3,DA,2025-07-04,19,74.6,13.97,REG
AWD-01350,KRAMER_1_R1BX3,DA,2025-07-04,20,81.8,12.61,energy
AWD-01351,KRAMER_1_R1BX3,DA,2025-07-04,22,81.0,61.23,REG
AWD-01352,KRAMER_1_R1BX3,DA,2025-07-04,23,87.8,60.74,energy
AWD-01353,KRAMER_1_R1BX3,DA,2025-07-05,1,60.9,41.14,REG
AWD-01354,KRAMER_1_R1BX3,DA,2025-07-05,3,56.2,23.02,energy
AWD-01355,KRAMER_1_R1BX3,DA,2025-07-05,4,74.2,18.07,energy
AWD-01356,KRAMER_1_R1BX3,DA,2025-07-05,5,56.4,49.63,energy
AWD-01357,KRAMER_1_R1BX3,DA,2025-07-05,6,75.0,49.92,energy
AWD-01358,KRAMER_1_R1BX3,DA,2025-07-05,7,53.3,24.53,energy
AWD-01359,KRAMER_1_R1BX3,DA,2025-07-05,8,64.9,54.62,energy
AWD-01360,KRAMER_1_R1BX3,DA,2025-07-05,9,37.2,67.44,REG
AWD-01361,KRAMER_1_R1BX3,DA,2025-07-05,10,59.9,46.37,energy
AWD-01362,KRAMER_1_R1BX3,DA,2025-07-05,11,57.8,56.09,energy
AWD-01363,KRAMER_1_R1BX3,DA,2025-07-05,12,46.8,30.3,energy
AWD-01364,KRAMER_1_R1BX3,DA,2025-07-05,13,73.4,37.05,energy
AWD-01365,KRAMER_1_R1BX3,DA,2025-07-05,14,81.4,22.03,energy
AWD-01366,KRAMER_1_R1BX3,DA,2025-07-05,15,55.4,54.64,energy
AWD-01367,KRAMER_1_R1BX3,DA,2025-07-05,16,70.0,56.35,energy
AWD-01368,KRAMER_1_R1BX3,DA,2025-07-05,17,38.9,43.27,energy
AWD-01369,KRAMER_1_R1BX3,DA,2025-07-05,19,89.3,22.63,energy
AWD-01370,KRAMER_1_R1BX3,DA,2025-07-05,20,82.2,23.48,energy
AWD-01371,KRAMER_1_R1BX3,DA,2025-07-05,22,46.0,33.02,energy
AWD-01372,KRAMER_1_R1BX3,DA,2025-07-05,23,82.8,44.15,REG
AWD-01373,KRAMER_1_R1BX3,DA,2025-07-05,24,88.6,52.44,energy
AWD-01374,KRAMER_1_R1BX3,DA,2025-07-06,1,34.8,29.09,energy
AWD-01375,KRAMER_1_R1BX3,DA,2025-07-06,3,35.4,12.28,energy
AWD-01376,KRAMER_1_R1BX3,DA,2025-07-06,4,59.2,33.01,energy
AWD-01377,KRAMER_1_R1BX3,DA,2025-07-06,5,89.9,63.44,energy
AWD-01378,KRAMER_1_R1BX3,DA,2025-07-06,6,46.2,10.19,energy
AWD-01379,KRAMER_1_R1BX3,DA,2025-07-06,7,30.7,34.69,energy
AWD-01380,KRAMER_1_R1BX3,DA,2025-07-06,8,90.2,46.52,energy
AWD-01381,KRAMER_1_R1BX3,DA,2025-07-06,10,53.6,31.11,energy
AWD-01382,KRAMER_1_R1BX3,DA,2025-07-06,11,76.9,63.64,energy
AWD-01383,KRAMER_1_R1BX3,DA,2025-07-06,12,72.6,19.67,energy
AWD-01384,KRAMER_1_R1BX3,DA,2025-07-06,13,46.6,78.33,energy
AWD-01385,KRAMER_1_R1BX3,DA,2025-07-06,14,46.2,39.81,energy
AWD-01386,KRAMER_1_R1BX3,DA,2025-07-06,15,66.5,25.8,energy
AWD-01387,KRAMER_1_R1BX3,DA,2025-07-06,16,44.1,69.21,energy
AWD-01388,KRAMER_1_R1BX3,DA,2025-07-06,17,68.0,35.16,energy
AWD-01389,KRAMER_1_R1BX3,DA,2025-07-06,18,72.1,24.44,energy
AWD-01390,KRAMER_1_R1BX3,DA,2025-07-06,19,87.0,59.21,energy
AWD-01391,KRAMER_1_R1BX3,DA,2025-07-06,20,50.9,63.96,energy
AWD-01392,KRAMER_1_R1BX3,DA,2025-07-06,23,91.4,65.08,energy
AWD-01393,KRAMER_1_R1BX3,DA,2025-07-07,1,87.4,34.91,energy
AWD-01394,KRAMER_1_R1BX3,DA,2025-07-07,2,58.4,63.92,energy
AWD-01395,KRAMER_1_R1BX3,DA,2025-07-07,3,84.6,41.58,energy
AWD-01396,KRAMER_1_R1BX3,DA,2025-07-07,4,51.0,75.76,energy
AWD-01397,KRAMER_1_R1BX3,DA,2025-07-07,5,37.6,20.1,energy
AWD-01398,KRAMER_1_R1BX3,DA,2025-07-07,6,66.0,65.16,energy
AWD-01399,KRAMER_1_R1BX3,DA,2025-07-07,7,47.7,37.87,energy
AWD-01400,KRAMER_1_R1BX3,DA,2025-07-07,9,61.8,19.15,energy
AWD-01401,KRAMER_1_R1BX3,DA,2025-07-07,11,58.6,62.27,energy
AWD-01402,KRAMER_1_R1BX3,DA,2025-07-07,13,58.5,74.46,energy
AWD-01403,KRAMER_1_R1BX3,DA,2025-07-07,15,87.6,51.19,energy
AWD-01404,KRAMER_1_R1BX3,DA,2025-07-07,16,84.6,76.21,energy
AWD-01405,KRAMER_1_R1BX3,DA,2025-07-07,17,52.3,32.32,energy
AWD-01406,KRAMER_1_R1BX3,DA,2025-07-07,18,64.2,21.04,energy
AWD-01407,KRAMER_1_R1BX3,DA,2025-07-07,19,50.2,28.02,energy
AWD-01408,KRAMER_1_R1BX3,DA,2025-07-07,20,77.8,61.91,REG
AWD-01409,KRAMER_1_R1BX3,DA,2025-07-07,21,52.9,15.58,energy
AWD-01410,KRAMER_1_R1BX3,DA,2025-07-07,22,45.3,29.47,energy
AWD-01411,KRAMER_1_R1BX3,DA,2025-07-07,23,87.1,62.19,energy
AWD-01412,KRAMER_1_R1BX3,DA,2025-07-07,24,79.8,60.83,energy
AWD-01413,KRAMER_1_R1PX3,DA,2025-07-01,1,28.7,44.02,energy
AWD-01414,KRAMER_1_R1PX3,DA,2025-07-01,2,52.8,11.37,energy
AWD-01415,KRAMER_1_R1PX3,DA,2025-07-01,3,44.5,76.46,energy
AWD-01416,KRAMER_1_R1PX3,DA,2025-07-01,4,22.8,25.18,energy
AWD-01417,KRAMER_1_R1PX3,DA,2025-07-01,5,41.8,20.35,energy
AWD-01418,KRAMER_1_R1PX3,DA,2025-07-01,6,43.9,78.7,energy
AWD-01419,KRAMER_1_R1PX3,DA,2025-07-01,7,58.5,60.37,energy
AWD-01420,KRAMER_1_R1PX3,DA,2025-07-01,8,45.6,65.52,energy
AWD-01421,KRAMER_1_R1PX3,DA,2025-07-01,9,54.1,34.86,energy
AWD-01422,KRAMER_1_R1PX3,DA,2025-07-01,11,68.0,19.27,REG
AWD-01423,KRAMER_1_R1PX3,DA,2025-07-01,12,58.7,71.61,energy
AWD-01424,KRAMER_1_R1PX3,DA,2025-07-01,13,38.1,66.28,energy
AWD-01425,KRAMER_1_R1PX3,DA,2025-07-01,14,35.8,58.1,energy
AWD-01426,KRAMER_1_R1PX3,DA,2025-07-01,16,60.7,31.98,energy
AWD-01427,KRAMER_1_R1PX3,DA,2025-07-01,17,54.4,55.91,energy
AWD-01428,KRAMER_1_R1PX3,DA,2025-07-01,21,40.0,76.13,energy
AWD-01429,KRAMER_1_R1PX3,DA,2025-07-01,22,48.0,39.67,energy
AWD-01430,KRAMER_1_R1PX3,DA,2025-07-01,24,66.1,45.28,energy
AWD-01431,KRAMER_1_R1PX3,DA,2025-07-02,1,43.8,55.55,energy
AWD-01432,KRAMER_1_R1PX3,DA,2025-07-02,2,50.1,42.53,REG
AWD-01433,KRAMER_1_R1PX3,DA,2025-07-02,3,38.1,50.19,energy
AWD-01434,KRAMER_1_R1PX3,DA,2025-07-02,4,62.1,22.46,energy
AWD-01435,KRAMER_1_R1PX3,DA,2025-07-02,5,50.2,37.04,energy
AWD-01436,KRAMER_1_R1PX3,DA,2025-07-02,6,33.9,51.08,energy
AWD-01437,KRAMER_1_R1PX3,DA,2025-07-02,7,42.7,14.42,energy
AWD-01438,KRAMER_1_R1PX3,DA,2025-07-02,8,48.9,66.53,energy
AWD-01439,KRAMER_1_R1PX3,DA,2025-07-02,10,32.6,64.77,energy
AWD-01440,KRAMER_1_R1PX3,DA,2025-07-02,11,47.7,24.36,energy
AWD-01441,KRAMER_1_R1PX3,DA,2025-07-02,12,39.9,74.86,REG
AWD-01442,KRAMER_1_R1PX3,DA,2025-07-02,13,45.1,69.87,energy
AWD-01443,KRAMER_1_R1PX3,DA,2025-07-02,14,36.8,52.04,energy
AWD-01444,KRAMER_1_R1PX3,DA,2025-07-02,15,39.6,31.48,energy
AWD-01445,KRAMER_1_R1PX3,DA,2025-07-02,16,36.2,49.77,energy
AWD-01446,KRAMER_1_R1PX3,DA,2025-07-02,17,23.4,20.25,energy
AWD-01447,KRAMER_1_R1PX3,DA,2025-07-02,18,65.0,17.05,energy
AWD-01448,KRAMER_1_R1PX3,DA,2025-07-02,19,52.1,15.49,energy
AWD-01449,KRAMER_1_R1PX3,DA,2025-07-02,21,24.6,41.62,energy
AWD-01450,KRAMER_1_R1PX3,DA,2025-07-02,22,65.8,59.08,energy
AWD-01451,KRAMER_1_R1PX3,DA,2025-07-02,24,25.0,29.95,energy
AWD-01452,KRAMER_1_R1PX3,DA,2025-07-03,1,56.3,30.49,energy
AWD-01453,KRAMER_1_R1PX3,DA,2025-07-03,2,69.3,32.32,energy
AWD-01454,KRAMER_1_R1PX3,DA,2025-07-03,3,68.9,59.97,energy
AWD-01455,KRAMER_1_R1PX3,DA,2025-07-03,5,54.4,42.72,energy
AWD-01456,KRAMER_1_R1PX3,DA,2025-07-03,6,60.8,36.69,REG
AWD-01457,KRAMER_1_R1PX3,DA,2025-07-03,7,56.1,75.7,energy
AWD-01458,KRAMER_1_R1PX3,DA,2025-07-03,8,68.5,17.96,energy
AWD-01459,KRAMER_1_R1PX3,DA,2025-07-03,9,40.2,58.64,energy
AWD-01460,KRAMER_1_R1PX3,DA,2025-07-03,10,68.8,75.11,REG
AWD-01461,KRAMER_1_R1PX3,DA,2025-07-03,11,25.4,69.03,energy
AWD-01462,KRAMER_1_R1PX3,DA,2025-07-03,13,64.4,14.61,energy
AWD-01463,KRAMER_1_R1PX3,DA,2025-07-03,14,61.3,52.22,energy
AWD-01464,KRAMER_1_R1PX3,DA,2025-07-03,17,49.7,57.85,energy
AWD-01465,KRAMER_1_R1PX3,DA,2025-07-03,20,39.2,64.76,energy
AWD-01466,KRAMER_1_R1PX3,DA,2025-07-03,21,57.6,16.65,energy
AWD-01467,KRAMER_1_R1PX3,DA,2025-07-03,22,24.5,25.97,energy
AWD-01468,KRAMER_1_R1PX3,DA,2025-07-03,23,30.1,12.72,energy
AWD-01469,KRAMER_1_R1PX3,DA,2025-07-03,24,66.3,27.8,energy
AWD-01470,KRAMER_1_R1PX3,DA,2025-07-04,1,24.3,50.09,energy
AWD-01471,KRAMER_1_R1PX3,DA,2025-07-04,2,50.6,43.64,energy
AWD-01472,KRAMER_1_R1PX3,DA,2025-07-04,3,37.7,23.71,energy
AWD-01473,KRAMER_1_R1PX3,DA,2025-07-04,4,43.5,39.37,energy
AWD-01474,KRAMER_1_R1PX3,DA,2025-07-04,5,27.6,10.1,energy
AWD-01475,KRAMER_1_R1PX3,DA,2025-07-04,6,65.2,44.71,energy
AWD-01476,KRAMER_1_R1PX3,DA,2025-07-04,7,54.3,17.39,energy
AWD-01477,KRAMER_1_R1PX3,DA,2025-07-04,8,55.9,42.18,energy
AWD-01478,KRAMER_1_R1PX3,DA,2025-07-04,9,40.6,66.21,energy
AWD-01479,KRAMER_1_R1PX3,DA,2025-07-04,10,41.0,34.32,energy
AWD-01480,KRAMER_1_R1PX3,DA,2025-07-04,11,58.0,56.84,energy
AWD-01481,KRAMER_1_R1PX3,DA,2025-07-04,12,70.4,36.52,energy
AWD-01482,KRAMER_1_R1PX3,DA,2025-07-04,13,69.6,34.66,REG
AWD-01483,KRAMER_1_R1PX3,DA,2025-07-04,14,54.9,17.61,energy
AWD-01484,KRAMER_1_R1PX3,DA,2025-07-04,16,65.2,38.9,energy
AWD-01485,KRAMER_1_R1PX3,DA,2025-07-04,18,36.9,62.88,energy
AWD-01486,KRAMER_1_R1PX3,DA,2025-07-04,21,58.5,67.68,REG
AWD-01487,KRAMER_1_R1PX3,DA,2025-07-04,22,30.1,70.03,energy
AWD-01488,KRAMER_1_R1PX3,DA,2025-07-04,23,68.9,15.54,energy
AWD-01489,KRAMER_1_R1PX3,DA,2025-07-04,24,35.2,30.03,energy
AWD-01490,KRAMER_1_R1PX3,DA,2025-07-05,1,54.3,60.41,energy
AWD-01491,KRAMER_1_R1PX3,DA,2025-07-05,2,37.9,63.88,energy
AWD-01492,KRAMER_1_R1PX3,DA,2025-07-05,3,45.2,31.71,energy
AWD-01493,KRAMER_1_R1PX3,DA,2025-07-05,4,39.8,16.86,energy
AWD-01494,KRAMER_1_R1PX3,DA,2025-07-05,5,30.0,43.53,energy
AWD-01495,KRAMER_1_R1PX3,DA,2025-07-05,6,58.9,46.08,energy
AWD-01496,KRAMER_1_R1PX3,DA,2025-07-05,7,24.2,38.87,energy
AWD-01497,KRAMER_1_R1PX3,DA,2025-07-05,8,53.7,65.39,energy
AWD-01498,KRAMER_1_R1PX3,DA,2025-07-05,9,43.9,77.06,energy
AWD-01499,KRAMER_1_R1PX3,DA,2025-07-05,10,59.5,41.26,energy
AWD-01500,KRAMER_1_R1PX3,DA,2025-07-05,11,70.5,46.48,energy
AWD-01501,KRAMER_1_R1PX3,DA,2025-07-05,12,66.7,40.84,energy
AWD-01502,KRAMER_1_R1PX3,DA,2025-07-05,13,37.0,12.31,REG
AWD-01503,KRAMER_1_R1PX3,DA,2025-07-05,14,29.7,70.1,energy
AWD-01504,KRAMER_1_R1PX3,DA,2025-07-05,15,60.8,31.1,energy
AWD-01505,KRAMER_1_R1PX3,DA,2025-07-05,16,64.1,60.31,energy
AWD-01506,KRAMER_1_R1PX3,DA,2025-07-05,17,69.3,55.96,energy
AWD-01507,KRAMER_1_R1PX3,DA,2025-07-05,18,69.9,36.54,energy
AWD-01508,KRAMER_1_R1PX3,DA,2025-07-05,19,52.1,74.38,energy
AWD-01509,KRAMER_1_R1PX3,DA,2025-07-05,20,27.8,24.65,energy
AWD-01510,KRAMER_1_R1PX3,DA,2025-07-05,21,49.7,30.47,energy
AWD-01511,KRAMER_1_R1PX3,DA,2025-07-05,22,26.0,29.06,energy
AWD-01512,KRAMER_1_R1PX3,DA,2025-07-05,23,62.7,67.61,energy
AWD-01513,KRAMER_1_R1PX3,DA,2025-07-05,24,23.5,67.7,energy
AWD-01514,KRAMER_1_R1PX3,DA,2025-07-06,1,60.3,68.86,energy
AWD-01515,KRAMER_1_R1PX3,DA,2025-07-06,2,52.3,38.15,energy
AWD-01516,KRAMER_1_R1PX3,DA,2025-07-06,4,59.5,62.39,REG
AWD-01517,KRAMER_1_R1PX3,DA,2025-07-06,5,70.0,21.08,energy
AWD-01518,KRAMER_1_R1PX3,DA,2025-07-06,6,63.9,46.04,energy
AWD-01519,KRAMER_1_R1PX3,DA,2025-07-06,7,61.8,43.45,energy
AWD-01520,KRAMER_1_R1PX3,DA,2025-07-06,10,69.5,45.87,energy
AWD-01521,KRAMER_1_R1PX3,DA,2025-07-06,12,32.0,27.91,energy
AWD-01522,KRAMER_1_R1PX3,DA,2025-07-06,14,44.7,39.09,energy
AWD-01523,KRAMER_1_R1PX3,DA,2025-07-06,15,29.0,50.23,energy
AWD-01524,KRAMER_1_R1PX3,DA,2025-07-06,16,58.9,70.92,energy
AWD-01525,KRAMER_1_R1PX3,DA,2025-07-06,17,51.3,15.55,energy
AWD-01526,KRAMER_1_R1PX3,DA,2025-07-06,18,52.4,64.58,energy
AWD-01527,KRAMER_1_R1PX3,DA,2025-07-06,19,58.1,35.43,energy
AWD-01528,KRAMER_1_R1PX3,DA,2025-07-06,20,44.3,52.75,energy
AWD-01529,KRAMER_1_R1PX3,DA,2025-07-06,21,24.9,53.87,energy
AWD-01530,KRAMER_1_R1PX3,DA,2025-07-06,22,28.7,50.54,energy
AWD-01531,KRAMER_1_R1PX3,DA,2025-07-06,23,41.4,27.83,energy
AWD-01532,KRAMER_1_R1PX3,DA,2025-07-06,24,37.7,67.26,energy
AWD-01533,KRAMER_1_R1PX3,DA,2025-07-07,1,53.5,53.34,energy
AWD-01534,KRAMER_1_R1PX3,DA,2025-07-07,2,33.9,22.7,energy
AWD-01535,KRAMER_1_R1PX3,DA,2025-07-07,3,28.7,48.5,energy
AWD-01536,KRAMER_1_R1PX3,DA,2025-07-07,4,61.2,67.82,energy
AWD-01537,KRAMER_1_R1PX3,DA,2025-07-07,5,36.9,11.11,energy
AWD-01538,KRAMER_1_R1PX3,DA,2025-07-07,6,61.9,43.03,energy
AWD-01539,KRAMER_1_R1PX3,DA,2025-07-07,8,40.4,64.1,energy
AWD-01540,KRAMER_1_R1PX3,DA,2025-07-07,10,43.6,61.19,energy
AWD-01541,KRAMER_1_R1PX3,DA,2025-07-07,11,24.7,68.16,energy
AWD-01542,KRAMER_1_R1PX3,DA,2025-07-07,12,34.6,17.28,energy
AWD-01543,KRAMER_1_R1PX3,DA,2025-07-07,14,53.7,44.39,energy
AWD-01544,KRAMER_1_R1PX3,DA,2025-07-07,15,54.7,59.45,energy
AWD-01545,KRAMER_1_R1PX3,DA,2025-07-07,17,38.8,15.79,energy
AWD-01546,KRAMER_1_R1PX3,DA,2025-07-07,18,61.9,35.2,energy
AWD-01547,KRAMER_1_R1PX3,DA,2025-07-07,20,29.7,75.3,energy
AWD-01548,KRAMER_1_R1PX3,DA,2025-07-07,21,65.5,20.9,energy
AWD-01549,KRAMER_1_R1PX3,DA,2025-07-07,22,54.2,54.64,energy
AWD-01550,KRAMER_1_R1PX3,DA,2025-07-07,23,63.6,34.96,energy
AWD-01551,KRAMER_1_R1PX3,DA,2025-07-07,24,70.4,34.78,energy
AWD-01552,RSMNDS_2_CSRBT1,DA,2025-07-01,1,52.2,71.89,energy
AWD-01553,RSMNDS_2_CSRBT1,DA,2025-07-01,2,56.8,70.71,energy
AWD-01554,RSMNDS_2_CSRBT1,DA,2025-07-01,3,62.3,36.66,energy
AWD-01555,RSMNDS_2_CSRBT1,DA,2025-07-01,4,87.8,65.95,energy
AWD-01556,RSMNDS_2_CSRBT1,DA,2025-07-01,5,83.7,25.39,energy
AWD-01557,RSMNDS_2_CSRBT1,DA,2025-07-01,6,39.8,25.98,energy
AWD-01558,RSMNDS_2_CSRBT1,DA,2025-07-01,7,70.4,26.35,energy
AWD-01559,RSMNDS_2_CSRBT1,DA,2025-07-01,8,68.6,29.03,energy
AWD-01560,RSMNDS_2_CSRBT1,DA,2025-07-01,12,90.1,47.92,energy
AWD-01561,RSMNDS_2_CSRBT1,DA,2025-07-01,13,81.1,75.15,energy
AWD-01562,RSMNDS_2_CSRBT1,DA,2025-07-01,14,38.2,32.73,energy
AWD-01563,RSMNDS_2_CSRBT1,DA,2025-07-01,15,76.6,72.37,energy
AWD-01564,RSMNDS_2_CSRBT1,DA,2025-07-01,16,74.4,31.37,energy
AWD-01565,RSMNDS_2_CSRBT1,DA,2025-07-01,17,78.3,66.75,energy
AWD-01566,RSMNDS_2_CSRBT1,DA,2025-07-01,18,67.3,24.1,energy
AWD-01567,RSMNDS_2_CSRBT1,DA,2025-07-01,20,76.0,57.13,energy
AWD-01568,RSMNDS_2_CSRBT1,DA,2025-07-01,21,43.8,61.67,energy
AWD-01569,RSMNDS_2_CSRBT1,DA,2025-07-01,22,54.2,66.84,REG
AWD-01570,RSMNDS_2_CSRBT1,DA,2025-07-01,23,64.3,70.44,energy
AWD-01571,RSMNDS_2_CSRBT1,DA,2025-07-01,24,46.6,21.29,REG
AWD-01572,RSMNDS_2_CSRBT1,DA,2025-07-02,2,76.7,12.04,energy
AWD-01573,RSMNDS_2_CSRBT1,DA,2025-07-02,3,87.4,38.85,energy
AWD-01574,RSMNDS_2_CSRBT1,DA,2025-07-02,4,82.6,33.94,energy
AWD-01575,RSMNDS_2_CSRBT1,DA,2025-07-02,6,75.1,19.17,energy
AWD-01576,RSMNDS_2_CSRBT1,DA,2025-07-02,7,32.9,54.03,energy
AWD-01577,RSMNDS_2_CSRBT1,DA,2025-07-02,8,33.5,11.71,energy
AWD-01578,RSMNDS_2_CSRBT1,DA,2025-07-02,9,48.4,66.09,energy
AWD-01579,RSMNDS_2_CSRBT1,DA,2025-07-02,12,33.4,32.86,energy
AWD-01580,RSMNDS_2_CSRBT1,DA,2025-07-02,13,34.3,36.53,energy
AWD-01581,RSMNDS_2_CSRBT1,DA,2025-07-02,14,54.0,48.74,energy
AWD-01582,RSMNDS_2_CSRBT1,DA,2025-07-02,15,46.5,73.14,energy
AWD-01583,RSMNDS_2_CSRBT1,DA,2025-07-02,16,60.7,65.62,energy
AWD-01584,RSMNDS_2_CSRBT1,DA,2025-07-02,18,41.2,32.29,energy
AWD-01585,RSMNDS_2_CSRBT1,DA,2025-07-02,19,63.8,27.19,energy
AWD-01586,RSMNDS_2_CSRBT1,DA,2025-07-02,20,91.1,44.05,energy
AWD-01587,RSMNDS_2_CSRBT1,DA,2025-07-02,21,67.9,19.14,energy
AWD-01588,RSMNDS_2_CSRBT1,DA,2025-07-02,22,94.9,59.35,energy
AWD-01589,RSMNDS_2_CSRBT1,DA,2025-07-02,23,38.7,22.13,energy
AWD-01590,RSMNDS_2_CSRBT1,DA,2025-07-02,24,73.8,66.58,energy
AWD-01591,RSMNDS_2_CSRBT1,DA,2025-07-03,1,89.0,56.96,energy
AWD-01592,RSMNDS_2_CSRBT1,DA,2025-07-03,2,72.0,75.0,energy
AWD-01593,RSMNDS_2_CSRBT1,DA,2025-07-03,3,86.5,30.1,energy
AWD-01594,RSMNDS_2_CSRBT1,DA,2025-07-03,4,67.4,32.49,energy
AWD-01595,RSMNDS_2_CSRBT1,DA,2025-07-03,5,73.5,29.06,energy
AWD-01596,RSMNDS_2_CSRBT1,DA,2025-07-03,6,85.7,10.35,energy
AWD-01597,RSMNDS_2_CSRBT1,DA,2025-07-03,7,93.4,46.16,energy
AWD-01598,RSMNDS_2_CSRBT1,DA,2025-07-03,8,73.3,19.62,REG
AWD-01599,RSMNDS_2_CSRBT1,DA,2025-07-03,9,79.8,76.72,energy
AWD-01600,RSMNDS_2_CSRBT1,DA,2025-07-03,11,73.5,30.27,energy
AWD-01601,RSMNDS_2_CSRBT1,DA,2025-07-03,13,61.6,32.24,energy
AWD-01602,RSMNDS_2_CSRBT1,DA,2025-07-03,15,62.3,67.79,energy
AWD-01603,RSMNDS_2_CSRBT1,DA,2025-07-03,17,55.3,19.14,energy
AWD-01604,RSMNDS_2_CSRBT1,DA,2025-07-03,18,53.9,71.17,energy
AWD-01605,RSMNDS_2_CSRBT1,DA,2025-07-03,21,43.6,39.83,energy
AWD-01606,RSMNDS_2_CSRBT1,DA,2025-07-03,22,76.2,54.52,energy
AWD-01607,RSMNDS_2_CSRBT1,DA,2025-07-03,23,68.6,15.58,energy
AWD-01608,RSMNDS_2_CSRBT1,DA,2025-07-03,24,86.0,57.98,energy
AWD-01609,RSMNDS_2_CSRBT1,DA,2025-07-04,2,35.4,52.09,energy
AWD-01610,RSMNDS_2_CSRBT1,DA,2025-07-04,4,77.4,36.1,energy
AWD-01611,RSMNDS_2_CSRBT1,DA,2025-07-04,5,73.3,24.55,energy
AWD-01612,RSMNDS_2_CSRBT1,DA,2025-07-04,6,65.2,54.44,energy
AWD-01613,RSMNDS_2_CSRBT1,DA,2025-07-04,7,52.8,45.76,energy
AWD-01614,RSMNDS_2_CSRBT1,DA,2025-07-04,9,82.6,36.41,energy
AWD-01615,RSMNDS_2_CSRBT1,DA,2025-07-04,10,68.3,76.54,REG
AWD-01616,RSMNDS_2_CSRBT1,DA,2025-07-04,11,36.5,31.03,energy
AWD-01617,RSMNDS_2_CSRBT1,DA,2025-07-04,12,86.2,78.23,energy
AWD-01618,RSMNDS_2_CSRBT1,DA,2025-07-04,13,80.6,42.38,energy
AWD-01619,RSMNDS_2_CSRBT1,DA,2025-07-04,16,53.6,79.66,energy
AWD-01620,RSMNDS_2_CSRBT1,DA,2025-07-04,17,38.4,71.1,energy
AWD-01621,RSMNDS_2_CSRBT1,DA,2025-07-04,18,46.8,54.86,energy
AWD-01622,RSMNDS_2_CSRBT1,DA,2025-07-04,19,36.2,77.74,energy
AWD-01623,RSMNDS_2_CSRBT1,DA,2025-07-04,20,50.8,52.16,energy
AWD-01624,RSMNDS_2_CSRBT1,DA,2025-07-04,21,49.9,24.5,energy
AWD-01625,RSMNDS_2_CSRBT1,DA,2025-07-04,22,68.1,32.85,energy
AWD-01626,RSMNDS_2_CSRBT1,DA,2025-07-04,23,63.8,52.85,energy
AWD-01627,RSMNDS_2_CSRBT1,DA,2025-07-04,24,62.5,48.1,energy
AWD-01628,RSMNDS_2_CSRBT1,DA,2025-07-05,1,59.8,22.31,energy
AWD-01629,RSMNDS_2_CSRBT1,DA,2025-07-05,2,57.0,34.61,energy
AWD-01630,RSMNDS_2_CSRBT1,DA,2025-07-05,6,32.4,26.57,energy
AWD-01631,RSMNDS_2_CSRBT1,DA,2025-07-05,7,75.9,48.36,energy
AWD-01632,RSMNDS_2_CSRBT1,DA,2025-07-05,8,44.2,65.38,energy
AWD-01633,RSMNDS_2_CSRBT1,DA,2025-07-05,9,92.0,56.53,energy
AWD-01634,RSMNDS_2_CSRBT1,DA,2025-07-05,10,31.9,57.65,energy
AWD-01635,RSMNDS_2_CSRBT1,DA,2025-07-05,11,37.0,45.05,energy
AWD-01636,RSMNDS_2_CSRBT1,DA,2025-07-05,12,83.1,13.81,energy
AWD-01637,RSMNDS_2_CSRBT1,DA,2025-07-05,13,51.4,16.67,energy
AWD-01638,RSMNDS_2_CSRBT1,DA,2025-07-05,14,54.1,68.46,energy
AWD-01639,RSMNDS_2_CSRBT1,DA,2025-07-05,15,46.9,46.44,REG
AWD-01640,RSMNDS_2_CSRBT1,DA,2025-07-05,16,42.0,50.26,energy
AWD-01641,RSMNDS_2_CSRBT1,DA,2025-07-05,17,60.6,56.49,energy
AWD-01642,RSMNDS_2_CSRBT1,DA,2025-07-05,19,62.9,15.95,energy
AWD-01643,RSMNDS_2_CSRBT1,DA,2025-07-05,20,85.0,36.86,energy
AWD-01644,RSMNDS_2_CSRBT1,DA,2025-07-05,21,85.4,58.16,energy
AWD-01645,RSMNDS_2_CSRBT1,DA,2025-07-05,22,30.5,63.5,energy
AWD-01646,RSMNDS_2_CSRBT1,DA,2025-07-05,23,94.1,48.44,energy
AWD-01647,RSMNDS_2_CSRBT1,DA,2025-07-05,24,78.0,20.04,energy
AWD-01648,RSMNDS_2_CSRBT1,DA,2025-07-06,1,85.9,24.8,energy
AWD-01649,RSMNDS_2_CSRBT1,DA,2025-07-06,2,91.2,11.61,energy
AWD-01650,RSMNDS_2_CSRBT1,DA,2025-07-06,4,48.5,14.87,energy
AWD-01651,RSMNDS_2_CSRBT1,DA,2025-07-06,5,64.4,38.65,energy
AWD-01652,RSMNDS_2_CSRBT1,DA,2025-07-06,6,35.5,72.84,energy
AWD-01653,RSMNDS_2_CSRBT1,DA,2025-07-06,7,46.4,42.85,energy
AWD-01654,RSMNDS_2_CSRBT1,DA,2025-07-06,8,30.5,73.52,energy
AWD-01655,RSMNDS_2_CSRBT1,DA,2025-07-06,9,32.8,63.32,energy
AWD-01656,RSMNDS_2_CSRBT1,DA,2025-07-06,10,81.7,33.84,energy
AWD-01657,RSMNDS_2_CSRBT1,DA,2025-07-06,11,41.5,42.83,energy
AWD-01658,RSMNDS_2_CSRBT1,DA,2025-07-06,13,61.5,56.34,energy
AWD-01659,RSMNDS_2_CSRBT1,DA,2025-07-06,14,88.6,59.47,energy
AWD-01660,RSMNDS_2_CSRBT1,DA,2025-07-06,15,48.7,53.92,energy
AWD-01661,RSMNDS_2_CSRBT1,DA,2025-07-06,16,82.4,64.04,energy
AWD-01662,RSMNDS_2_CSRBT1,DA,2025-07-06,17,65.2,75.66,energy
AWD-01663,RSMNDS_2_CSRBT1,DA,2025-07-06,18,46.4,43.8,REG
AWD-01664,RSMNDS_2_CSRBT1,DA,2025-07-06,20,35.6,62.56,energy
AWD-01665,RSMNDS_2_CSRBT1,DA,2025-07-06,21,44.9,31.61,energy
AWD-01666,RSMNDS_2_CSRBT1,DA,2025-07-06,22,67.0,45.76,energy
AWD-01667,RSMNDS_2_CSRBT1,DA,2025-07-06,24,85.7,53.76,energy
AWD-01668,RSMNDS_2_CSRBT1,DA,2025-07-07,1,51.9,18.71,energy
AWD-01669,RSMNDS_2_CSRBT1,DA,2025-07-07,2,81.8,36.65,energy
AWD-01670,RSMNDS_2_CSRBT1,DA,2025-07-07,3,61.4,14.98,energy
AWD-01671,RSMNDS_2_CSRBT1,DA,2025-07-07,4,53.4,22.62,energy
AWD-01672,RSMNDS_2_CSRBT1,DA,2025-07-07,5,71.2,51.9,energy
AWD-01673,RSMNDS_2_CSRBT1,DA,2025-07-07,7,68.9,74.52,energy
AWD-01674,RSMNDS_2_CSRBT1,DA,2025-07-07,8,91.6,19.65,energy
AWD-01675,RSMNDS_2_CSRBT1,DA,2025-07-07,9,58.4,44.76,energy
AWD-01676,RSMNDS_2_CSRBT1,DA,2025-07-07,10,45.9,50.17,energy
AWD-01677,RSMNDS_2_CSRBT1,DA,2025-07-07,11,84.2,45.74,energy
AWD-01678,RSMNDS_2_CSRBT1,DA,2025-07-07,12,86.9,20.42,energy
AWD-01679,RSMNDS_2_CSRBT1,DA,2025-07-07,13,36.8,20.65,energy
AWD-01680,RSMNDS_2_CSRBT1,DA,2025-07-07,14,63.5,60.55,energy
AWD-01681,RSMNDS_2_CSRBT1,DA,2025-07-07,15,81.2,72.82,energy
AWD-01682,RSMNDS_2_CSRBT1,DA,2025-07-07,16,48.8,12.61,energy
AWD-01683,RSMNDS_2_CSRBT1,DA,2025-07-07,17,75.9,79.55,energy
AWD-01684,RSMNDS_2_CSRBT1,DA,2025-07-07,18,81.6,16.61,energy
AWD-01685,RSMNDS_2_CSRBT1,DA,2025-07-07,19,48.3,52.69,energy
AWD-01686,RSMNDS_2_CSRBT1,DA,2025-07-07,20,64.2,16.99,energy
AWD-01687,RSMNDS_2_CSRBT1,DA,2025-07-07,21,47.5,42.54,energy
AWD-01688,RSMNDS_2_CSRBT1,DA,2025-07-07,22,83.1,74.19,energy
AWD-01689,RSMNDS_2_CSRBT1,DA,2025-07-07,23,32.4,63.0,energy
AWD-01690,RSMNDS_2_CSRBT1,DA,2025-07-07,24,68.1,25.72,energy
AWD-01691,RSMNDS_2_CSRSR1,DA,2025-07-01,1,60.7,68.83,energy
AWD-01692,RSMNDS_2_CSRSR1,DA,2025-07-01,2,43.5,54.04,energy
AWD-01693,RSMNDS_2_CSRSR1,DA,2025-07-01,4,33.1,57.71,energy
AWD-01694,RSMNDS_2_CSRSR1,DA,2025-07-01,6,52.1,13.27,energy
AWD-01695,RSMNDS_2_CSRSR1,DA,2025-07-01,7,59.5,28.02,energy
AWD-01696,RSMNDS_2_CSRSR1,DA,2025-07-01,8,50.1,14.17,REG
AWD-01697,RSMNDS_2_CSRSR1,DA,2025-07-01,10,62.9,75.37,energy
AWD-01698,RSMNDS_2_CSRSR1,DA,2025-07-01,12,53.2,73.28,energy
AWD-01699,RSMNDS_2_CSRSR1,DA,2025-07-01,13,53.8,64.5,energy
AWD-01700,RSMNDS_2_CSRSR1,DA,2025-07-01,14,59.2,70.0,energy
AWD-01701,RSMNDS_2_CSRSR1,DA,2025-07-01,15,32.1,20.17,energy
AWD-01702,RSMNDS_2_CSRSR1,DA,2025-07-01,17,65.4,22.98,energy
AWD-01703,RSMNDS_2_CSRSR1,DA,2025-07-01,18,70.4,18.67,energy
AWD-01704,RSMNDS_2_CSRSR1,DA,2025-07-01,19,42.8,51.42,energy
AWD-01705,RSMNDS_2_CSRSR1,DA,2025-07-01,20,49.7,74.38,energy
AWD-01706,RSMNDS_2_CSRSR1,DA,2025-07-01,21,42.2,29.9,energy
AWD-01707,RSMNDS_2_CSRSR1,DA,2025-07-01,22,67.3,68.29,energy
AWD-01708,RSMNDS_2_CSRSR1,DA,2025-07-01,23,31.2,19.68,energy
AWD-01709,RSMNDS_2_CSRSR1,DA,2025-07-01,24,44.6,31.02,energy
AWD-01710,RSMNDS_2_CSRSR1,DA,2025-07-02,1,48.3,69.85,energy
AWD-01711,RSMNDS_2_CSRSR1,DA,2025-07-02,2,31.3,57.34,energy
AWD-01712,RSMNDS_2_CSRSR1,DA,2025-07-02,3,51.0,76.39,energy
AWD-01713,RSMNDS_2_CSRSR1,DA,2025-07-02,4,64.4,47.15,REG
AWD-01714,RSMNDS_2_CSRSR1,DA,2025-07-02,5,27.8,11.39,energy
AWD-01715,RSMNDS_2_CSRSR1,DA,2025-07-02,7,26.2,31.39,energy
AWD-01716,RSMNDS_2_CSRSR1,DA,2025-07-02,8,40.4,55.83,energy
AWD-01717,RSMNDS_2_CSRSR1,DA,2025-07-02,9,40.6,29.62,energy
AWD-01718,RSMNDS_2_CSRSR1,DA,2025-07-02,10,23.6,33.35,energy
AWD-01719,RSMNDS_2_CSRSR1,DA,2025-07-02,11,24.2,36.15,energy
AWD-01720,RSMNDS_2_CSRSR1,DA,2025-07-02,12,40.9,31.22,energy
AWD-01721,RSMNDS_2_CSRSR1,DA,2025-07-02,13,64.4,73.22,energy
AWD-01722,RSMNDS_2_CSRSR1,DA,2025-07-02,15,36.0,47.39,energy
AWD-01723,RSMNDS_2_CSRSR1,DA,2025-07-02,16,32.3,48.66,energy
AWD-01724,RSMNDS_2_CSRSR1,DA,2025-07-02,17,23.8,36.87,energy
AWD-01725,RSMNDS_2_CSRSR1,DA,2025-07-02,18,49.4,21.52,energy
AWD-01726,RSMNDS_2_CSRSR1,DA,2025-07-02,19,40.6,65.13,energy
AWD-01727,RSMNDS_2_CSRSR1,DA,2025-07-02,20,40.0,68.29,energy
AWD-01728,RSMNDS_2_CSRSR1,DA,2025-07-02,21,56.0,50.41,energy
AWD-01729,RSMNDS_2_CSRSR1,DA,2025-07-02,22,30.6,41.07,energy
AWD-01730,RSMNDS_2_CSRSR1,DA,2025-07-02,23,45.0,71.32,energy
AWD-01731,RSMNDS_2_CSRSR1,DA,2025-07-02,24,37.2,32.67,energy
AWD-01732,RSMNDS_2_CSRSR1,DA,2025-07-03,1,38.9,41.52,energy
AWD-01733,RSMNDS_2_CSRSR1,DA,2025-07-03,2,29.1,44.3,energy
AWD-01734,RSMNDS_2_CSRSR1,DA,2025-07-03,3,66.6,27.43,energy
AWD-01735,RSMNDS_2_CSRSR1,DA,2025-07-03,4,53.6,44.8,REG
AWD-01736,RSMNDS_2_CSRSR1,DA,2025-07-03,6,64.7,47.16,energy
AWD-01737,RSMNDS_2_CSRSR1,DA,2025-07-03,7,25.6,38.86,REG
AWD-01738,RSMNDS_2_CSRSR1,DA,2025-07-03,8,60.4,32.79,energy
AWD-01739,RSMNDS_2_CSRSR1,DA,2025-07-03,9,36.7,31.09,energy
AWD-01740,RSMNDS_2_CSRSR1,DA,2025-07-03,11,51.3,37.26,energy
AWD-01741,RSMNDS_2_CSRSR1,DA,2025-07-03,12,39.8,62.28,energy
AWD-01742,RSMNDS_2_CSRSR1,DA,2025-07-03,13,54.8,64.35,energy
AWD-01743,RSMNDS_2_CSRSR1,DA,2025-07-03,14,26.8,76.83,energy
AWD-01744,RSMNDS_2_CSRSR1,DA,2025-07-03,15,69.7,34.95,energy
AWD-01745,RSMNDS_2_CSRSR1,DA,2025-07-03,17,36.4,52.53,energy
AWD-01746,RSMNDS_2_CSRSR1,DA,2025-07-03,18,25.0,38.89,energy
AWD-01747,RSMNDS_2_CSRSR1,DA,2025-07-03,19,52.2,15.14,energy
AWD-01748,RSMNDS_2_CSRSR1,DA,2025-07-03,20,54.6,38.26,energy
AWD-01749,RSMNDS_2_CSRSR1,DA,2025-07-03,21,63.3,12.73,energy
AWD-01750,RSMNDS_2_CSRSR1,DA,2025-07-03,22,31.4,52.17,energy
AWD-01751,RSMNDS_2_CSRSR1,DA,2025-07-03,23,42.8,12.35,energy
AWD-01752,RSMNDS_2_CSRSR1,DA,2025-07-03,24,68.0,10.1,REG
AWD-01753,RSMNDS_2_CSRSR1,DA,2025-07-04,1,60.6,29.28,energy
AWD-01754,RSMNDS_2_CSRSR1,DA,2025-07-04,2,41.8,31.89,energy
AWD-01755,RSMNDS_2_CSRSR1,DA,2025-07-04,3,41.6,33.55,energy
AWD-01756,RSMNDS_2_CSRSR1,DA,2025-07-04,4,53.6,63.96,energy
AWD-01757,RSMNDS_2_CSRSR1,DA,2025-07-04,5,43.2,70.19,energy
AWD-01758,RSMNDS_2_CSRSR1,DA,2025-07-04,6,27.3,57.1,energy
AWD-01759,RSMNDS_2_CSRSR1,DA,2025-07-04,7,34.0,61.24,energy
AWD-01760,RSMNDS_2_CSRSR1,DA,2025-07-04,9,54.0,69.22,energy
AWD-01761,RSMNDS_2_CSRSR1,DA,2025-07-04,10,48.9,21.13,energy
AWD-01762,RSMNDS_2_CSRSR1,DA,2025-07-04,11,33.9,36.25,energy
AWD-01763,RSMNDS_2_CSRSR1,DA,2025-07-04,13,32.0,41.13,energy
AWD-01764,RSMNDS_2_CSRSR1,DA,2025-07-04,14,28.9,31.53,energy
AWD-01765,RSMNDS_2_CSRSR1,DA,2025-07-04,15,51.9,44.34,energy
AWD-01766,RSMNDS_2_CSRSR1,DA,2025-07-04,16,47.5,52.62,energy
AWD-01767,RSMNDS_2_CSRSR1,DA,2025-07-04,17,53.3,42.22,energy
AWD-01768,RSMNDS_2_CSRSR1,DA,2025-07-04,18,52.4,45.56,energy
AWD-01769,RSMNDS_2_CSRSR1,DA,2025-07-04,19,42.0,70.44,energy
AWD-01770,RSMNDS_2_CSRSR1,DA,2025-07-04,20,63.9,30.72,energy
AWD-01771,RSMNDS_2_CSRSR1,DA,2025-07-04,21,38.9,10.68,energy
AWD-01772,RSMNDS_2_CSRSR1,DA,2025-07-04,22,24.8,16.68,energy
AWD-01773,RSMNDS_2_CSRSR1,DA,2025-07-04,23,33.1,54.64,energy
AWD-01774,RSMNDS_2_CSRSR1,DA,2025-07-04,24,67.4,47.08,energy
AWD-01775,RSMNDS_2_CSRSR1,DA,2025-07-05,1,56.6,11.68,energy
AWD-01776,RSMNDS_2_CSRSR1,DA,2025-07-05,2,59.6,32.87,energy
AWD-01777,RSMNDS_2_CSRSR1,DA,2025-07-05,3,60.3,15.19,energy
AWD-01778,RSMNDS_2_CSRSR1,DA,2025-07-05,4,34.4,31.79,energy
AWD-01779,RSMNDS_2_CSRSR1,DA,2025-07-05,5,40.3,79.45,energy
AWD-01780,RSMNDS_2_CSRSR1,DA,2025-07-05,6,39.5,20.34,energy
AWD-01781,RSMNDS_2_CSRSR1,DA,2025-07-05,7,40.0,75.27,energy
AWD-01782,RSMNDS_2_CSRSR1,DA,2025-07-05,8,47.1,13.19,energy
AWD-01783,RSMNDS_2_CSRSR1,DA,2025-07-05,9,39.9,78.91,energy
AWD-01784,RSMNDS_2_CSRSR1,DA,2025-07-05,11,42.2,12.97,energy
AWD-01785,RSMNDS_2_CSRSR1,DA,2025-07-05,12,57.9,27.77,REG
AWD-01786,RSMNDS_2_CSRSR1,DA,2025-07-05,13,25.8,18.66,energy
AWD-01787,RSMNDS_2_CSRSR1,DA,2025-07-05,14,49.2,11.1,energy
AWD-01788,RSMNDS_2_CSRSR1,DA,2025-07-05,15,63.4,77.91,energy
AWD-01789,RSMNDS_2_CSRSR1,DA,2025-07-05,16,34.0,30.55,energy
AWD-01790,RSMNDS_2_CSRSR1,DA,2025-07-05,17,46.2,79.76,energy
AWD-01791,RSMNDS_2_CSRSR1,DA,2025-07-05,18,40.0,35.21,energy
AWD-01792,RSMNDS_2_CSRSR1,DA,2025-07-05,19,47.1,35.49,energy
AWD-01793,RSMNDS_2_CSRSR1,DA,2025-07-05,20,23.9,70.01,energy
AWD-01794,RSMNDS_2_CSRSR1,DA,2025-07-05,21,37.9,57.39,energy
AWD-01795,RSMNDS_2_CSRSR1,DA,2025-07-05,22,61.6,64.19,energy
AWD-01796,RSMNDS_2_CSRSR1,DA,2025-07-05,24,56.9,63.18,energy
AWD-01797,RSMNDS_2_CSRSR1,DA,2025-07-06,1,52.2,69.15,energy
AWD-01798,RSMNDS_2_CSRSR1,DA,2025-07-06,2,23.9,33.58,REG
AWD-01799,RSMNDS_2_CSRSR1,DA,2025-07-06,3,25.4,66.15,energy
AWD-01800,RSMNDS_2_CSRSR1,DA,2025-07-06,4,69.8,62.08,energy
AWD-01801,RSMNDS_2_CSRSR1,DA,2025-07-06,5,32.8,37.96,energy
AWD-01802,RSMNDS_2_CSRSR1,DA,2025-07-06,7,57.1,59.88,energy
AWD-01803,RSMNDS_2_CSRSR1,DA,2025-07-06,8,48.7,15.99,energy
AWD-01804,RSMNDS_2_CSRSR1,DA,2025-07-06,9,52.4,15.59,energy
AWD-01805,RSMNDS_2_CSRSR1,DA,2025-07-06,10,38.4,47.85,energy
AWD-01806,RSMNDS_2_CSRSR1,DA,2025-07-06,11,27.5,57.05,energy
AWD-01807,RSMNDS_2_CSRSR1,DA,2025-07-06,12,53.8,49.25,energy
AWD-01808,RSMNDS_2_CSRSR1,DA,2025-07-06,13,44.3,61.14,energy
AWD-01809,RSMNDS_2_CSRSR1,DA,2025-07-06,14,51.0,46.83,energy
AWD-01810,RSMNDS_2_CSRSR1,DA,2025-07-06,15,47.7,79.15,energy
AWD-01811,RSMNDS_2_CSRSR1,DA,2025-07-06,17,44.8,54.37,energy
AWD-01812,RSMNDS_2_CSRSR1,DA,2025-07-06,18,37.0,12.76,energy
AWD-01813,RSMNDS_2_CSRSR1,DA,2025-07-06,19,29.7,70.01,energy
AWD-01814,RSMNDS_2_CSRSR1,DA,2025-07-06,20,44.3,70.91,energy
AWD-01815,RSMNDS_2_CSRSR1,DA,2025-07-06,21,49.2,23.11,energy
AWD-01816,RSMNDS_2_CSRSR1,DA,2025-07-06,22,69.3,11.76,energy
AWD-01817,RSMNDS_2_CSRSR1,DA,2025-07-07,1,70.8,48.05,energy
AWD-01818,RSMNDS_2_CSRSR1,DA,2025-07-07,2,25.5,45.79,energy
AWD-01819,RSMNDS_2_CSRSR1,DA,2025-07-07,4,40.9,48.99,energy
AWD-01820,RSMNDS_2_CSRSR1,DA,2025-07-07,5,60.7,27.05,energy
AWD-01821,RSMNDS_2_CSRSR1,DA,2025-07-07,6,23.5,10.23,energy
AWD-01822,RSMNDS_2_CSRSR1,DA,2025-07-07,7,67.4,65.03,energy
AWD-01823,RSMNDS_2_CSRSR1,DA,2025-07-07,8,54.2,14.91,energy
AWD-01824,RSMNDS_2_CSRSR1,DA,2025-07-07,9,53.8,65.51,energy
AWD-01825,RSMNDS_2_CSRSR1,DA,2025-07-07,10,47.9,56.61,energy
AWD-01826,RSMNDS_2_CSRSR1,DA,2025-07-07,12,61.9,37.78,energy
AWD-01827,RSMNDS_2_CSRSR1,DA,2025-07-07,13,60.2,73.98,energy
AWD-01828,RSMNDS_2_CSRSR1,DA,2025-07-07,14,50.4,56.95,energy
AWD-01829,RSMNDS_2_CSRSR1,DA,2025-07-07,15,57.7,63.2,energy
AWD-01830,RSMNDS_2_CSRSR1,DA,2025-07-07,18,65.8,74.97,energy
AWD-01831,RSMNDS_2_CSRSR1,DA,2025-07-07,19,49.0,21.79,energy
AWD-01832,RSMNDS_2_CSRSR1,DA,2025-07-07,20,60.9,71.96,energy
AWD-01833,RSMNDS_2_CSRSR1,DA,2025-07-07,21,54.5,63.67,energy
AWD-01834,RSMNDS_2_CSRSR1,DA,2025-07-07,23,53.3,61.73,energy
AWD-01835,RSMNDS_2_CSRSR1,DA,2025-07-07,24,70.9,22.06,energy
AWD-01836,SANDRN_2_SS1BT1,DA,2025-07-01,1,88.6,69.41,energy
AWD-01837,SANDRN_2_SS1BT1,DA,2025-07-01,3,54.1,14.96,energy
AWD-01838,SANDRN_2_SS1BT1,DA,2025-07-01,4,56.8,30.18,energy
AWD-01839,SANDRN_2_SS1BT1,DA,2025-07-01,5,53.0,21.45,energy
AWD-01840,SANDRN_2_SS1BT1,DA,2025-07-01,6,89.1,12.44,energy
AWD-01841,SANDRN_2_SS1BT1,DA,2025-07-01,7,86.8,32.56,energy
AWD-01842,SANDRN_2_SS1BT1,DA,2025-07-01,8,92.3,47.91,energy
AWD-01843,SANDRN_2_SS1BT1,DA,2025-07-01,10,80.1,43.01,energy
AWD-01844,SANDRN_2_SS1BT1,DA,2025-07-01,11,38.9,15.45,energy
AWD-01845,SANDRN_2_SS1BT1,DA,2025-07-01,13,92.4,13.74,energy
AWD-01846,SANDRN_2_SS1BT1,DA,2025-07-01,14,59.4,34.38,REG
AWD-01847,SANDRN_2_SS1BT1,DA,2025-07-01,15,63.6,46.63,energy
AWD-01848,SANDRN_2_SS1BT1,DA,2025-07-01,16,57.9,62.98,energy
AWD-01849,SANDRN_2_SS1BT1,DA,2025-07-01,17,33.5,73.41,energy
AWD-01850,SANDRN_2_SS1BT1,DA,2025-07-01,18,50.7,17.14,energy
AWD-01851,SANDRN_2_SS1BT1,DA,2025-07-01,19,33.8,57.35,energy
AWD-01852,SANDRN_2_SS1BT1,DA,2025-07-01,20,46.5,35.39,energy
AWD-01853,SANDRN_2_SS1BT1,DA,2025-07-01,21,70.8,49.76,energy
AWD-01854,SANDRN_2_SS1BT1,DA,2025-07-01,23,72.7,78.68,energy
AWD-01855,SANDRN_2_SS1BT1,DA,2025-07-01,24,77.5,31.44,energy
AWD-01856,SANDRN_2_SS1BT1,DA,2025-07-02,1,66.5,76.38,energy
AWD-01857,SANDRN_2_SS1BT1,DA,2025-07-02,2,87.3,30.1,energy
AWD-01858,SANDRN_2_SS1BT1,DA,2025-07-02,3,86.7,44.47,energy
AWD-01859,SANDRN_2_SS1BT1,DA,2025-07-02,4,86.5,13.19,energy
AWD-01860,SANDRN_2_SS1BT1,DA,2025-07-02,6,35.0,33.53,energy
AWD-01861,SANDRN_2_SS1BT1,DA,2025-07-02,7,82.9,13.11,energy
AWD-01862,SANDRN_2_SS1BT1,DA,2025-07-02,8,57.2,54.34,energy
AWD-01863,SANDRN_2_SS1BT1,DA,2025-07-02,9,63.5,76.16,energy
AWD-01864,SANDRN_2_SS1BT1,DA,2025-07-02,10,90.7,39.93,energy
AWD-01865,SANDRN_2_SS1BT1,DA,2025-07-02,11,60.7,41.35,energy
AWD-01866,SANDRN_2_SS1BT1,DA,2025-07-02,12,70.1,65.82,energy
AWD-01867,SANDRN_2_SS1BT1,DA,2025-07-02,13,75.6,14.93,energy
AWD-01868,SANDRN_2_SS1BT1,DA,2025-07-02,14,47.8,72.37,REG
AWD-01869,SANDRN_2_SS1BT1,DA,2025-07-02,15,33.8,31.51,energy
AWD-01870,SANDRN_2_SS1BT1,DA,2025-07-02,16,92.8,49.06,energy
AWD-01871,SANDRN_2_SS1BT1,DA,2025-07-02,17,92.2,66.51,energy
AWD-01872,SANDRN_2_SS1BT1,DA,2025-07-02,18,85.2,50.08,energy
AWD-01873,SANDRN_2_SS1BT1,DA,2025-07-02,21,62.4,74.8,energy
AWD-01874,SANDRN_2_SS1BT1,DA,2025-07-02,22,45.1,20.62,energy
AWD-01875,SANDRN_2_SS1BT1,DA,2025-07-02,23,64.3,39.48,energy
AWD-01876,SANDRN_2_SS1BT1,DA,2025-07-02,24,32.9,11.26,energy
AWD-01877,SANDRN_2_SS1BT1,DA,2025-07-03,1,84.5,73.79,energy
AWD-01878,SANDRN_2_SS1BT1,DA,2025-07-03,3,32.8,22.52,energy
AWD-01879,SANDRN_2_SS1BT1,DA,2025-07-03,4,55.7,33.6,energy
AWD-01880,SANDRN_2_SS1BT1,DA,2025-07-03,5,48.7,34.87,energy
AWD-01881,SANDRN_2_SS1BT1,DA,2025-07-03,7,82.9,32.64,energy
AWD-01882,SANDRN_2_SS1BT1,DA,2025-07-03,8,49.5,24.23,energy
AWD-01883,SANDRN_2_SS1BT1,DA,2025-07-03,9,49.4,65.73,energy
AWD-01884,SANDRN_2_SS1BT1,DA,2025-07-03,11,86.1,40.69,energy
AWD-01885,SANDRN_2_SS1BT1,DA,2025-07-03,12,79.1,12.14,REG
AWD-01886,SANDRN_2_SS1BT1,DA,2025-07-03,13,59.2,27.86,energy
AWD-01887,SANDRN_2_SS1BT1,DA,2025-07-03,14,71.5,67.9,energy
AWD-01888,SANDRN_2_SS1BT1,DA,2025-07-03,15,66.5,26.75,energy
AWD-01889,SANDRN_2_SS1BT1,DA,2025-07-03,17,49.5,58.34,energy
AWD-01890,SANDRN_2_SS1BT1,DA,2025-07-03,18,30.3,79.19,energy
AWD-01891,SANDRN_2_SS1BT1,DA,2025-07-03,19,45.0,64.65,energy
AWD-01892,SANDRN_2_SS1BT1,DA,2025-07-03,20,34.1,23.43,energy
AWD-01893,SANDRN_2_SS1BT1,DA,2025-07-03,21,42.1,38.13,energy
AWD-01894,SANDRN_2_SS1BT1,DA,2025-07-03,22,62.1,59.91,REG
AWD-01895,SANDRN_2_SS1BT1,DA,2025-07-03,23,42.9,65.27,energy
AWD-01896,SANDRN_2_SS1BT1,DA,2025-07-03,24,60.6,55.9,energy
AWD-01897,SANDRN_2_SS1BT1,DA,2025-07-04,1,90.9,74.31,energy
AWD-01898,SANDRN_2_SS1BT1,DA,2025-07-04,3,34.3,41.81,energy
AWD-01899,SANDRN_2_SS1BT1,DA,2025-07-04,4,83.8,41.53,REG
AWD-01900,SANDRN_2_SS1BT1,DA,2025-07-04,5,70.8,26.63,energy
AWD-01901,SANDRN_2_SS1BT1,DA,2025-07-04,6,50.7,70.41,energy
AWD-01902,SANDRN_2_SS1BT1,DA,2025-07-04,7,41.7,38.55,energy
AWD-01903,SANDRN_2_SS1BT1,DA,2025-07-04,8,72.3,16.85,energy
AWD-01904,SANDRN_2_SS1BT1,DA,2025-07-04,9,46.5,67.53,energy
AWD-01905,SANDRN_2_SS1BT1,DA,2025-07-04,10,88.7,70.91,energy
AWD-01906,SANDRN_2_SS1BT1,DA,2025-07-04,11,61.8,44.35,energy
AWD-01907,SANDRN_2_SS1BT1,DA,2025-07-04,12,63.7,55.51,energy
AWD-01908,SANDRN_2_SS1BT1,DA,2025-07-04,13,60.4,41.08,energy
AWD-01909,SANDRN_2_SS1BT1,DA,2025-07-04,14,63.8,47.75,energy
AWD-01910,SANDRN_2_SS1BT1,DA,2025-07-04,16,53.6,72.06,energy
AWD-01911,SANDRN_2_SS1BT1,DA,2025-07-04,17,77.0,56.59,energy
AWD-01912,SANDRN_2_SS1BT1,DA,2025-07-04,18,84.6,51.54,energy
AWD-01913,SANDRN_2_SS1BT1,DA,2025-07-04,19,93.4,37.97,energy
AWD-01914,SANDRN_2_SS1BT1,DA,2025-07-04,21,32.9,75.32,energy
AWD-01915,SANDRN_2_SS1BT1,DA,2025-07-04,22,34.9,43.36,energy
AWD-01916,SANDRN_2_SS1BT1,DA,2025-07-04,23,85.4,66.92,energy
AWD-01917,SANDRN_2_SS1BT1,DA,2025-07-04,24,85.2,26.24,energy
AWD-01918,SANDRN_2_SS1BT1,DA,2025-07-05,1,94.3,31.05,energy
AWD-01919,SANDRN_2_SS1BT1,DA,2025-07-05,2,72.4,10.08,energy
AWD-01920,SANDRN_2_SS1BT1,DA,2025-07-05,3,63.6,46.51,energy
AWD-01921,SANDRN_2_SS1BT1,DA,2025-07-05,4,40.5,65.19,energy
AWD-01922,SANDRN_2_SS1BT1,DA,2025-07-05,5,47.3,53.24,energy
AWD-01923,SANDRN_2_SS1BT1,DA,2025-07-05,6,44.1,48.62,energy
AWD-01924,SANDRN_2_SS1BT1,DA,2025-07-05,7,33.3,67.07,energy
AWD-01925,SANDRN_2_SS1BT1,DA,2025-07-05,8,38.1,15.64,energy
AWD-01926,SANDRN_2_SS1BT1,DA,2025-07-05,9,48.4,32.12,energy
AWD-01927,SANDRN_2_SS1BT1,DA,2025-07-05,11,71.8,45.5,energy
AWD-01928,SANDRN_2_SS1BT1,DA,2025-07-05,13,77.1,76.84,REG
AWD-01929,SANDRN_2_SS1BT1,DA,2025-07-05,14,36.4,33.42,energy
AWD-01930,SANDRN_2_SS1BT1,DA,2025-07-05,15,60.9,29.78,energy
AWD-01931,SANDRN_2_SS1BT1,DA,2025-07-05,16,47.8,76.21,energy
AWD-01932,SANDRN_2_SS1BT1,DA,2025-07-05,17,67.2,58.16,energy
AWD-01933,SANDRN_2_SS1BT1,DA,2025-07-05,18,69.3,45.46,energy
AWD-01934,SANDRN_2_SS1BT1,DA,2025-07-05,20,62.6,68.46,energy
AWD-01935,SANDRN_2_SS1BT1,DA,2025-07-05,21,72.2,46.55,energy
AWD-01936,SANDRN_2_SS1BT1,DA,2025-07-05,22,70.5,28.4,energy
AWD-01937,SANDRN_2_SS1BT1,DA,2025-07-05,24,64.7,10.16,energy
AWD-01938,SANDRN_2_SS1BT1,DA,2025-07-06,1,45.6,28.52,energy
AWD-01939,SANDRN_2_SS1BT1,DA,2025-07-06,2,89.3,23.89,energy
AWD-01940,SANDRN_2_SS1BT1,DA,2025-07-06,3,79.5,57.28,energy
AWD-01941,SANDRN_2_SS1BT1,DA,2025-07-06,4,61.8,12.08,energy
AWD-01942,SANDRN_2_SS1BT1,DA,2025-07-06,5,84.9,41.47,energy
AWD-01943,SANDRN_2_SS1BT1,DA,2025-07-06,6,59.5,28.42,energy
AWD-01944,SANDRN_2_SS1BT1,DA,2025-07-06,7,80.7,56.7,energy
AWD-01945,SANDRN_2_SS1BT1,DA,2025-07-06,8,71.8,11.25,energy
AWD-01946,SANDRN_2_SS1BT1,DA,2025-07-06,9,36.1,59.31,energy
AWD-01947,SANDRN_2_SS1BT1,DA,2025-07-06,10,74.6,57.66,energy
AWD-01948,SANDRN_2_SS1BT1,DA,2025-07-06,11,57.3,42.39,energy
AWD-01949,SANDRN_2_SS1BT1,DA,2025-07-06,12,51.7,15.29,energy
AWD-01950,SANDRN_2_SS1BT1,DA,2025-07-06,14,91.7,23.82,energy
AWD-01951,SANDRN_2_SS1BT1,DA,2025-07-06,15,89.4,71.47,energy
AWD-01952,SANDRN_2_SS1BT1,DA,2025-07-06,16,38.0,20.28,energy
AWD-01953,SANDRN_2_SS1BT1,DA,2025-07-06,17,70.7,36.76,energy
AWD-01954,SANDRN_2_SS1BT1,DA,2025-07-06,18,63.9,48.83,energy
AWD-01955,SANDRN_2_SS1BT1,DA,2025-07-06,19,35.2,20.7,energy
AWD-01956,SANDRN_2_SS1BT1,DA,2025-07-06,20,57.6,54.25,REG
AWD-01957,SANDRN_2_SS1BT1,DA,2025-07-06,21,56.7,31.25,energy
AWD-01958,SANDRN_2_SS1BT1,DA,2025-07-06,22,79.8,14.77,energy
AWD-01959,SANDRN_2_SS1BT1,DA,2025-07-06,23,79.3,67.82,energy
AWD-01960,SANDRN_2_SS1BT1,DA,2025-07-06,24,63.4,32.59,energy
AWD-01961,SANDRN_2_SS1BT1,DA,2025-07-07,1,31.9,50.36,energy
AWD-01962,SANDRN_2_SS1BT1,DA,2025-07-07,2,40.5,64.7,energy
AWD-01963,SANDRN_2_SS1BT1,DA,2025-07-07,3,41.8,26.97,energy
AWD-01964,SANDRN_2_SS1BT1,DA,2025-07-07,4,72.6,37.71,energy
AWD-01965,SANDRN_2_SS1BT1,DA,2025-07-07,5,59.7,27.57,energy
AWD-01966,SANDRN_2_SS1BT1,DA,2025-07-07,7,72.8,16.62,energy
AWD-01967,SANDRN_2_SS1BT1,DA,2025-07-07,8,73.7,10.93,energy
AWD-01968,SANDRN_2_SS1BT1,DA,2025-07-07,9,63.7,38.43,energy
AWD-01969,SANDRN_2_SS1BT1,DA,2025-07-07,10,35.9,47.35,energy
AWD-01970,SANDRN_2_SS1BT1,DA,2025-07-07,11,34.2,43.89,energy
AWD-01971,SANDRN_2_SS1BT1,DA,2025-07-07,13,49.6,35.44,energy
AWD-01972,SANDRN_2_SS1BT1,DA,2025-07-07,15,55.3,31.27,energy
AWD-01973,SANDRN_2_SS1BT1,DA,2025-07-07,16,60.5,79.27,energy
AWD-01974,SANDRN_2_SS1BT1,DA,2025-07-07,19,81.1,79.44,energy
AWD-01975,SANDRN_2_SS1BT1,DA,2025-07-07,21,39.0,63.63,energy
AWD-01976,SANDRN_2_SS1BT1,DA,2025-07-07,22,47.4,38.43,energy
AWD-01977,SANDRN_2_SS1BT1,DA,2025-07-07,23,59.6,36.77,energy
AWD-01978,SANDRN_2_SS1BT1,DA,2025-07-07,24,66.0,66.38,energy
AWD-01979,SANDRN_2_SS1SR1,DA,2025-07-01,2,32.7,71.38,energy
AWD-01980,SANDRN_2_SS1SR1,DA,2025-07-01,3,58.0,14.91,energy
AWD-01981,SANDRN_2_SS1SR1,DA,2025-07-01,4,45.2,23.43,energy
AWD-01982,SANDRN_2_SS1SR1,DA,2025-07-01,5,25.6,78.51,energy
AWD-01983,SANDRN_2_SS1SR1,DA,2025-07-01,6,23.7,39.21,energy
AWD-01984,SANDRN_2_SS1SR1,DA,2025-07-01,8,42.5,78.82,energy
AWD-01985,SANDRN_2_SS1SR1,DA,2025-07-01,9,38.4,38.01,energy
AWD-01986,SANDRN_2_SS1SR1,DA,2025-07-01,10,70.0,15.09,energy
AWD-01987,SANDRN_2_SS1SR1,DA,2025-07-01,11,49.2,14.96,energy
AWD-01988,SANDRN_2_SS1SR1,DA,2025-07-01,13,46.8,33.5,energy
AWD-01989,SANDRN_2_SS1SR1,DA,2025-07-01,14,44.1,58.64,energy
AWD-01990,SANDRN_2_SS1SR1,DA,2025-07-01,15,23.9,75.73,energy
AWD-01991,SANDRN_2_SS1SR1,DA,2025-07-01,16,45.2,40.2,energy
AWD-01992,SANDRN_2_SS1SR1,DA,2025-07-01,18,33.7,50.82,energy
AWD-01993,SANDRN_2_SS1SR1,DA,2025-07-01,19,24.7,47.06,energy
AWD-01994,SANDRN_2_SS1SR1,DA,2025-07-01,20,34.5,43.92,energy
AWD-01995,SANDRN_2_SS1SR1,DA,2025-07-01,21,27.5,20.66,energy
AWD-01996,SANDRN_2_SS1SR1,DA,2025-07-01,23,29.7,26.78,energy
AWD-01997,SANDRN_2_SS1SR1,DA,2025-07-01,24,43.6,69.13,energy
AWD-01998,SANDRN_2_SS1SR1,DA,2025-07-02,1,50.6,28.54,energy
AWD-01999,SANDRN_2_SS1SR1,DA,2025-07-02,2,65.9,36.17,energy
AWD-02000,SANDRN_2_SS1SR1,DA,2025-07-02,3,42.9,42.79,energy
AWD-02001,SANDRN_2_SS1SR1,DA,2025-07-02,4,48.0,70.0,REG
AWD-02002,SANDRN_2_SS1SR1,DA,2025-07-02,5,63.5,22.63,energy
AWD-02003,SANDRN_2_SS1SR1,DA,2025-07-02,6,68.9,30.21,energy
AWD-02004,SANDRN_2_SS1SR1,DA,2025-07-02,7,65.3,67.93,energy
AWD-02005,SANDRN_2_SS1SR1,DA,2025-07-02,8,27.1,34.36,energy
AWD-02006,SANDRN_2_SS1SR1,DA,2025-07-02,9,62.1,48.2,energy
AWD-02007,SANDRN_2_SS1SR1,DA,2025-07-02,10,49.8,68.46,energy
AWD-02008,SANDRN_2_SS1SR1,DA,2025-07-02,11,56.8,22.21,energy
AWD-02009,SANDRN_2_SS1SR1,DA,2025-07-02,12,38.5,17.38,energy
AWD-02010,SANDRN_2_SS1SR1,DA,2025-07-02,13,33.0,48.35,energy
AWD-02011,SANDRN_2_SS1SR1,DA,2025-07-02,14,60.2,42.99,energy
AWD-02012,SANDRN_2_SS1SR1,DA,2025-07-02,17,33.8,21.49,energy
AWD-02013,SANDRN_2_SS1SR1,DA,2025-07-02,18,64.6,19.24,energy
AWD-02014,SANDRN_2_SS1SR1,DA,2025-07-02,19,65.5,24.08,energy
AWD-02015,SANDRN_2_SS1SR1,DA,2025-07-02,20,46.6,18.08,energy
AWD-02016,SANDRN_2_SS1SR1,DA,2025-07-02,21,58.2,23.18,energy
AWD-02017,SANDRN_2_SS1SR1,DA,2025-07-02,22,33.3,30.62,energy
AWD-02018,SANDRN_2_SS1SR1,DA,2025-07-02,23,55.3,72.12,energy
AWD-02019,SANDRN_2_SS1SR1,DA,2025-07-03,1,55.6,26.39,energy
AWD-02020,SANDRN_2_SS1SR1,DA,2025-07-03,2,47.4,43.43,energy
AWD-02021,SANDRN_2_SS1SR1,DA,2025-07-03,3,49.9,24.79,energy
AWD-02022,SANDRN_2_SS1SR1,DA,2025-07-03,4,25.3,32.51,energy
AWD-02023,SANDRN_2_SS1SR1,DA,2025-07-03,5,62.8,47.73,energy
AWD-02024,SANDRN_2_SS1SR1,DA,2025-07-03,6,37.6,38.71,energy
AWD-02025,SANDRN_2_SS1SR1,DA,2025-07-03,7,70.4,67.73,energy
AWD-02026,SANDRN_2_SS1SR1,DA,2025-07-03,8,51.1,49.14,energy
AWD-02027,SANDRN_2_SS1SR1,DA,2025-07-03,9,69.5,59.4,energy
AWD-02028,SANDRN_2_SS1SR1,DA,2025-07-03,10,70.5,26.07,energy
AWD-02029,SANDRN_2_SS1SR1,DA,2025-07-03,11,67.0,57.47,energy
AWD-02030,SANDRN_2_SS1SR1,DA,2025-07-03,12,63.6,33.02,energy
AWD-02031,SANDRN_2_SS1SR1,DA,2025-07-03,13,31.9,15.76,energy
AWD-02032,SANDRN_2_SS1SR1,DA,2025-07-03,14,39.9,51.05,energy
AWD-02033,SANDRN_2_SS1SR1,DA,2025-07-03,15,28.7,48.06,energy
AWD-02034,SANDRN_2_SS1SR1,DA,2025-07-03,16,62.4,30.16,energy
AWD-02035,SANDRN_2_SS1SR1,DA,2025-07-03,17,28.8,74.16,energy
AWD-02036,SANDRN_2_SS1SR1,DA,2025-07-03,18,63.7,68.21,energy
AWD-02037,SANDRN_2_SS1SR1,DA,2025-07-03,19,61.0,77.82,energy
AWD-02038,SANDRN_2_SS1SR1,DA,2025-07-03,20,35.9,67.65,energy
AWD-02039,SANDRN_2_SS1SR1,DA,2025-07-03,21,34.7,16.42,energy
AWD-02040,SANDRN_2_SS1SR1,DA,2025-07-03,22,56.8,45.86,energy
AWD-02041,SANDRN_2_SS1SR1,DA,2025-07-03,23,29.2,29.9,energy
AWD-02042,SANDRN_2_SS1SR1,DA,2025-07-03,24,30.9,44.9,energy
AWD-02043,SANDRN_2_SS1SR1,DA,2025-07-04,1,54.6,59.12,energy
AWD-02044,SANDRN_2_SS1SR1,DA,2025-07-04,3,35.1,15.92,energy
AWD-02045,SANDRN_2_SS1SR1,DA,2025-07-04,4,66.5,34.09,energy
AWD-02046,SANDRN_2_SS1SR1,DA,2025-07-04,5,26.8,38.38,energy
AWD-02047,SANDRN_2_SS1SR1,DA,2025-07-04,6,63.8,68.67,energy
AWD-02048,SANDRN_2_SS1SR1,DA,2025-07-04,7,66.8,36.54,energy
AWD-02049,SANDRN_2_SS1SR1,DA,2025-07-04,8,52.5,14.92,energy
AWD-02050,SANDRN_2_SS1SR1,DA,2025-07-04,9,63.7,55.9,energy
AWD-02051,SANDRN_2_SS1SR1,DA,2025-07-04,10,30.3,50.59,energy
AWD-02052,SANDRN_2_SS1SR1,DA,2025-07-04,11,30.8,35.52,energy
AWD-02053,SANDRN_2_SS1SR1,DA,2025-07-04,12,36.6,76.28,energy
AWD-02054,SANDRN_2_SS1SR1,DA,2025-07-04,13,62.0,75.02,energy
AWD-02055,SANDRN_2_SS1SR1,DA,2025-07-04,14,23.9,65.3,energy
AWD-02056,SANDRN_2_SS1SR1,DA,2025-07-04,15,32.0,38.87,energy
AWD-02057,SANDRN_2_SS1SR1,DA,2025-07-04,16,49.2,34.41,energy
AWD-02058,SANDRN_2_SS1SR1,DA,2025-07-04,18,34.6,55.79,energy
AWD-02059,SANDRN_2_SS1SR1,DA,2025-07-04,19,48.8,41.22,energy
AWD-02060,SANDRN_2_SS1SR1,DA,2025-07-04,20,38.6,54.96,energy
AWD-02061,SANDRN_2_SS1SR1,DA,2025-07-04,21,51.5,44.94,energy
AWD-02062,SANDRN_2_SS1SR1,DA,2025-07-04,22,57.9,10.09,energy
AWD-02063,SANDRN_2_SS1SR1,DA,2025-07-04,23,30.6,38.82,energy
AWD-02064,SANDRN_2_SS1SR1,DA,2025-07-04,24,43.7,71.46,energy
AWD-02065,SANDRN_2_SS1SR1,DA,2025-07-05,1,30.3,12.93,energy
AWD-02066,SANDRN_2_SS1SR1,DA,2025-07-05,2,43.8,71.81,energy
AWD-02067,SANDRN_2_SS1SR1,DA,2025-07-05,3,26.2,27.12,energy
AWD-02068,SANDRN_2_SS1SR1,DA,2025-07-05,5,65.3,53.81,energy
AWD-02069,SANDRN_2_SS1SR1,DA,2025-07-05,6,32.5,70.07,energy
AWD-02070,SANDRN_2_SS1SR1,DA,2025-07-05,7,37.7,44.06,energy
AWD-02071,SANDRN_2_SS1SR1,DA,2025-07-05,8,41.6,10.39,energy
AWD-02072,SANDRN_2_SS1SR1,DA,2025-07-05,9,47.3,43.45,energy
AWD-02073,SANDRN_2_SS1SR1,DA,2025-07-05,11,38.9,69.2,energy
AWD-02074,SANDRN_2_SS1SR1,DA,2025-07-05,12,66.2,53.95,energy
AWD-02075,SANDRN_2_SS1SR1,DA,2025-07-05,13,34.5,39.23,energy
AWD-02076,SANDRN_2_SS1SR1,DA,2025-07-05,14,39.5,52.17,energy
AWD-02077,SANDRN_2_SS1SR1,DA,2025-07-05,15,31.9,57.74,energy
AWD-02078,SANDRN_2_SS1SR1,DA,2025-07-05,16,39.5,62.05,energy
AWD-02079,SANDRN_2_SS1SR1,DA,2025-07-05,17,56.0,20.76,energy
AWD-02080,SANDRN_2_SS1SR1,DA,2025-07-05,18,53.8,73.8,energy
AWD-02081,SANDRN_2_SS1SR1,DA,2025-07-05,19,26.6,49.47,energy
AWD-02082,SANDRN_2_SS1SR1,DA,2025-07-05,20,58.8,47.59,energy
AWD-02083,SANDRN_2_SS1SR1,DA,2025-07-05,22,25.7,18.39,energy
AWD-02084,SANDRN_2_SS1SR1,DA,2025-07-05,24,40.4,53.81,energy
AWD-02085,SANDRN_2_SS1SR1,DA,2025-07-06,1,31.6,57.71,energy
AWD-02086,SANDRN_2_SS1SR1,DA,2025-07-06,2,61.4,28.26,energy
AWD-02087,SANDRN_2_SS1SR1,DA,2025-07-06,3,38.6,29.57,energy
AWD-02088,SANDRN_2_SS1SR1,DA,2025-07-06,4,25.3,51.28,energy
AWD-02089,SANDRN_2_SS1SR1,DA,2025-07-06,5,44.2,50.02,energy
AWD-02090,SANDRN_2_SS1SR1,DA,2025-07-06,6,26.8,76.1,energy
AWD-02091,SANDRN_2_SS1SR1,DA,2025-07-06,7,23.7,34.01,REG
AWD-02092,SANDRN_2_SS1SR1,DA,2025-07-06,8,49.5,56.12,energy
AWD-02093,SANDRN_2_SS1SR1,DA,2025-07-06,9,62.8,53.31,energy
AWD-02094,SANDRN_2_SS1SR1,DA,2025-07-06,11,59.5,40.41,energy
AWD-02095,SANDRN_2_SS1SR1,DA,2025-07-06,12,69.0,13.86,energy
AWD-02096,SANDRN_2_SS1SR1,DA,2025-07-06,13,28.2,66.09,energy
AWD-02097,SANDRN_2_SS1SR1,DA,2025-07-06,14,34.0,13.81,energy
AWD-02098,SANDRN_2_SS1SR1,DA,2025-07-06,15,54.7,33.31,energy
AWD-02099,SANDRN_2_SS1SR1,DA,2025-07-06,16,47.6,70.5,energy
AWD-02100,SANDRN_2_SS1SR1,DA,2025-07-06,17,56.9,59.96,energy
AWD-02101,SANDRN_2_SS1SR1,DA,2025-07-06,18,56.4,64.78,energy
AWD-02102,SANDRN_2_SS1SR1,DA,2025-07-06,19,23.9,25.93,REG
AWD-02103,SANDRN_2_SS1SR1,DA,2025-07-06,20,68.7,13.47,energy
AWD-02104,SANDRN_2_SS1SR1,DA,2025-07-06,21,49.6,62.77,energy
AWD-02105,SANDRN_2_SS1SR1,DA,2025-07-06,22,62.0,11.81,energy
AWD-02106,SANDRN_2_SS1SR1,DA,2025-07-06,23,62.7,76.11,energy
AWD-02107,SANDRN_2_SS1SR1,DA,2025-07-06,24,30.0,78.56,REG
AWD-02108,SANDRN_2_SS1SR1,DA,2025-07-07,2,25.8,62.64,energy
AWD-02109,SANDRN_2_SS1SR1,DA,2025-07-07,3,64.3,59.27,energy
AWD-02110,SANDRN_2_SS1SR1,DA,2025-07-07,4,53.3,77.78,energy
AWD-02111,SANDRN_2_SS1SR1,DA,2025-07-07,5,54.0,67.56,energy
AWD-02112,SANDRN_2_SS1SR1,DA,2025-07-07,6,61.3,11.88,energy
AWD-02113,SANDRN_2_SS1SR1,DA,2025-07-07,7,52.3,79.19,energy
AWD-02114,SANDRN_2_SS1SR1,DA,2025-07-07,8,24.4,59.55,energy
AWD-02115,SANDRN_2_SS1SR1,DA,2025-07-07,9,51.3,11.03,energy
AWD-02116,SANDRN_2_SS1SR1,DA,2025-07-07,10,51.6,30.59,energy
AWD-02117,SANDRN_2_SS1SR1,DA,2025-07-07,11,30.6,52.32,energy
AWD-02118,SANDRN_2_SS1SR1,DA,2025-07-07,12,55.1,57.56,energy
AWD-02119,SANDRN_2_SS1SR1,DA,2025-07-07,13,70.6,40.5,energy
AWD-02120,SANDRN_2_SS1SR1,DA,2025-07-07,14,39.8,56.72,energy
AWD-02121,SANDRN_2_SS1SR1,DA,2025-07-07,15,63.4,57.7,energy
AWD-02122,SANDRN_2_SS1SR1,DA,2025-07-07,16,27.1,64.81,energy
AWD-02123,SANDRN_2_SS1SR1,DA,2025-07-07,17,23.9,27.4,energy
AWD-02124,SANDRN_2_SS1SR1,DA,2025-07-07,18,57.6,67.9,energy
AWD-02125,SANDRN_2_SS1SR1,DA,2025-07-07,19,24.3,57.89,energy
AWD-02126,SANDRN_2_SS1SR1,DA,2025-07-07,20,59.1,22.46,energy
AWD-02127,SANDRN_2_SS1SR1,DA,2025-07-07,21,47.0,75.48,energy
AWD-02128,SANDRN_2_SS1SR1,DA,2025-07-07,22,38.6,48.91,energy
AWD-02129,SANDRN_2_SS1SR1,DA,2025-07-07,23,41.7,73.53,energy
AWD-02130,SANDRN_2_SS1SR1,DA,2025-07-07,24,52.9,17.21,energy
