node,operating_date,hour_ending,forecast_lmp,actual_rt_lmp
SPRNGFLD_1_SOLAR,2025-07-01,1,10.93,13.58
SPRNGFLD_1_SOLAR,2025-07-01,2,-18.76,6.34
SPRNGFLD_1_SOLAR,2025-07-01,3,-6.9,5.16
SPRNGFLD_1_SOLAR,2025-07-01,4,1.71,23.45
SPRNGFLD_1_SOLAR,2025-07-01,5,33.97,5.25
SPRNGFLD_1_SOLAR,2025-07-01,6,15.18,18.13
SPRNGFLD_1_SOLAR,2025-07-01,7,36.18,20.48
SPRNGFLD_1_SOLAR,2025-07-01,8,49.64,24.58
SPRNGFLD_1_SOLAR,2025-07-01,9,38.69,5.02
SPRNGFLD_1_SOLAR,2025-07-01,10,31.69,50.0
SPRNGFLD_1_SOLAR,2025-07-01,11,-26.67,-16.75
SPRNGFLD_1_SOLAR,2025-07-01,12,-19.3,-5.0
SPRNGFLD_1_SOLAR,2025-07-01,13,42.69,36.67
SPRNGFLD_1_SOLAR,2025-07-01,14,53.93,37.24
SPRNGFLD_1_SOLAR,2025-07-01,15,41.61,16.83
SPRNGFLD_1_SOLAR,2025-07-01,16,32.01,29.67
SPRNGFLD_1_SOLAR,2025-07-01,17,39.59,45.13
SPRNGFLD_1_SOLAR,2025-07-01,18,20.21,24.32
SPRNGFLD_1_SOLAR,2025-07-01,19,34.34,24.49
SPRNGFLD_1_SOLAR,2025-07-01,20,22.9,-3.01
SPRNGFLD_1_SOLAR,2025-07-01,21,17.81,35.0
SPRNGFLD_1_SOLAR,2025-07-01,22,17.21,32.94
SPRNGFLD_1_SOLAR,2025-07-01,23,1.58,-0.74
SPRNGFLD_1_SOLAR,2025-07-01,24,3.03,11.41
SPRNGFLD_1_SOLAR,2025-07-02,1,13.13,2.74
SPRNGFLD_1_SOLAR,2025-07-02,2,24.74,41.14
SPRNGFLD_1_SOLAR,2025-07-02,3,12.71,4.34
SPRNGFLD_1_SOLAR,2025-07-02,4,38.0,46.68
SPRNGFLD_1_SOLAR,2025-07-02,5,84.59,44.74
SPRNGFLD_1_SOLAR,2025-07-02,6,16.45,25.1
SPRNGFLD_1_SOLAR,2025-07-02,7,33.42,36.63
SPRNGFLD_1_SOLAR,2025-07-02,8,36.51,49.33
SPRNGFLD_1_SOLAR,2025-07-02,9,32.88,16.37
SPRNGFLD_1_SOLAR,2025-07-02,10,42.68,50.59
SPRNGFLD_1_SOLAR,2025-07-02,11,42.27,40.8
SPRNGFLD_1_SOLAR,2025-07-02,12,55.75,64.08
SPRNGFLD_1_SOLAR,2025-07-02,13,71.85,65.67
SPRNGFLD_1_SOLAR,2025-07-02,14,40.42,35.39
SPRNGFLD_1_SOLAR,2025-07-02,15,48.06,18.27
SPRNGFLD_1_SOLAR,2025-07-02,16,37.73,46.88
SPRNGFLD_1_SOLAR,2025-07-02,17,40.95,31.71
SPRNGFLD_1_SOLAR,2025-07-02,18,16.62,9.54
SPRNGFLD_1_SOLAR,2025-07-02,19,30.47,26.86
SPRNGFLD_1_SOLAR,2025-07-02,20,37.89,41.48
SPRNGFLD_1_SOLAR,2025-07-02,21,2.37,-9.43
SPRNGFLD_1_SOLAR,2025-07-02,22,3.88,-12.94
SPRNGFLD_1_SOLAR,2025-07-02,23,1.96,5.21
SPRNGFLD_1_SOLAR,2025-07-02,24,-0.43,3.47
SPRNGFLD_1_SOLAR,2025-07-03,1,4.11,11.57
SPRNGFLD_1_SOLAR,2025-07-03,2,15.04,-5.2
SPRNGFLD_1_SOLAR,2025-07-03,3,17.96,6.28
SPRNGFLD_1_SOLAR,2025-07-03,4,28.38,14.27
SPRNGFLD_1_SOLAR,2025-07-03,5,62.8,59.76
SPRNGFLD_1_SOLAR,2025-07-03,6,29.91,22.34
SPRNGFLD_1_SOLAR,2025-07-03,7,25.58,44.09
SPRNGFLD_1_SOLAR,2025-07-03,8,52.94,70.17
SPRNGFLD_1_SOLAR,2025-07-03,9,54.59,38.75
SPRNGFLD_1_SOLAR,2025-07-03,10,52.05,35.47
SPRNGFLD_1_SOLAR,2025-07-03,11,50.65,40.96
SPRNGFLD_1_SOLAR,2025-07-03,12,42.45,37.34
SPRNGFLD_1_SOLAR,2025-07-03,13,39.92,54.09
SPRNGFLD_1_SOLAR,2025-07-03,14,44.86,69.21
SPRNGFLD_1_SOLAR,2025-07-03,15,28.35,30.84
SPRNGFLD_1_SOLAR,2025-07-03,16,46.69,54.33
SPRNGFLD_1_SOLAR,2025-07-03,17,14.47,3.0
SPRNGFLD_1_SOLAR,2025-07-03,18,-6.75,39.67
SPRNGFLD_1_SOLAR,2025-07-03,19,142.52,208.67
SPRNGFLD_1_SOLAR,2025-07-03,20,122.68,188.08
SPRNGFLD_1_SOLAR,2025-07-03,21,15.58,-0.64
SPRNGFLD_1_SOLAR,2025-07-03,22,37.51,43.05
SPRNGFLD_1_SOLAR,2025-07-03,23,20.33,3.71
SPRNGFLD_1_SOLAR,2025-07-03,24,0.53,-14.47
SPRNGFLD_1_SOLAR,2025-07-04,1,20.54,37.41
SPRNGFLD_1_SOLAR,2025-07-04,2,-21.1,-5.0
SPRNGFLD_1_SOLAR,2025-07-04,3,-5.79,-5.28
SPRNGFLD_1_SOLAR,2025-07-04,4,27.96,25.2
SPRNGFLD_1_SOLAR,2025-07-04,5,13.5,46.75
SPRNGFLD_1_SOLAR,2025-07-04,6,29.43,68.15
SPRNGFLD_1_SOLAR,2025-07-04,7,48.47,28.57
SPRNGFLD_1_SOLAR,2025-07-04,8,27.14,36.53
SPRNGFLD_1_SOLAR,2025-07-04,9,43.64,52.62
SPRNGFLD_1_SOLAR,2025-07-04,10,61.47,50.96
SPRNGFLD_1_SOLAR,2025-07-04,11,29.09,18.13
SPRNGFLD_1_SOLAR,2025-07-04,12,45.72,33.05
SPRNGFLD_1_SOLAR,2025-07-04,13,65.77,56.83
SPRNGFLD_1_SOLAR,2025-07-04,14,39.0,37.5
SPRNGFLD_1_SOLAR,2025-07-04,15,58.75,55.49
SPRNGFLD_1_SOLAR,2025-07-04,16,53.58,64.71
SPRNGFLD_1_SOLAR,2025-07-04,17,39.71,46.32
SPRNGFLD_1_SOLAR,2025-07-04,18,25.12,29.99
SPRNGFLD_1_SOLAR,2025-07-04,19,40.29,87.76
SPRNGFLD_1_SOLAR,2025-07-04,20,32.84,48.13
SPRNGFLD_1_SOLAR,2025-07-04,21,5.41,24.09
SPRNGFLD_1_SOLAR,2025-07-04,22,1.58,1.4
SPRNGFLD_1_SOLAR,2025-07-04,23,6.31,7.06
SPRNGFLD_1_SOLAR,2025-07-04,24,46.76,5.14
SPRNGFLD_1_SOLAR,2025-07-05,1,-41.84,-72.51
SPRNGFLD_1_SOLAR,2025-07-05,2,-28.0,-10.17
SPRNGFLD_1_SOLAR,2025-07-05,3,15.0,18.89
SPRNGFLD_1_SOLAR,2025-07-05,4,42.26,71.54
SPRNGFLD_1_SOLAR,2025-07-05,5,-0.88,7.37
SPRNGFLD_1_SOLAR,2025-07-05,6,15.68,36.17
SPRNGFLD_1_SOLAR,2025-07-05,7,37.06,25.53
SPRNGFLD_1_SOLAR,2025-07-05,8,27.48,58.04
SPRNGFLD_1_SOLAR,2025-07-05,9,26.0,27.12
SPRNGFLD_1_SOLAR,2025-07-05,10,42.58,32.77
SPRNGFLD_1_SOLAR,2025-07-05,11,58.25,73.04
SPRNGFLD_1_SOLAR,2025-07-05,12,34.85,78.54
SPRNGFLD_1_SOLAR,2025-07-05,13,45.63,26.86
SPRNGFLD_1_SOLAR,2025-07-05,14,46.75,73.03
SPRNGFLD_1_SOLAR,2025-07-05,15,62.98,29.96
SPRNGFLD_1_SOLAR,2025-07-05,16,25.51,25.47
SPRNGFLD_1_SOLAR,2025-07-05,17,12.31,-4.27
SPRNGFLD_1_SOLAR,2025-07-05,18,243.96,263.5
SPRNGFLD_1_SOLAR,2025-07-05,19,30.65,60.63
SPRNGFLD_1_SOLAR,2025-07-05,20,327.0,317.53
SPRNGFLD_1_SOLAR,2025-07-05,21,13.57,10.78
SPRNGFLD_1_SOLAR,2025-07-05,22,2.17,23.74
SPRNGFLD_1_SOLAR,2025-07-05,23,31.27,7.97
SPRNGFLD_1_SOLAR,2025-07-05,24,27.81,2.05
SPRNGFLD_1_SOLAR,2025-07-06,1,21.71,17.98
SPRNGFLD_1_SOLAR,2025-07-06,2,4.16,10.93
SPRNGFLD_1_SOLAR,2025-07-06,3,-15.5,-5.91
SPRNGFLD_1_SOLAR,2025-07-06,4,35.1,33.61
SPRNGFLD_1_SOLAR,2025-07-06,5,24.61,31.68
SPRNGFLD_1_SOLAR,2025-07-06,6,38.67,24.87
SPRNGFLD_1_SOLAR,2025-07-06,7,14.24,-1.01
SPRNGFLD_1_SOLAR,2025-07-06,8,43.81,50.74
SPRNGFLD_1_SOLAR,2025-07-06,9,62.85,53.08
SPRNGFLD_1_SOLAR,2025-07-06,10,43.57,47.16
SPRNGFLD_1_SOLAR,2025-07-06,11,58.23,63.4
SPRNGFLD_1_SOLAR,2025-07-06,12,42.45,52.17
SPRNGFLD_1_SOLAR,2025-07-06,13,53.44,37.41
SPRNGFLD_1_SOLAR,2025-07-06,14,53.65,57.22
SPRNGFLD_1_SOLAR,2025-07-06,15,43.79,67.35
SPRNGFLD_1_SOLAR,2025-07-06,16,15.55,11.73
SPRNGFLD_1_SOLAR,2025-07-06,17,42.34,58.63
SPRNGFLD_1_SOLAR,2025-07-06,18,281.1,283.04
SPRNGFLD_1_SOLAR,2025-07-06,19,16.73,15.42
SPRNGFLD_1_SOLAR,2025-07-06,20,15.3,28.97
SPRNGFLD_1_SOLAR,2025-07-06,21,17.93,11.53
SPRNGFLD_1_SOLAR,2025-07-06,22,7.22,8.12
SPRNGFLD_1_SOLAR,2025-07-06,23,19.13,5.53
SPRNGFLD_1_SOLAR,2025-07-06,24,2.59,8.77
SPRNGFLD_1_SOLAR,2025-07-07,1,0.56,-24.91
SPRNGFLD_1_SOLAR,2025-07-07,2,-29.56,5.37
SPRNGFLD_1_SOLAR,2025-07-07,3,5.64,19.04
SPRNGFLD_1_SOLAR,2025-07-07,4,-41.2,-43.95
SPRNGFLD_1_SOLAR,2025-07-07,5,28.94,15.64
SPRNGFLD_1_SOLAR,2025-07-07,6,32.8,58.18
SPRNGFLD_1_SOLAR,2025-07-07,7,27.42,40.12
SPRNGFLD_1_SOLAR,2025-07-07,8,51.94,40.88
SPRNGFLD_1_SOLAR,2025-07-07,9,39.47,46.57
SPRNGFLD_1_SOLAR,2025-07-07,10,69.96,36.7
SPRNGFLD_1_SOLAR,2025-07-07,11,55.32,57.03
SPRNGFLD_1_SOLAR,2025-07-07,12,53.07,73.58
SPRNGFLD_1_SOLAR,2025-07-07,13,-27.33,-34.61
SPRNGFLD_1_SOLAR,2025-07-07,14,70.94,57.1
SPRNGFLD_1_SOLAR,2025-07-07,15,32.65,26.75
SPRNGFLD_1_SOLAR,2025-07-07,16,13.14,10.87
SPRNGFLD_1_SOLAR,2025-07-07,17,25.66,29.85
SPRNGFLD_1_SOLAR,2025-07-07,18,38.75,61.56
SPRNGFLD_1_SOLAR,2025-07-07,19,27.59,45.1
SPRNGFLD_1_SOLAR,2025-07-07,20,5.81,34.27
SPRNGFLD_1_SOLAR,2025-07-07,21,7.63,10.89
SPRNGFLD_1_SOLAR,2025-07-07,22,9.41,-0.83
SPRNGFLD_1_SOLAR,2025-07-07,23,13.85,12.79
SPRNGFLD_1_SOLAR,2025-07-07,24,19.94,16.94
BURNS_1_BESS,2025-07-01,1,-8.62,-27.36
BURNS_1_BESS,2025-07-01,2,17.13,13.43
BURNS_1_BESS,2025-07-01,3,-4.55,-31.06
BURNS_1_BESS,2025-07-01,4,4.17,14.34
BURNS_1_BESS,2025-07-01,5,3.76,28.65
BURNS_1_BESS,2025-07-01,6,33.73,22.09
BURNS_1_BESS,2025-07-01,7,50.56,52.43
BURNS_1_BESS,2025-07-01,8,50.64,52.8
BURNS_1_BESS,2025-07-01,9,68.88,91.08
BURNS_1_BESS,2025-07-01,10,52.23,59.4
BURNS_1_BESS,2025-07-01,11,69.81,76.3
BURNS_1_BESS,2025-07-01,12,-28.66,-39.35
BURNS_1_BESS,2025-07-01,13,28.22,53.68
BURNS_1_BESS,2025-07-01,14,50.25,55.39
BURNS_1_BESS,2025-07-01,15,61.07,60.28
BURNS_1_BESS,2025-07-01,16,52.56,35.59
BURNS_1_BESS,2025-07-01,17,13.97,17.31
BURNS_1_BESS,2025-07-01,18,42.48,33.35
BURNS_1_BESS,2025-07-01,19,28.07,14.43
BURNS_1_BESS,2025-07-01,20,14.65,9.57
BURNS_1_BESS,2025-07-01,21,32.37,18.97
BURNS_1_BESS,2025-07-01,22,39.82,28.44
BURNS_1_BESS,2025-07-01,23,-3.32,-0.93
BURNS_1_BESS,2025-07-01,24,3.02,-6.54
BURNS_1_BESS,2025-07-02,1,14.1,-6.53
BURNS_1_BESS,2025-07-02,2,-2.83,-13.5
BURNS_1_BESS,2025-07-02,3,10.85,12.07
BURNS_1_BESS,2025-07-02,4,37.81,19.2
BURNS_1_BESS,2025-07-02,5,22.83,10.88
BURNS_1_BESS,2025-07-02,6,26.99,-7.28
BURNS_1_BESS,2025-07-02,7,8.32,40.52
BURNS_1_BESS,2025-07-02,8,58.77,52.71
BURNS_1_BESS,2025-07-02,9,41.33,54.58
BURNS_1_BESS,2025-07-02,10,66.68,94.9
BURNS_1_BESS,2025-07-02,11,36.57,33.71
BURNS_1_BESS,2025-07-02,12,39.61,28.32
BURNS_1_BESS,2025-07-02,13,5.78,-26.15
BURNS_1_BESS,2025-07-02,14,60.5,77.41
BURNS_1_BESS,2025-07-02,15,35.67,66.26
BURNS_1_BESS,2025-07-02,16,41.42,27.85
BURNS_1_BESS,2025-07-02,17,36.45,58.49
BURNS_1_BESS,2025-07-02,18,12.75,16.77
BURNS_1_BESS,2025-07-02,19,34.23,19.14
BURNS_1_BESS,2025-07-02,20,-2.68,14.45
BURNS_1_BESS,2025-07-02,21,8.61,1.89
BURNS_1_BESS,2025-07-02,22,28.8,2.66
BURNS_1_BESS,2025-07-02,23,6.39,-5.78
BURNS_1_BESS,2025-07-02,24,-24.61,-4.76
BURNS_1_BESS,2025-07-03,1,21.04,13.31
BURNS_1_BESS,2025-07-03,2,8.7,18.24
BURNS_1_BESS,2025-07-03,3,29.5,24.25
BURNS_1_BESS,2025-07-03,4,-10.96,11.46
BURNS_1_BESS,2025-07-03,5,5.73,4.15
BURNS_1_BESS,2025-07-03,6,39.87,-8.31
BURNS_1_BESS,2025-07-03,7,29.41,25.99
BURNS_1_BESS,2025-07-03,8,30.2,36.73
BURNS_1_BESS,2025-07-03,9,27.83,36.77
BURNS_1_BESS,2025-07-03,10,71.08,50.99
BURNS_1_BESS,2025-07-03,11,-53.64,-53.26
BURNS_1_BESS,2025-07-03,12,41.32,55.38
BURNS_1_BESS,2025-07-03,13,31.14,76.24
BURNS_1_BESS,2025-07-03,14,37.84,14.13
BURNS_1_BESS,2025-07-03,15,59.52,47.18
BURNS_1_BESS,2025-07-03,16,48.02,68.58
BURNS_1_BESS,2025-07-03,17,46.52,35.69
BURNS_1_BESS,2025-07-03,18,-27.42,32.87
BURNS_1_BESS,2025-07-03,19,-14.02,22.46
BURNS_1_BESS,2025-07-03,20,-69.18,3.33
BURNS_1_BESS,2025-07-03,21,31.77,21.75
BURNS_1_BESS,2025-07-03,22,0.5,-22.82
BURNS_1_BESS,2025-07-03,23,-7.29,-13.3
BURNS_1_BESS,2025-07-03,24,11.58,35.33
BURNS_1_BESS,2025-07-04,1,10.65,10.66
BURNS_1_BESS,2025-07-04,2,19.3,23.03
BURNS_1_BESS,2025-07-04,3,-12.69,2.89
BURNS_1_BESS,2025-07-04,4,38.38,60.39
BURNS_1_BESS,2025-07-04,5,11.39,26.01
BURNS_1_BESS,2025-07-04,6,19.77,6.83
BURNS_1_BESS,2025-07-04,7,49.63,56.3
BURNS_1_BESS,2025-07-04,8,23.72,48.96
BURNS_1_BESS,2025-07-04,9,49.74,50.34
BURNS_1_BESS,2025-07-04,10,39.48,34.76
BURNS_1_BESS,2025-07-04,11,58.98,73.56
BURNS_1_BESS,2025-07-04,12,54.22,82.28
BURNS_1_BESS,2025-07-04,13,36.81,31.04
BURNS_1_BESS,2025-07-04,14,26.27,51.97
BURNS_1_BESS,2025-07-04,15,37.0,49.86
BURNS_1_BESS,2025-07-04,16,23.01,25.92
BURNS_1_BESS,2025-07-04,17,57.31,61.57
BURNS_1_BESS,2025-07-04,18,48.32,41.98
BURNS_1_BESS,2025-07-04,19,34.6,33.62
BURNS_1_BESS,2025-07-04,20,24.33,59.0
BURNS_1_BESS,2025-07-04,21,11.95,19.2
BURNS_1_BESS,2025-07-04,22,8.37,23.5
BURNS_1_BESS,2025-07-04,23,37.4,43.93
BURNS_1_BESS,2025-07-04,24,13.63,2.12
BURNS_1_BESS,2025-07-05,1,-48.41,-43.73
BURNS_1_BESS,2025-07-05,2,27.79,-13.61
BURNS_1_BESS,2025-07-05,3,-2.87,-16.47
BURNS_1_BESS,2025-07-05,4,15.38,1.06
BURNS_1_BESS,2025-07-05,5,24.09,18.28
BURNS_1_BESS,2025-07-05,6,-4.91,2.22
BURNS_1_BESS,2025-07-05,7,34.87,43.31
BURNS_1_BESS,2025-07-05,8,61.44,75.39
BURNS_1_BESS,2025-07-05,9,41.36,24.85
BURNS_1_BESS,2025-07-05,10,83.74,73.94
BURNS_1_BESS,2025-07-05,11,61.65,49.1
BURNS_1_BESS,2025-07-05,12,43.14,51.18
BURNS_1_BESS,2025-07-05,13,52.37,40.84
BURNS_1_BESS,2025-07-05,14,55.56,21.32
BURNS_1_BESS,2025-07-05,15,14.41,4.75
BURNS_1_BESS,2025-07-05,16,18.63,31.28
BURNS_1_BESS,2025-07-05,17,51.04,34.25
BURNS_1_BESS,2025-07-05,18,34.08,36.42
BURNS_1_BESS,2025-07-05,19,184.74,215.32
BURNS_1_BESS,2025-07-05,20,201.07,224.56
BURNS_1_BESS,2025-07-05,21,5.07,6.13
BURNS_1_BESS,2025-07-05,22,14.69,14.77
BURNS_1_BESS,2025-07-05,23,-10.89,9.15
BURNS_1_BESS,2025-07-05,24,4.62,1.98
BURNS_1_BESS,2025-07-06,1,30.91,24.45
BURNS_1_BESS,2025-07-06,2,33.52,14.03
BURNS_1_BESS,2025-07-06,3,-48.25,-50.79
BURNS_1_BESS,2025-07-06,4,36.89,4.49
BURNS_1_BESS,2025-07-06,5,29.0,0.17
BURNS_1_BESS,2025-07-06,6,57.25,16.86
BURNS_1_BESS,2025-07-06,7,40.67,21.54
BURNS_1_BESS,2025-07-06,8,56.35,19.92
BURNS_1_BESS,2025-07-06,9,31.57,18.44
BURNS_1_BESS,2025-07-06,10,61.72,56.58
BURNS_1_BESS,2025-07-06,11,-26.52,-17.72
BURNS_1_BESS,2025-07-06,12,75.2,81.63
BURNS_1_BESS,2025-07-06,13,65.59,48.27
BURNS_1_BESS,2025-07-06,14,24.94,35.95
BURNS_1_BESS,2025-07-06,15,14.31,36.13
BURNS_1_BESS,2025-07-06,16,78.67,70.82
BURNS_1_BESS,2025-07-06,17,34.23,38.38
BURNS_1_BESS,2025-07-06,18,49.44,69.77
BURNS_1_BESS,2025-07-06,19,7.81,-12.78
BURNS_1_BESS,2025-07-06,20,8.51,19.5
BURNS_1_BESS,2025-07-06,21,13.47,-11.36
BURNS_1_BESS,2025-07-06,22,4.16,-16.83
BURNS_1_BESS,2025-07-06,23,-22.91,16.72
BURNS_1_BESS,2025-07-06,24,1.4,40.0
BURNS_1_BESS,2025-07-07,1,1.48,18.38
BURNS_1_BESS,2025-07-07,2,-31.68,-50.45
BURNS_1_BESS,2025-07-07,3,3.39,13.77
BURNS_1_BESS,2025-07-07,4,25.42,46.21
BURNS_1_BESS,2025-07-07,5,9.3,3.23
BURNS_1_BESS,2025-07-07,6,44.01,42.99
BURNS_1_BESS,2025-07-07,7,31.21,38.24
BURNS_1_BESS,2025-07-07,8,25.75,39.53
BURNS_1_BESS,2025-07-07,9,28.6,27.56
BURNS_1_BESS,2025-07-07,10,43.36,59.76
BURNS_1_BESS,2025-07-07,11,61.37,66.77
BURNS_1_BESS,2025-07-07,12,54.65,65.23
BURNS_1_BESS,2025-07-07,13,47.07,33.18
BURNS_1_BESS,2025-07-07,14,43.14,54.74
BURNS_1_BESS,2025-07-07,15,60.63,27.71
BURNS_1_BESS,2025-07-07,16,22.8,44.99
BURNS_1_BESS,2025-07-07,17,35.43,45.0
BURNS_1_BESS,2025-07-07,18,31.25,30.73
BURNS_1_BESS,2025-07-07,19,13.17,18.29
BURNS_1_BESS,2025-07-07,20,32.63,15.04
BURNS_1_BESS,2025-07-07,21,23.24,15.27
BURNS_1_BESS,2025-07-07,22,10.12,-12.14
BURNS_1_BESS,2025-07-07,23,4.08,19.83
BURNS_1_BESS,2025-07-07,24,21.14,22.93
SHELBY_2_HYBRD,2025-07-01,1,-14.4,-2.07
SHELBY_2_HYBRD,2025-07-01,2,19.0,20.52
SHELBY_2_HYBRD,2025-07-01,3,17.02,31.82
SHELBY_2_HYBRD,2025-07-01,4,9.51,33.91
SHELBY_2_HYBRD,2025-07-01,5,14.44,42.17
SHELBY_2_HYBRD,2025-07-01,6,44.78,37.96
SHELBY_2_HYBRD,2025-07-01,7,35.08,26.74
SHELBY_2_HYBRD,2025-07-01,8,18.94,12.78
SHELBY_2_HYBRD,2025-07-01,9,40.4,22.58
SHELBY_2_HYBRD,2025-07-01,10,53.94,50.48
SHELBY_2_HYBRD,2025-07-01,11,51.27,49.84
SHELBY_2_HYBRD,2025-07-01,12,48.09,35.96
SHELBY_2_HYBRD,2025-07-01,13,54.93,58.94
SHELBY_2_HYBRD,2025-07-01,14,58.94,83.31
SHELBY_2_HYBRD,2025-07-01,15,21.64,29.55
SHELBY_2_HYBRD,2025-07-01,16,29.85,25.84
SHELBY_2_HYBRD,2025-07-01,17,32.94,31.39
SHELBY_2_HYBRD,2025-07-01,18,35.04,22.52
SHELBY_2_HYBRD,2025-07-01,19,31.44,30.47
SHELBY_2_HYBRD,2025-07-01,20,24.87,17.79
SHELBY_2_HYBRD,2025-07-01,21,17.18,-4.85
SHELBY_2_HYBRD,2025-07-01,22,18.47,55.09
SHELBY_2_HYBRD,2025-07-01,23,-1.07,-1.27
SHELBY_2_HYBRD,2025-07-01,24,10.05,17.88
SHELBY_2_HYBRD,2025-07-02,1,-15.75,-1.47
SHELBY_2_HYBRD,2025-07-02,2,-0.75,-12.07
SHELBY_2_HYBRD,2025-07-02,3,13.73,7.33
SHELBY_2_HYBRD,2025-07-02,4,9.13,18.18
SHELBY_2_HYBRD,2025-07-02,5,-17.91,-23.03
SHELBY_2_HYBRD,2025-07-02,6,44.48,47.21
SHELBY_2_HYBRD,2025-07-02,7,53.76,31.44
SHELBY_2_HYBRD,2025-07-02,8,11.16,30.55
SHELBY_2_HYBRD,2025-07-02,9,51.37,51.12
SHELBY_2_HYBRD,2025-07-02,10,66.21,62.98
SHELBY_2_HYBRD,2025-07-02,11,60.03,64.1
SHELBY_2_HYBRD,2025-07-02,12,65.11,78.21
SHELBY_2_HYBRD,2025-07-02,13,49.72,50.04
SHELBY_2_HYBRD,2025-07-02,14,38.89,47.85
SHELBY_2_HYBRD,2025-07-02,15,73.79,43.96
SHELBY_2_HYBRD,2025-07-02,16,50.75,37.79
SHELBY_2_HYBRD,2025-07-02,17,35.84,54.64
SHELBY_2_HYBRD,2025-07-02,18,30.23,32.61
SHELBY_2_HYBRD,2025-07-02,19,18.83,12.11
SHELBY_2_HYBRD,2025-07-02,20,4.56,20.21
SHELBY_2_HYBRD,2025-07-02,21,34.05,21.96
SHELBY_2_HYBRD,2025-07-02,22,40.03,3.15
SHELBY_2_HYBRD,2025-07-02,23,12.24,18.57
SHELBY_2_HYBRD,2025-07-02,24,13.53,2.07
SHELBY_2_HYBRD,2025-07-03,1,16.59,9.67
SHELBY_2_HYBRD,2025-07-03,2,-10.91,-33.63
SHELBY_2_HYBRD,2025-07-03,3,8.42,15.93
SHELBY_2_HYBRD,2025-07-03,4,25.4,-11.84
SHELBY_2_HYBRD,2025-07-03,5,24.26,47.49
SHELBY_2_HYBRD,2025-07-03,6,21.62,-17.46
SHELBY_2_HYBRD,2025-07-03,7,42.87,32.05
SHELBY_2_HYBRD,2025-07-03,8,25.46,40.42
SHELBY_2_HYBRD,2025-07-03,9,55.2,38.12
SHELBY_2_HYBRD,2025-07-03,10,39.65,47.61
SHELBY_2_HYBRD,2025-07-03,11,59.01,54.33
SHELBY_2_HYBRD,2025-07-03,12,37.78,62.63
SHELBY_2_HYBRD,2025-07-03,13,46.65,52.51
SHELBY_2_HYBRD,2025-07-03,14,23.87,30.17
SHELBY_2_HYBRD,2025-07-03,15,40.3,41.44
SHELBY_2_HYBRD,2025-07-03,16,44.74,44.37
SHELBY_2_HYBRD,2025-07-03,17,42.36,39.8
SHELBY_2_HYBRD,2025-07-03,18,-14.11,29.25
SHELBY_2_HYBRD,2025-07-03,19,-31.73,37.24
SHELBY_2_HYBRD,2025-07-03,20,323.75,385.06
SHELBY_2_HYBRD,2025-07-03,21,33.84,35.72
SHELBY_2_HYBRD,2025-07-03,22,-6.94,1.62
SHELBY_2_HYBRD,2025-07-03,23,5.88,3.07
SHELBY_2_HYBRD,2025-07-03,24,6.71,-8.32
SHELBY_2_HYBRD,2025-07-04,1,11.98,3.06
SHELBY_2_HYBRD,2025-07-04,2,0.61,11.3
SHELBY_2_HYBRD,2025-07-04,3,-46.35,-32.72
SHELBY_2_HYBRD,2025-07-04,4,44.97,37.28
SHELBY_2_HYBRD,2025-07-04,5,30.62,39.06
SHELBY_2_HYBRD,2025-07-04,6,25.38,19.61
SHELBY_2_HYBRD,2025-07-04,7,31.68,17.76
SHELBY_2_HYBRD,2025-07-04,8,60.77,68.19
SHELBY_2_HYBRD,2025-07-04,9,58.19,42.33
SHELBY_2_HYBRD,2025-07-04,10,59.97,18.77
SHELBY_2_HYBRD,2025-07-04,11,-46.63,-56.69
SHELBY_2_HYBRD,2025-07-04,12,49.03,35.76
SHELBY_2_HYBRD,2025-07-04,13,59.75,68.56
SHELBY_2_HYBRD,2025-07-04,14,69.91,75.18
SHELBY_2_HYBRD,2025-07-04,15,51.0,35.04
SHELBY_2_HYBRD,2025-07-04,16,40.15,52.88
SHELBY_2_HYBRD,2025-07-04,17,42.15,53.66
SHELBY_2_HYBRD,2025-07-04,18,373.78,365.67
SHELBY_2_HYBRD,2025-07-04,19,30.97,40.96
SHELBY_2_HYBRD,2025-07-04,20,20.17,56.75
SHELBY_2_HYBRD,2025-07-04,21,-2.23,2.08
SHELBY_2_HYBRD,2025-07-04,22,13.16,15.84
SHELBY_2_HYBRD,2025-07-04,23,19.35,7.3
SHELBY_2_HYBRD,2025-07-04,24,20.17,41.89
SHELBY_2_HYBRD,2025-07-05,1,31.39,34.5
SHELBY_2_HYBRD,2025-07-05,2,-6.32,9.86
SHELBY_2_HYBRD,2025-07-05,3,2.88,-11.75
SHELBY_2_HYBRD,2025-07-05,4,21.65,42.43
SHELBY_2_HYBRD,2025-07-05,5,26.92,-9.4
SHELBY_2_HYBRD,2025-07-05,6,23.57,47.95
SHELBY_2_HYBRD,2025-07-05,7,66.73,45.14
SHELBY_2_HYBRD,2025-07-05,8,43.61,50.21
SHELBY_2_HYBRD,2025-07-05,9,45.36,55.67
SHELBY_2_HYBRD,2025-07-05,10,48.22,30.19
SHELBY_2_HYBRD,2025-07-05,11,74.74,84.78
SHELBY_2_HYBRD,2025-07-05,12,44.65,43.74
SHELBY_2_HYBRD,2025-07-05,13,55.54,33.75
SHELBY_2_HYBRD,2025-07-05,14,55.91,46.19
SHELBY_2_HYBRD,2025-07-05,15,35.62,26.88
SHELBY_2_HYBRD,2025-07-05,16,52.46,54.37
SHELBY_2_HYBRD,2025-07-05,17,12.07,16.36
SHELBY_2_HYBRD,2025-07-05,18,3.99,23.23
SHELBY_2_HYBRD,2025-07-05,19,-9.46,29.29
SHELBY_2_HYBRD,2025-07-05,20,191.66,188.35
SHELBY_2_HYBRD,2025-07-05,21,-14.02,-1.28
SHELBY_2_HYBRD,2025-07-05,22,8.23,28.6
SHELBY_2_HYBRD,2025-07-05,23,13.18,-3.71
SHELBY_2_HYBRD,2025-07-05,24,4.36,9.43
SHELBY_2_HYBRD,2025-07-06,1,17.59,37.49
SHELBY_2_HYBRD,2025-07-06,2,12.2,22.95
SHELBY_2_HYBRD,2025-07-06,3,-33.23,-32.16
SHELBY_2_HYBRD,2025-07-06,4,21.1,10.17
SHELBY_2_HYBRD,2025-07-06,5,32.62,30.94
SHELBY_2_HYBRD,2025-07-06,6,24.18,0.82
SHELBY_2_HYBRD,2025-07-06,7,52.87,49.54
SHELBY_2_HYBRD,2025-07-06,8,50.39,6.54
SHELBY_2_HYBRD,2025-07-06,9,49.73,62.94
SHELBY_2_HYBRD,2025-07-06,10,49.09,42.8
SHELBY_2_HYBRD,2025-07-06,11,44.66,39.65
SHELBY_2_HYBRD,2025-07-06,12,52.57,43.01
SHELBY_2_HYBRD,2025-07-06,13,44.84,50.67
SHELBY_2_HYBRD,2025-07-06,14,38.99,77.06
SHELBY_2_HYBRD,2025-07-06,15,41.29,58.38
SHELBY_2_HYBRD,2025-07-06,16,51.12,36.52
SHELBY_2_HYBRD,2025-07-06,17,47.67,43.89
SHELBY_2_HYBRD,2025-07-06,18,8.75,29.26
SHELBY_2_HYBRD,2025-07-06,19,43.38,23.96
SHELBY_2_HYBRD,2025-07-06,20,35.42,26.26
SHELBY_2_HYBRD,2025-07-06,21,42.02,38.79
SHELBY_2_HYBRD,2025-07-06,22,14.68,24.7
SHELBY_2_HYBRD,2025-07-06,23,33.8,4.17
SHELBY_2_HYBRD,2025-07-06,24,-0.76,26.49
SHELBY_2_HYBRD,2025-07-07,1,7.89,28.35
SHELBY_2_HYBRD,2025-07-07,2,-34.93,-50.82
SHELBY_2_HYBRD,2025-07-07,3,-1.62,-21.58
SHELBY_2_HYBRD,2025-07-07,4,2.39,-22.21
SHELBY_2_HYBRD,2025-07-07,5,4.32,2.88
SHELBY_2_HYBRD,2025-07-07,6,23.11,21.2
SHELBY_2_HYBRD,2025-07-07,7,51.12,69.08
SHELBY_2_HYBRD,2025-07-07,8,19.89,7.27
SHELBY_2_HYBRD,2025-07-07,9,38.58,61.62
SHELBY_2_HYBRD,2025-07-07,10,47.0,42.48
SHELBY_2_HYBRD,2025-07-07,11,37.79,14.76
SHELBY_2_HYBRD,2025-07-07,12,57.04,96.83
SHELBY_2_HYBRD,2025-07-07,13,49.84,64.75
SHELBY_2_HYBRD,2025-07-07,14,69.13,59.13
SHELBY_2_HYBRD,2025-07-07,15,39.46,44.24
SHELBY_2_HYBRD,2025-07-07,16,34.33,28.25
SHELBY_2_HYBRD,2025-07-07,17,12.59,16.77
SHELBY_2_HYBRD,2025-07-07,18,13.89,3.56
SHELBY_2_HYBRD,2025-07-07,19,-7.16,11.65
SHELBY_2_HYBRD,2025-07-07,20,-0.73,24.21
SHELBY_2_HYBRD,2025-07-07,21,3.75,12.13
SHELBY_2_HYBRD,2025-07-07,22,-8.56,11.26
SHELBY_2_HYBRD,2025-07-07,23,26.82,32.48
SHELBY_2_HYBRD,2025-07-07,24,11.34,-2.46
KRUSTY_1_HYBRD,2025-07-01,1,17.68,23.53
KRUSTY_1_HYBRD,2025-07-01,2,8.07,7.49
KRUSTY_1_HYBRD,2025-07-01,3,30.39,33.68
KRUSTY_1_HYBRD,2025-07-01,4,9.74,3.04
KRUSTY_1_HYBRD,2025-07-01,5,36.6,31.81
KRUSTY_1_HYBRD,2025-07-01,6,34.08,38.52
KRUSTY_1_HYBRD,2025-07-01,7,32.33,32.14
KRUSTY_1_HYBRD,2025-07-01,8,47.59,39.62
KRUSTY_1_HYBRD,2025-07-01,9,45.95,49.92
KRUSTY_1_HYBRD,2025-07-01,10,62.72,37.99
KRUSTY_1_HYBRD,2025-07-01,11,76.0,52.98
KRUSTY_1_HYBRD,2025-07-01,12,56.08,62.55
KRUSTY_1_HYBRD,2025-07-01,13,52.46,85.91
KRUSTY_1_HYBRD,2025-07-01,14,38.55,21.2
KRUSTY_1_HYBRD,2025-07-01,15,40.78,81.96
KRUSTY_1_HYBRD,2025-07-01,16,40.98,56.55
KRUSTY_1_HYBRD,2025-07-01,17,61.21,43.65
KRUSTY_1_HYBRD,2025-07-01,18,33.11,60.12
KRUSTY_1_HYBRD,2025-07-01,19,24.73,3.15
KRUSTY_1_HYBRD,2025-07-01,20,354.35,338.54
KRUSTY_1_HYBRD,2025-07-01,21,14.19,-5.14
KRUSTY_1_HYBRD,2025-07-01,22,23.85,28.49
KRUSTY_1_HYBRD,2025-07-01,23,-22.1,-3.65
KRUSTY_1_HYBRD,2025-07-01,24,12.49,4.14
KRUSTY_1_HYBRD,2025-07-02,1,39.98,33.7
KRUSTY_1_HYBRD,2025-07-02,2,21.1,3.43
KRUSTY_1_HYBRD,2025-07-02,3,39.54,7.44
KRUSTY_1_HYBRD,2025-07-02,4,17.11,12.07
KRUSTY_1_HYBRD,2025-07-02,5,11.34,36.01
KRUSTY_1_HYBRD,2025-07-02,6,44.22,50.05
KRUSTY_1_HYBRD,2025-07-02,7,20.56,19.5
KRUSTY_1_HYBRD,2025-07-02,8,64.31,54.26
KRUSTY_1_HYBRD,2025-07-02,9,60.96,73.24
KRUSTY_1_HYBRD,2025-07-02,10,53.68,44.6
KRUSTY_1_HYBRD,2025-07-02,11,50.55,48.36
KRUSTY_1_HYBRD,2025-07-02,12,40.03,25.94
KRUSTY_1_HYBRD,2025-07-02,13,41.13,38.58
KRUSTY_1_HYBRD,2025-07-02,14,78.1,51.91
KRUSTY_1_HYBRD,2025-07-02,15,44.77,52.98
KRUSTY_1_HYBRD,2025-07-02,16,39.32,42.49
KRUSTY_1_HYBRD,2025-07-02,17,22.93,38.29
KRUSTY_1_HYBRD,2025-07-02,18,23.01,43.1
KRUSTY_1_HYBRD,2025-07-02,19,26.36,32.33
KRUSTY_1_HYBRD,2025-07-02,20,28.74,11.38
KRUSTY_1_HYBRD,2025-07-02,21,23.38,7.74
KRUSTY_1_HYBRD,2025-07-02,22,13.18,12.82
KRUSTY_1_HYBRD,2025-07-02,23,5.92,28.66
KRUSTY_1_HYBRD,2025-07-02,24,4.25,22.02
KRUSTY_1_HYBRD,2025-07-03,1,12.29,32.95
KRUSTY_1_HYBRD,2025-07-03,2,-38.24,-32.5
KRUSTY_1_HYBRD,2025-07-03,3,26.63,21.75
KRUSTY_1_HYBRD,2025-07-03,4,19.7,-8.99
KRUSTY_1_HYBRD,2025-07-03,5,25.77,15.76
KRUSTY_1_HYBRD,2025-07-03,6,42.91,16.16
KRUSTY_1_HYBRD,2025-07-03,7,28.59,31.77
KRUSTY_1_HYBRD,2025-07-03,8,34.76,32.17
KRUSTY_1_HYBRD,2025-07-03,9,25.67,32.35
KRUSTY_1_HYBRD,2025-07-03,10,60.3,33.05
KRUSTY_1_HYBRD,2025-07-03,11,-36.73,-36.5
KRUSTY_1_HYBRD,2025-07-03,12,42.15,48.35
KRUSTY_1_HYBRD,2025-07-03,13,0.88,3.91
KRUSTY_1_HYBRD,2025-07-03,14,24.21,30.28
KRUSTY_1_HYBRD,2025-07-03,15,26.58,5.41
KRUSTY_1_HYBRD,2025-07-03,16,35.37,56.8
KRUSTY_1_HYBRD,2025-07-03,17,23.0,-9.46
KRUSTY_1_HYBRD,2025-07-03,18,-15.92,30.42
KRUSTY_1_HYBRD,2025-07-03,19,-62.82,14.42
KRUSTY_1_HYBRD,2025-07-03,20,199.34,269.68
KRUSTY_1_HYBRD,2025-07-03,21,23.52,-1.84
KRUSTY_1_HYBRD,2025-07-03,22,6.67,36.63
KRUSTY_1_HYBRD,2025-07-03,23,1.73,-27.24
KRUSTY_1_HYBRD,2025-07-03,24,33.57,21.57
KRUSTY_1_HYBRD,2025-07-04,1,18.99,19.59
KRUSTY_1_HYBRD,2025-07-04,2,-1.59,-9.41
KRUSTY_1_HYBRD,2025-07-04,3,47.55,28.34
KRUSTY_1_HYBRD,2025-07-04,4,22.32,34.76
KRUSTY_1_HYBRD,2025-07-04,5,10.99,13.84
KRUSTY_1_HYBRD,2025-07-04,6,33.0,24.43
KRUSTY_1_HYBRD,2025-07-04,7,39.33,57.36
KRUSTY_1_HYBRD,2025-07-04,8,44.21,39.12
KRUSTY_1_HYBRD,2025-07-04,9,40.92,16.1
KRUSTY_1_HYBRD,2025-07-04,10,67.54,49.47
KRUSTY_1_HYBRD,2025-07-04,11,39.37,46.9
KRUSTY_1_HYBRD,2025-07-04,12,31.05,42.21
KRUSTY_1_HYBRD,2025-07-04,13,72.58,47.93
KRUSTY_1_HYBRD,2025-07-04,14,29.83,27.25
KRUSTY_1_HYBRD,2025-07-04,15,52.55,33.07
KRUSTY_1_HYBRD,2025-07-04,16,48.21,64.79
KRUSTY_1_HYBRD,2025-07-04,17,39.4,29.92
KRUSTY_1_HYBRD,2025-07-04,18,37.53,71.55
KRUSTY_1_HYBRD,2025-07-04,19,30.56,46.3
KRUSTY_1_HYBRD,2025-07-04,20,16.87,22.41
KRUSTY_1_HYBRD,2025-07-04,21,4.01,-24.09
KRUSTY_1_HYBRD,2025-07-04,22,48.69,16.69
KRUSTY_1_HYBRD,2025-07-04,23,-0.3,4.32
KRUSTY_1_HYBRD,2025-07-04,24,29.17,25.31
KRUSTY_1_HYBRD,2025-07-05,1,34.25,10.54
KRUSTY_1_HYBRD,2025-07-05,2,28.4,8.86
KRUSTY_1_HYBRD,2025-07-05,3,28.0,31.79
KRUSTY_1_HYBRD,2025-07-05,4,-1.56,17.15
KRUSTY_1_HYBRD,2025-07-05,5,30.19,19.05
KRUSTY_1_HYBRD,2025-07-05,6,14.73,33.51
KRUSTY_1_HYBRD,2025-07-05,7,52.1,47.88
KRUSTY_1_HYBRD,2025-07-05,8,40.55,68.62
KRUSTY_1_HYBRD,2025-07-05,9,42.76,85.58
KRUSTY_1_HYBRD,2025-07-05,10,47.41,26.57
KRUSTY_1_HYBRD,2025-07-05,11,60.57,62.57
KRUSTY_1_HYBRD,2025-07-05,12,46.8,50.95
KRUSTY_1_HYBRD,2025-07-05,13,49.62,34.47
KRUSTY_1_HYBRD,2025-07-05,14,63.15,28.92
KRUSTY_1_HYBRD,2025-07-05,15,52.01,73.04
KRUSTY_1_HYBRD,2025-07-05,16,37.92,18.2
KRUSTY_1_HYBRD,2025-07-05,17,33.32,59.78
KRUSTY_1_HYBRD,2025-07-05,18,14.77,-1.09
KRUSTY_1_HYBRD,2025-07-05,19,21.36,26.46
KRUSTY_1_HYBRD,2025-07-05,20,11.27,-19.58
KRUSTY_1_HYBRD,2025-07-05,21,22.6,32.09
KRUSTY_1_HYBRD,2025-07-05,22,-1.96,-27.91
KRUSTY_1_HYBRD,2025-07-05,23,-10.37,14.36
KRUSTY_1_HYBRD,2025-07-05,24,18.67,42.85
KRUSTY_1_HYBRD,2025-07-06,1,10.76,7.81
KRUSTY_1_HYBRD,2025-07-06,2,36.84,59.59
KRUSTY_1_HYBRD,2025-07-06,3,22.81,34.99
KRUSTY_1_HYBRD,2025-07-06,4,-51.59,-27.68
KRUSTY_1_HYBRD,2025-07-06,5,35.17,26.24
KRUSTY_1_HYBRD,2025-07-06,6,59.31,49.71
KRUSTY_1_HYBRD,2025-07-06,7,20.66,19.45
KRUSTY_1_HYBRD,2025-07-06,8,37.59,22.39
KRUSTY_1_HYBRD,2025-07-06,9,39.72,33.68
KRUSTY_1_HYBRD,2025-07-06,10,52.08,31.64
KRUSTY_1_HYBRD,2025-07-06,11,54.98,59.87
KRUSTY_1_HYBRD,2025-07-06,12,-43.8,-22.82
KRUSTY_1_HYBRD,2025-07-06,13,63.95,61.93
KRUSTY_1_HYBRD,2025-07-06,14,32.37,40.02
KRUSTY_1_HYBRD,2025-07-06,15,23.41,12.41
KRUSTY_1_HYBRD,2025-07-06,16,29.11,46.29
KRUSTY_1_HYBRD,2025-07-06,17,9.92,18.77
KRUSTY_1_HYBRD,2025-07-06,18,32.88,37.41
KRUSTY_1_HYBRD,2025-07-06,19,34.79,21.97
KRUSTY_1_HYBRD,2025-07-06,20,340.79,331.21
KRUSTY_1_HYBRD,2025-07-06,21,3.43,-15.26
KRUSTY_1_HYBRD,2025-07-06,22,24.58,33.35
KRUSTY_1_HYBRD,2025-07-06,23,20.45,-2.24
KRUSTY_1_HYBRD,2025-07-06,24,4.66,5.35
KRUSTY_1_HYBRD,2025-07-07,1,-45.13,-45.61
KRUSTY_1_HYBRD,2025-07-07,2,11.16,-10.47
KRUSTY_1_HYBRD,2025-07-07,3,23.1,19.1
KRUSTY_1_HYBRD,2025-07-07,4,1.05,40.48
KRUSTY_1_HYBRD,2025-07-07,5,24.79,13.4
KRUSTY_1_HYBRD,2025-07-07,6,12.01,19.02
KRUSTY_1_HYBRD,2025-07-07,7,41.55,38.32
KRUSTY_1_HYBRD,2025-07-07,8,25.49,48.41
KRUSTY_1_HYBRD,2025-07-07,9,31.64,20.58
KRUSTY_1_HYBRD,2025-07-07,10,49.76,36.45
KRUSTY_1_HYBRD,2025-07-07,11,42.76,31.9
KRUSTY_1_HYBRD,2025-07-07,12,65.93,56.02
KRUSTY_1_HYBRD,2025-07-07,13,47.08,29.82
KRUSTY_1_HYBRD,2025-07-07,14,49.01,97.45
KRUSTY_1_HYBRD,2025-07-07,15,46.78,43.47
KRUSTY_1_HYBRD,2025-07-07,16,40.47,70.96
KRUSTY_1_HYBRD,2025-07-07,17,40.42,21.91
KRUSTY_1_HYBRD,2025-07-07,18,20.9,16.47
KRUSTY_1_HYBRD,2025-07-07,19,33.73,42.75
KRUSTY_1_HYBRD,2025-07-07,20,32.61,22.18
KRUSTY_1_HYBRD,2025-07-07,21,14.46,5.15
KRUSTY_1_HYBRD,2025-07-07,22,10.06,31.47
KRUSTY_1_HYBRD,2025-07-07,23,-15.84,-7.77
KRUSTY_1_HYBRD,2025-07-07,24,-8.75,-9.13
ARCATA_6_FCPSB1,2025-07-01,1,27.76,36.28
ARCATA_6_FCPSB1,2025-07-01,2,12.62,16.74
ARCATA_6_FCPSB1,2025-07-01,3,5.28,23.52
ARCATA_6_FCPSB1,2025-07-01,4,14.87,10.19
ARCATA_6_FCPSB1,2025-07-01,5,3.86,37.79
ARCATA_6_FCPSB1,2025-07-01,6,34.54,9.56
ARCATA_6_FCPSB1,2025-07-01,7,46.24,34.35
ARCATA_6_FCPSB1,2025-07-01,8,51.82,74.93
ARCATA_6_FCPSB1,2025-07-01,9,40.39,58.89
ARCATA_6_FCPSB1,2025-07-01,10,44.04,60.79
ARCATA_6_FCPSB1,2025-07-01,11,41.57,41.47
ARCATA_6_FCPSB1,2025-07-01,12,52.27,51.92
ARCATA_6_FCPSB1,2025-07-01,13,44.84,39.92
ARCATA_6_FCPSB1,2025-07-01,14,36.91,61.71
ARCATA_6_FCPSB1,2025-07-01,15,35.14,24.7
ARCATA_6_FCPSB1,2025-07-01,16,38.51,35.7
ARCATA_6_FCPSB1,2025-07-01,17,21.25,40.71
ARCATA_6_FCPSB1,2025-07-01,18,30.07,35.3
ARCATA_6_FCPSB1,2025-07-01,19,15.91,20.62
ARCATA_6_FCPSB1,2025-07-01,20,306.11,286.11
ARCATA_6_FCPSB1,2025-07-01,21,44.81,37.15
ARCATA_6_FCPSB1,2025-07-01,22,-8.97,13.58
ARCATA_6_FCPSB1,2025-07-01,23,-0.53,17.95
ARCATA_6_FCPSB1,2025-07-01,24,27.4,33.34
ARCATA_6_FCPSB1,2025-07-02,1,21.8,-21.69
ARCATA_6_FCPSB1,2025-07-02,2,0.16,-17.66
ARCATA_6_FCPSB1,2025-07-02,3,23.86,25.76
ARCATA_6_FCPSB1,2025-07-02,4,-25.93,-31.01
ARCATA_6_FCPSB1,2025-07-02,5,4.7,7.07
ARCATA_6_FCPSB1,2025-07-02,6,29.67,41.32
ARCATA_6_FCPSB1,2025-07-02,7,56.32,70.17
ARCATA_6_FCPSB1,2025-07-02,8,50.05,43.51
ARCATA_6_FCPSB1,2025-07-02,9,58.46,47.82
ARCATA_6_FCPSB1,2025-07-02,10,38.4,43.15
ARCATA_6_FCPSB1,2025-07-02,11,24.42,55.35
ARCATA_6_FCPSB1,2025-07-02,12,37.35,53.84
ARCATA_6_FCPSB1,2025-07-02,13,51.56,37.84
ARCATA_6_FCPSB1,2025-07-02,14,29.51,29.85
ARCATA_6_FCPSB1,2025-07-02,15,44.33,34.68
ARCATA_6_FCPSB1,2025-07-02,16,42.07,57.25
ARCATA_6_FCPSB1,2025-07-02,17,19.83,35.57
ARCATA_6_FCPSB1,2025-07-02,18,33.65,42.49
ARCATA_6_FCPSB1,2025-07-02,19,20.95,8.88
ARCATA_6_FCPSB1,2025-07-02,20,19.1,37.92
ARCATA_6_FCPSB1,2025-07-02,21,14.83,9.14
ARCATA_6_FCPSB1,2025-07-02,22,22.2,18.86
ARCATA_6_FCPSB1,2025-07-02,23,25.76,11.25
ARCATA_6_FCPSB1,2025-07-02,24,22.59,11.24
ARCATA_6_FCPSB1,2025-07-03,1,-5.17,2.56
ARCATA_6_FCPSB1,2025-07-03,2,6.15,19.62
ARCATA_6_FCPSB1,2025-07-03,3,-13.36,-24.13
ARCATA_6_FCPSB1,2025-07-03,4,16.45,12.27
ARCATA_6_FCPSB1,2025-07-03,5,22.29,20.08
ARCATA_6_FCPSB1,2025-07-03,6,26.98,13.76
ARCATA_6_FCPSB1,2025-07-03,7,24.73,8.62
ARCATA_6_FCPSB1,2025-07-03,8,50.11,75.16
ARCATA_6_FCPSB1,2025-07-03,9,50.58,40.57
ARCATA_6_FCPSB1,2025-07-03,10,49.8,65.45
ARCATA_6_FCPSB1,2025-07-03,11,-18.59,-5.49
ARCATA_6_FCPSB1,2025-07-03,12,51.45,67.27
ARCATA_6_FCPSB1,2025-07-03,13,48.11,96.16
ARCATA_6_FCPSB1,2025-07-03,14,33.29,13.32
ARCATA_6_FCPSB1,2025-07-03,15,45.76,69.85
ARCATA_6_FCPSB1,2025-07-03,16,35.42,52.92
ARCATA_6_FCPSB1,2025-07-03,17,49.34,71.02
ARCATA_6_FCPSB1,2025-07-03,18,-32.0,57.53
ARCATA_6_FCPSB1,2025-07-03,19,-62.66,15.62
ARCATA_6_FCPSB1,2025-07-03,20,-16.01,39.07
ARCATA_6_FCPSB1,2025-07-03,21,35.33,39.82
ARCATA_6_FCPSB1,2025-07-03,22,15.97,37.2
ARCATA_6_FCPSB1,2025-07-03,23,-6.24,6.86
ARCATA_6_FCPSB1,2025-07-03,24,5.5,-27.52
ARCATA_6_FCPSB1,2025-07-04,1,5.39,-22.54
ARCATA_6_FCPSB1,2025-07-04,2,-13.24,9.03
ARCATA_6_FCPSB1,2025-07-04,3,-38.96,-40.04
ARCATA_6_FCPSB1,2025-07-04,4,36.09,22.18
ARCATA_6_FCPSB1,2025-07-04,5,-0.92,7.8
ARCATA_6_FCPSB1,2025-07-04,6,27.77,38.47
ARCATA_6_FCPSB1,2025-07-04,7,35.85,26.03
ARCATA_6_FCPSB1,2025-07-04,8,43.48,24.87
ARCATA_6_FCPSB1,2025-07-04,9,68.64,55.22
ARCATA_6_FCPSB1,2025-07-04,10,64.44,65.42
ARCATA_6_FCPSB1,2025-07-04,11,34.99,19.52
ARCATA_6_FCPSB1,2025-07-04,12,60.12,55.59
ARCATA_6_FCPSB1,2025-07-04,13,22.02,46.94
ARCATA_6_FCPSB1,2025-07-04,14,54.4,39.55
ARCATA_6_FCPSB1,2025-07-04,15,45.5,42.2
ARCATA_6_FCPSB1,2025-07-04,16,32.22,-1.46
ARCATA_6_FCPSB1,2025-07-04,17,26.95,21.69
ARCATA_6_FCPSB1,2025-07-04,18,163.89,162.69
ARCATA_6_FCPSB1,2025-07-04,19,36.14,27.42
ARCATA_6_FCPSB1,2025-07-04,20,-1.84,30.26
ARCATA_6_FCPSB1,2025-07-04,21,2.19,29.31
ARCATA_6_FCPSB1,2025-07-04,22,16.8,26.04
ARCATA_6_FCPSB1,2025-07-04,23,1.26,0.09
ARCATA_6_FCPSB1,2025-07-04,24,1.48,-16.65
ARCATA_6_FCPSB1,2025-07-05,1,-53.06,-51.74
ARCATA_6_FCPSB1,2025-07-05,2,-15.29,4.08
ARCATA_6_FCPSB1,2025-07-05,3,18.64,31.96
ARCATA_6_FCPSB1,2025-07-05,4,38.52,27.22
ARCATA_6_FCPSB1,2025-07-05,5,58.46,24.77
ARCATA_6_FCPSB1,2025-07-05,6,49.05,40.17
ARCATA_6_FCPSB1,2025-07-05,7,43.07,41.96
ARCATA_6_FCPSB1,2025-07-05,8,46.49,50.82
ARCATA_6_FCPSB1,2025-07-05,9,51.1,25.85
ARCATA_6_FCPSB1,2025-07-05,10,63.71,35.42
ARCATA_6_FCPSB1,2025-07-05,11,66.24,76.54
ARCATA_6_FCPSB1,2025-07-05,12,-1.48,-28.17
ARCATA_6_FCPSB1,2025-07-05,13,-15.22,-27.39
ARCATA_6_FCPSB1,2025-07-05,14,24.22,51.39
ARCATA_6_FCPSB1,2025-07-05,15,47.93,31.93
ARCATA_6_FCPSB1,2025-07-05,16,55.22,33.35
ARCATA_6_FCPSB1,2025-07-05,17,22.54,37.98
ARCATA_6_FCPSB1,2025-07-05,18,46.2,41.98
ARCATA_6_FCPSB1,2025-07-05,19,16.44,19.87
ARCATA_6_FCPSB1,2025-07-05,20,182.1,163.88
ARCATA_6_FCPSB1,2025-07-05,21,-3.29,-0.55
ARCATA_6_FCPSB1,2025-07-05,22,-16.85,-10.68
ARCATA_6_FCPSB1,2025-07-05,23,18.15,13.18
ARCATA_6_FCPSB1,2025-07-05,24,20.18,25.96
ARCATA_6_FCPSB1,2025-07-06,1,-1.12,-27.01
ARCATA_6_FCPSB1,2025-07-06,2,6.79,2.88
ARCATA_6_FCPSB1,2025-07-06,3,29.8,35.35
ARCATA_6_FCPSB1,2025-07-06,4,17.56,-6.15
ARCATA_6_FCPSB1,2025-07-06,5,21.15,-0.77
ARCATA_6_FCPSB1,2025-07-06,6,18.3,38.02
ARCATA_6_FCPSB1,2025-07-06,7,52.22,17.42
ARCATA_6_FCPSB1,2025-07-06,8,28.33,21.66
ARCATA_6_FCPSB1,2025-07-06,9,39.25,77.1
ARCATA_6_FCPSB1,2025-07-06,10,64.71,63.73
ARCATA_6_FCPSB1,2025-07-06,11,63.85,85.84
ARCATA_6_FCPSB1,2025-07-06,12,46.29,43.76
ARCATA_6_FCPSB1,2025-07-06,13,37.71,37.68
ARCATA_6_FCPSB1,2025-07-06,14,47.9,56.88
ARCATA_6_FCPSB1,2025-07-06,15,51.2,56.47
ARCATA_6_FCPSB1,2025-07-06,16,37.42,37.21
ARCATA_6_FCPSB1,2025-07-06,17,28.44,32.72
ARCATA_6_FCPSB1,2025-07-06,18,32.95,30.68
ARCATA_6_FCPSB1,2025-07-06,19,34.59,5.99
ARCATA_6_FCPSB1,2025-07-06,20,35.05,30.49
ARCATA_6_FCPSB1,2025-07-06,21,-22.16,-11.26
ARCATA_6_FCPSB1,2025-07-06,22,13.28,8.2
ARCATA_6_FCPSB1,2025-07-06,23,-5.86,-23.21
ARCATA_6_FCPSB1,2025-07-06,24,26.0,33.11
ARCATA_6_FCPSB1,2025-07-07,1,20.69,17.57
ARCATA_6_FCPSB1,2025-07-07,2,15.83,19.58
ARCATA_6_FCPSB1,2025-07-07,3,27.81,24.45
ARCATA_6_FCPSB1,2025-07-07,4,39.84,-18.17
ARCATA_6_FCPSB1,2025-07-07,5,44.25,40.77
ARCATA_6_FCPSB1,2025-07-07,6,29.83,56.04
ARCATA_6_FCPSB1,2025-07-07,7,35.88,19.87
ARCATA_6_FCPSB1,2025-07-07,8,48.15,43.48
ARCATA_6_FCPSB1,2025-07-07,9,28.39,24.94
ARCATA_6_FCPSB1,2025-07-07,10,49.24,54.81
ARCATA_6_FCPSB1,2025-07-07,11,-12.49,-5.37
ARCATA_6_FCPSB1,2025-07-07,12,65.11,74.71
ARCATA_6_FCPSB1,2025-07-07,13,-21.48,-12.01
ARCATA_6_FCPSB1,2025-07-07,14,55.99,34.52
ARCATA_6_FCPSB1,2025-07-07,15,44.59,35.22
ARCATA_6_FCPSB1,2025-07-07,16,20.72,27.46
ARCATA_6_FCPSB1,2025-07-07,17,23.56,19.44
ARCATA_6_FCPSB1,2025-07-07,18,29.0,17.75
ARCATA_6_FCPSB1,2025-07-07,19,254.74,251.96
ARCATA_6_FCPSB1,2025-07-07,20,0.59,-1.43
ARCATA_6_FCPSB1,2025-07-07,21,13.66,21.24
ARCATA_6_FCPSB1,2025-07-07,22,3.12,-20.03
ARCATA_6_FCPSB1,2025-07-07,23,14.59,-1.55
ARCATA_6_FCPSB1,2025-07-07,24,12.45,14.76
ARCATA_6_FCPSB2,2025-07-01,1,-0.48,-29.64
ARCATA_6_FCPSB2,2025-07-01,2,-33.07,-14.76
ARCATA_6_FCPSB2,2025-07-01,3,15.45,12.21
ARCATA_6_FCPSB2,2025-07-01,4,22.76,13.47
ARCATA_6_FCPSB2,2025-07-01,5,18.71,47.74
ARCATA_6_FCPSB2,2025-07-01,6,22.88,19.42
ARCATA_6_FCPSB2,2025-07-01,7,19.49,41.14
ARCATA_6_FCPSB2,2025-07-01,8,15.56,21.25
ARCATA_6_FCPSB2,2025-07-01,9,33.67,33.28
ARCATA_6_FCPSB2,2025-07-01,10,44.81,41.29
ARCATA_6_FCPSB2,2025-07-01,11,-1.94,-27.72
ARCATA_6_FCPSB2,2025-07-01,12,-29.75,-16.91
ARCATA_6_FCPSB2,2025-07-01,13,54.94,49.29
ARCATA_6_FCPSB2,2025-07-01,14,49.48,52.85
ARCATA_6_FCPSB2,2025-07-01,15,55.8,50.59
ARCATA_6_FCPSB2,2025-07-01,16,59.17,42.35
ARCATA_6_FCPSB2,2025-07-01,17,34.07,29.09
ARCATA_6_FCPSB2,2025-07-01,18,-10.17,3.6
ARCATA_6_FCPSB2,2025-07-01,19,26.34,17.8
ARCATA_6_FCPSB2,2025-07-01,20,16.02,23.85
ARCATA_6_FCPSB2,2025-07-01,21,13.31,13.62
ARCATA_6_FCPSB2,2025-07-01,22,5.12,10.4
ARCATA_6_FCPSB2,2025-07-01,23,7.31,12.89
ARCATA_6_FCPSB2,2025-07-01,24,-21.49,-18.08
ARCATA_6_FCPSB2,2025-07-02,1,-1.23,-6.87
ARCATA_6_FCPSB2,2025-07-02,2,13.97,5.38
ARCATA_6_FCPSB2,2025-07-02,3,30.2,23.41
ARCATA_6_FCPSB2,2025-07-02,4,23.71,9.14
ARCATA_6_FCPSB2,2025-07-02,5,24.62,27.57
ARCATA_6_FCPSB2,2025-07-02,6,37.2,63.74
ARCATA_6_FCPSB2,2025-07-02,7,24.25,21.49
ARCATA_6_FCPSB2,2025-07-02,8,46.08,64.9
ARCATA_6_FCPSB2,2025-07-02,9,44.63,34.36
ARCATA_6_FCPSB2,2025-07-02,10,62.18,51.38
ARCATA_6_FCPSB2,2025-07-02,11,61.7,49.02
ARCATA_6_FCPSB2,2025-07-02,12,-24.03,-29.23
ARCATA_6_FCPSB2,2025-07-02,13,-33.29,-40.64
ARCATA_6_FCPSB2,2025-07-02,14,59.72,30.11
ARCATA_6_FCPSB2,2025-07-02,15,7.41,15.65
ARCATA_6_FCPSB2,2025-07-02,16,62.99,75.9
ARCATA_6_FCPSB2,2025-07-02,17,31.93,31.04
ARCATA_6_FCPSB2,2025-07-02,18,19.3,38.43
ARCATA_6_FCPSB2,2025-07-02,19,40.4,24.51
ARCATA_6_FCPSB2,2025-07-02,20,19.79,24.67
ARCATA_6_FCPSB2,2025-07-02,21,14.36,16.36
ARCATA_6_FCPSB2,2025-07-02,22,23.96,11.36
ARCATA_6_FCPSB2,2025-07-02,23,-4.75,-7.1
ARCATA_6_FCPSB2,2025-07-02,24,6.57,-0.38
ARCATA_6_FCPSB2,2025-07-03,1,20.38,27.53
ARCATA_6_FCPSB2,2025-07-03,2,-45.33,-52.16
ARCATA_6_FCPSB2,2025-07-03,3,29.83,-9.82
ARCATA_6_FCPSB2,2025-07-03,4,3.61,12.43
ARCATA_6_FCPSB2,2025-07-03,5,16.61,28.49
ARCATA_6_FCPSB2,2025-07-03,6,16.62,8.15
ARCATA_6_FCPSB2,2025-07-03,7,33.24,26.65
ARCATA_6_FCPSB2,2025-07-03,8,49.62,61.19
ARCATA_6_FCPSB2,2025-07-03,9,14.72,36.73
ARCATA_6_FCPSB2,2025-07-03,10,66.41,69.4
ARCATA_6_FCPSB2,2025-07-03,11,58.86,49.89
ARCATA_6_FCPSB2,2025-07-03,12,63.68,52.84
ARCATA_6_FCPSB2,2025-07-03,13,59.35,58.05
ARCATA_6_FCPSB2,2025-07-03,14,38.41,34.09
ARCATA_6_FCPSB2,2025-07-03,15,47.95,53.29
ARCATA_6_FCPSB2,2025-07-03,16,40.12,15.65
ARCATA_6_FCPSB2,2025-07-03,17,38.95,33.25
ARCATA_6_FCPSB2,2025-07-03,18,-23.98,29.16
ARCATA_6_FCPSB2,2025-07-03,19,135.15,214.44
ARCATA_6_FCPSB2,2025-07-03,20,311.62,356.91
ARCATA_6_FCPSB2,2025-07-03,21,22.81,20.4
ARCATA_6_FCPSB2,2025-07-03,22,-4.6,3.63
ARCATA_6_FCPSB2,2025-07-03,23,40.75,10.47
ARCATA_6_FCPSB2,2025-07-03,24,11.66,1.97
ARCATA_6_FCPSB2,2025-07-04,1,5.64,15.23
ARCATA_6_FCPSB2,2025-07-04,2,5.57,-6.82
ARCATA_6_FCPSB2,2025-07-04,3,23.71,3.66
ARCATA_6_FCPSB2,2025-07-04,4,30.23,4.27
ARCATA_6_FCPSB2,2025-07-04,5,20.42,21.68
ARCATA_6_FCPSB2,2025-07-04,6,23.07,26.57
ARCATA_6_FCPSB2,2025-07-04,7,42.39,37.22
ARCATA_6_FCPSB2,2025-07-04,8,49.02,39.29
ARCATA_6_FCPSB2,2025-07-04,9,33.31,38.78
ARCATA_6_FCPSB2,2025-07-04,10,68.05,64.61
ARCATA_6_FCPSB2,2025-07-04,11,28.07,36.03
ARCATA_6_FCPSB2,2025-07-04,12,26.11,12.51
ARCATA_6_FCPSB2,2025-07-04,13,26.12,45.76
ARCATA_6_FCPSB2,2025-07-04,14,52.38,27.7
ARCATA_6_FCPSB2,2025-07-04,15,63.77,39.26
ARCATA_6_FCPSB2,2025-07-04,16,25.36,23.93
ARCATA_6_FCPSB2,2025-07-04,17,21.75,20.4
ARCATA_6_FCPSB2,2025-07-04,18,22.79,29.3
ARCATA_6_FCPSB2,2025-07-04,19,22.67,34.65
ARCATA_6_FCPSB2,2025-07-04,20,22.23,65.0
ARCATA_6_FCPSB2,2025-07-04,21,2.11,-13.08
ARCATA_6_FCPSB2,2025-07-04,22,18.15,24.61
ARCATA_6_FCPSB2,2025-07-04,23,17.59,32.08
ARCATA_6_FCPSB2,2025-07-04,24,3.94,-4.69
ARCATA_6_FCPSB2,2025-07-05,1,-10.22,3.61
ARCATA_6_FCPSB2,2025-07-05,2,-39.32,-40.23
ARCATA_6_FCPSB2,2025-07-05,3,22.54,26.61
ARCATA_6_FCPSB2,2025-07-05,4,20.07,30.43
ARCATA_6_FCPSB2,2025-07-05,5,37.21,46.3
ARCATA_6_FCPSB2,2025-07-05,6,23.52,26.82
ARCATA_6_FCPSB2,2025-07-05,7,40.0,52.06
ARCATA_6_FCPSB2,2025-07-05,8,52.88,9.27
ARCATA_6_FCPSB2,2025-07-05,9,58.78,12.66
ARCATA_6_FCPSB2,2025-07-05,10,30.56,24.66
ARCATA_6_FCPSB2,2025-07-05,11,-12.86,-28.42
ARCATA_6_FCPSB2,2025-07-05,12,77.37,74.48
ARCATA_6_FCPSB2,2025-07-05,13,40.12,21.9
ARCATA_6_FCPSB2,2025-07-05,14,53.08,64.65
ARCATA_6_FCPSB2,2025-07-05,15,36.82,22.51
ARCATA_6_FCPSB2,2025-07-05,16,56.95,28.8
ARCATA_6_FCPSB2,2025-07-05,17,34.7,32.62
ARCATA_6_FCPSB2,2025-07-05,18,59.24,53.77
ARCATA_6_FCPSB2,2025-07-05,19,26.06,50.03
ARCATA_6_FCPSB2,2025-07-05,20,-2.58,16.01
ARCATA_6_FCPSB2,2025-07-05,21,1.71,15.77
ARCATA_6_FCPSB2,2025-07-05,22,41.52,79.29
ARCATA_6_FCPSB2,2025-07-05,23,5.83,14.0
ARCATA_6_FCPSB2,2025-07-05,24,15.8,28.66
ARCATA_6_FCPSB2,2025-07-06,1,7.26,34.4
ARCATA_6_FCPSB2,2025-07-06,2,16.4,37.41
ARCATA_6_FCPSB2,2025-07-06,3,28.58,14.99
ARCATA_6_FCPSB2,2025-07-06,4,24.32,-11.32
ARCATA_6_FCPSB2,2025-07-06,5,23.58,40.9
ARCATA_6_FCPSB2,2025-07-06,6,31.79,59.7
ARCATA_6_FCPSB2,2025-07-06,7,38.0,45.15
ARCATA_6_FCPSB2,2025-07-06,8,24.1,23.27
ARCATA_6_FCPSB2,2025-07-06,9,44.48,63.84
ARCATA_6_FCPSB2,2025-07-06,10,56.48,43.31
ARCATA_6_FCPSB2,2025-07-06,11,33.96,28.78
ARCATA_6_FCPSB2,2025-07-06,12,70.15,71.72
ARCATA_6_FCPSB2,2025-07-06,13,50.38,39.49
ARCATA_6_FCPSB2,2025-07-06,14,47.92,48.98
ARCATA_6_FCPSB2,2025-07-06,15,42.64,67.38
ARCATA_6_FCPSB2,2025-07-06,16,38.62,25.84
ARCATA_6_FCPSB2,2025-07-06,17,27.37,8.82
ARCATA_6_FCPSB2,2025-07-06,18,59.5,45.92
ARCATA_6_FCPSB2,2025-07-06,19,27.2,11.17
ARCATA_6_FCPSB2,2025-07-06,20,21.41,11.1
ARCATA_6_FCPSB2,2025-07-06,21,4.86,-14.73
ARCATA_6_FCPSB2,2025-07-06,22,9.41,14.15
ARCATA_6_FCPSB2,2025-07-06,23,1.21,27.4
ARCATA_6_FCPSB2,2025-07-06,24,-8.58,-20.97
ARCATA_6_FCPSB2,2025-07-07,1,-31.69,-14.63
ARCATA_6_FCPSB2,2025-07-07,2,9.08,21.81
ARCATA_6_FCPSB2,2025-07-07,3,10.96,11.81
ARCATA_6_FCPSB2,2025-07-07,4,16.48,19.77
ARCATA_6_FCPSB2,2025-07-07,5,32.0,-5.28
ARCATA_6_FCPSB2,2025-07-07,6,10.42,17.88
ARCATA_6_FCPSB2,2025-07-07,7,49.03,41.11
ARCATA_6_FCPSB2,2025-07-07,8,43.32,59.09
ARCATA_6_FCPSB2,2025-07-07,9,39.47,8.14
ARCATA_6_FCPSB2,2025-07-07,10,38.55,29.1
ARCATA_6_FCPSB2,2025-07-07,11,24.45,29.92
ARCATA_6_FCPSB2,2025-07-07,12,40.23,53.11
ARCATA_6_FCPSB2,2025-07-07,13,-21.97,-20.25
ARCATA_6_FCPSB2,2025-07-07,14,73.23,81.03
ARCATA_6_FCPSB2,2025-07-07,15,54.13,71.25
ARCATA_6_FCPSB2,2025-07-07,16,9.97,38.14
ARCATA_6_FCPSB2,2025-07-07,17,54.71,18.68
ARCATA_6_FCPSB2,2025-07-07,18,35.49,32.0
ARCATA_6_FCPSB2,2025-07-07,19,30.41,52.84
ARCATA_6_FCPSB2,2025-07-07,20,19.21,16.6
ARCATA_6_FCPSB2,2025-07-07,21,25.94,20.65
ARCATA_6_FCPSB2,2025-07-07,22,22.16,18.91
ARCATA_6_FCPSB2,2025-07-07,23,8.51,1.04
ARCATA_6_FCPSB2,2025-07-07,24,10.55,7.14
DSFLWR_2_W9CSB2,2025-07-01,1,14.42,7.39
DSFLWR_2_W9CSB2,2025-07-01,2,-8.09,-9.97
DSFLWR_2_W9CSB2,2025-07-01,3,35.51,54.07
DSFLWR_2_W9CSB2,2025-07-01,4,-50.17,-55.63
DSFLWR_2_W9CSB2,2025-07-01,5,12.21,36.94
DSFLWR_2_W9CSB2,2025-07-01,6,30.15,9.95
DSFLWR_2_W9CSB2,2025-07-01,7,62.23,47.72
DSFLWR_2_W9CSB2,2025-07-01,8,53.18,71.11
DSFLWR_2_W9CSB2,2025-07-01,9,58.5,55.01
DSFLWR_2_W9CSB2,2025-07-01,10,43.74,36.42
DSFLWR_2_W9CSB2,2025-07-01,11,79.88,73.71
DSFLWR_2_W9CSB2,2025-07-01,12,45.43,42.94
DSFLWR_2_W9CSB2,2025-07-01,13,51.12,62.36
DSFLWR_2_W9CSB2,2025-07-01,14,43.6,18.74
DSFLWR_2_W9CSB2,2025-07-01,15,36.06,58.0
DSFLWR_2_W9CSB2,2025-07-01,16,27.16,59.49
DSFLWR_2_W9CSB2,2025-07-01,17,6.36,32.18
DSFLWR_2_W9CSB2,2025-07-01,18,23.57,49.73
DSFLWR_2_W9CSB2,2025-07-01,19,346.72,358.95
DSFLWR_2_W9CSB2,2025-07-01,20,222.79,198.66
DSFLWR_2_W9CSB2,2025-07-01,21,7.28,9.01
DSFLWR_2_W9CSB2,2025-07-01,22,24.35,20.36
DSFLWR_2_W9CSB2,2025-07-01,23,31.31,7.56
DSFLWR_2_W9CSB2,2025-07-01,24,22.39,12.22
DSFLWR_2_W9CSB2,2025-07-02,1,-5.54,-3.7
DSFLWR_2_W9CSB2,2025-07-02,2,32.78,25.68
DSFLWR_2_W9CSB2,2025-07-02,3,8.99,13.86
DSFLWR_2_W9CSB2,2025-07-02,4,1.22,-3.23
DSFLWR_2_W9CSB2,2025-07-02,5,6.26,11.37
DSFLWR_2_W9CSB2,2025-07-02,6,30.95,33.49
DSFLWR_2_W9CSB2,2025-07-02,7,29.62,43.58
DSFLWR_2_W9CSB2,2025-07-02,8,32.74,8.09
DSFLWR_2_W9CSB2,2025-07-02,9,41.22,51.36
DSFLWR_2_W9CSB2,2025-07-02,10,65.44,25.87
DSFLWR_2_W9CSB2,2025-07-02,11,41.11,35.52
DSFLWR_2_W9CSB2,2025-07-02,12,66.38,66.46
DSFLWR_2_W9CSB2,2025-07-02,13,54.56,69.28
DSFLWR_2_W9CSB2,2025-07-02,14,50.84,38.16
DSFLWR_2_W9CSB2,2025-07-02,15,53.8,35.92
DSFLWR_2_W9CSB2,2025-07-02,16,31.92,31.4
DSFLWR_2_W9CSB2,2025-07-02,17,58.81,58.71
DSFLWR_2_W9CSB2,2025-07-02,18,163.76,155.6
DSFLWR_2_W9CSB2,2025-07-02,19,17.32,-1.15
DSFLWR_2_W9CSB2,2025-07-02,20,9.3,-1.85
DSFLWR_2_W9CSB2,2025-07-02,21,-0.95,-6.39
DSFLWR_2_W9CSB2,2025-07-02,22,27.61,54.22
DSFLWR_2_W9CSB2,2025-07-02,23,6.74,-33.38
DSFLWR_2_W9CSB2,2025-07-02,24,33.89,34.55
DSFLWR_2_W9CSB2,2025-07-03,1,2.34,10.02
DSFLWR_2_W9CSB2,2025-07-03,2,41.69,19.21
DSFLWR_2_W9CSB2,2025-07-03,3,15.43,7.01
DSFLWR_2_W9CSB2,2025-07-03,4,-12.96,-30.7
DSFLWR_2_W9CSB2,2025-07-03,5,22.16,0.83
DSFLWR_2_W9CSB2,2025-07-03,6,29.11,31.33
DSFLWR_2_W9CSB2,2025-07-03,7,13.22,12.22
DSFLWR_2_W9CSB2,2025-07-03,8,35.49,28.07
DSFLWR_2_W9CSB2,2025-07-03,9,63.43,78.81
DSFLWR_2_W9CSB2,2025-07-03,10,39.32,48.93
DSFLWR_2_W9CSB2,2025-07-03,11,56.61,63.74
DSFLWR_2_W9CSB2,2025-07-03,12,44.97,67.82
DSFLWR_2_W9CSB2,2025-07-03,13,58.56,68.38
DSFLWR_2_W9CSB2,2025-07-03,14,39.58,38.37
DSFLWR_2_W9CSB2,2025-07-03,15,49.4,49.66
DSFLWR_2_W9CSB2,2025-07-03,16,31.11,40.44
DSFLWR_2_W9CSB2,2025-07-03,17,40.69,9.96
DSFLWR_2_W9CSB2,2025-07-03,18,-20.24,27.1
DSFLWR_2_W9CSB2,2025-07-03,19,-47.01,42.07
DSFLWR_2_W9CSB2,2025-07-03,20,-46.39,10.53
DSFLWR_2_W9CSB2,2025-07-03,21,9.35,-18.75
DSFLWR_2_W9CSB2,2025-07-03,22,11.63,1.55
DSFLWR_2_W9CSB2,2025-07-03,23,16.72,24.06
DSFLWR_2_W9CSB2,2025-07-03,24,28.18,37.41
DSFLWR_2_W9CSB2,2025-07-04,1,-1.22,17.85
DSFLWR_2_W9CSB2,2025-07-04,2,-7.09,7.19
DSFLWR_2_W9CSB2,2025-07-04,3,21.87,36.04
DSFLWR_2_W9CSB2,2025-07-04,4,-21.84,1.36
DSFLWR_2_W9CSB2,2025-07-04,5,39.89,49.33
DSFLWR_2_W9CSB2,2025-07-04,6,29.64,18.38
DSFLWR_2_W9CSB2,2025-07-04,7,34.26,45.09
DSFLWR_2_W9CSB2,2025-07-04,8,48.76,46.64
DSFLWR_2_W9CSB2,2025-07-04,9,58.69,77.21
DSFLWR_2_W9CSB2,2025-07-04,10,55.08,63.35
DSFLWR_2_W9CSB2,2025-07-04,11,46.17,44.96
DSFLWR_2_W9CSB2,2025-07-04,12,45.22,54.12
DSFLWR_2_W9CSB2,2025-07-04,13,41.42,26.65
DSFLWR_2_W9CSB2,2025-07-04,14,56.22,53.48
DSFLWR_2_W9CSB2,2025-07-04,15,28.54,30.89
DSFLWR_2_W9CSB2,2025-07-04,16,71.73,35.03
DSFLWR_2_W9CSB2,2025-07-04,17,53.2,40.43
DSFLWR_2_W9CSB2,2025-07-04,18,44.21,50.03
DSFLWR_2_W9CSB2,2025-07-04,19,1.86,27.25
DSFLWR_2_W9CSB2,2025-07-04,20,14.42,22.36
DSFLWR_2_W9CSB2,2025-07-04,21,20.53,7.6
DSFLWR_2_W9CSB2,2025-07-04,22,5.35,-3.2
DSFLWR_2_W9CSB2,2025-07-04,23,29.66,0.67
DSFLWR_2_W9CSB2,2025-07-04,24,12.37,24.9
DSFLWR_2_W9CSB2,2025-07-05,1,-12.13,-9.82
DSFLWR_2_W9CSB2,2025-07-05,2,-34.28,-67.76
DSFLWR_2_W9CSB2,2025-07-05,3,-13.57,-43.46
DSFLWR_2_W9CSB2,2025-07-05,4,32.64,22.26
DSFLWR_2_W9CSB2,2025-07-05,5,9.75,27.15
DSFLWR_2_W9CSB2,2025-07-05,6,18.55,34.98
DSFLWR_2_W9CSB2,2025-07-05,7,19.29,29.98
DSFLWR_2_W9CSB2,2025-07-05,8,47.67,39.44
DSFLWR_2_W9CSB2,2025-07-05,9,60.68,52.57
DSFLWR_2_W9CSB2,2025-07-05,10,43.19,38.79
DSFLWR_2_W9CSB2,2025-07-05,11,52.89,52.51
DSFLWR_2_W9CSB2,2025-07-05,12,67.65,41.14
DSFLWR_2_W9CSB2,2025-07-05,13,-20.05,-2.88
DSFLWR_2_W9CSB2,2025-07-05,14,52.4,88.33
DSFLWR_2_W9CSB2,2025-07-05,15,38.99,58.77
DSFLWR_2_W9CSB2,2025-07-05,16,59.68,82.66
DSFLWR_2_W9CSB2,2025-07-05,17,61.64,45.48
DSFLWR_2_W9CSB2,2025-07-05,18,19.35,8.16
DSFLWR_2_W9CSB2,2025-07-05,19,17.02,-3.0
DSFLWR_2_W9CSB2,2025-07-05,20,45.81,39.42
DSFLWR_2_W9CSB2,2025-07-05,21,26.48,11.78
DSFLWR_2_W9CSB2,2025-07-05,22,31.5,24.63
DSFLWR_2_W9CSB2,2025-07-05,23,3.63,22.31
DSFLWR_2_W9CSB2,2025-07-05,24,29.57,29.69
DSFLWR_2_W9CSB2,2025-07-06,1,13.24,40.92
DSFLWR_2_W9CSB2,2025-07-06,2,21.14,1.39
DSFLWR_2_W9CSB2,2025-07-06,3,36.47,8.29
DSFLWR_2_W9CSB2,2025-07-06,4,13.17,36.64
DSFLWR_2_W9CSB2,2025-07-06,5,48.35,53.18
DSFLWR_2_W9CSB2,2025-07-06,6,42.62,41.1
DSFLWR_2_W9CSB2,2025-07-06,7,26.78,43.98
DSFLWR_2_W9CSB2,2025-07-06,8,17.78,10.25
DSFLWR_2_W9CSB2,2025-07-06,9,47.07,29.29
DSFLWR_2_W9CSB2,2025-07-06,10,47.32,48.11
DSFLWR_2_W9CSB2,2025-07-06,11,58.2,90.47
DSFLWR_2_W9CSB2,2025-07-06,12,44.6,39.69
DSFLWR_2_W9CSB2,2025-07-06,13,25.85,47.35
DSFLWR_2_W9CSB2,2025-07-06,14,62.75,48.84
DSFLWR_2_W9CSB2,2025-07-06,15,29.11,50.13
DSFLWR_2_W9CSB2,2025-07-06,16,49.61,44.01
DSFLWR_2_W9CSB2,2025-07-06,17,36.12,45.3
DSFLWR_2_W9CSB2,2025-07-06,18,392.7,386.57
DSFLWR_2_W9CSB2,2025-07-06,19,33.63,32.88
DSFLWR_2_W9CSB2,2025-07-06,20,197.4,191.5
DSFLWR_2_W9CSB2,2025-07-06,21,6.94,-9.14
DSFLWR_2_W9CSB2,2025-07-06,22,2.63,3.5
DSFLWR_2_W9CSB2,2025-07-06,23,16.36,4.5
DSFLWR_2_W9CSB2,2025-07-06,24,13.25,16.57
DSFLWR_2_W9CSB2,2025-07-07,1,19.46,9.68
DSFLWR_2_W9CSB2,2025-07-07,2,-38.13,-49.88
DSFLWR_2_W9CSB2,2025-07-07,3,-46.53,-57.61
DSFLWR_2_W9CSB2,2025-07-07,4,32.33,21.19
DSFLWR_2_W9CSB2,2025-07-07,5,21.84,11.78
DSFLWR_2_W9CSB2,2025-07-07,6,38.05,8.94
DSFLWR_2_W9CSB2,2025-07-07,7,38.29,36.1
DSFLWR_2_W9CSB2,2025-07-07,8,47.78,82.24
DSFLWR_2_W9CSB2,2025-07-07,9,49.36,32.58
DSFLWR_2_W9CSB2,2025-07-07,10,75.18,19.73
DSFLWR_2_W9CSB2,2025-07-07,11,54.12,36.01
DSFLWR_2_W9CSB2,2025-07-07,12,45.15,3.31
DSFLWR_2_W9CSB2,2025-07-07,13,63.38,79.85
DSFLWR_2_W9CSB2,2025-07-07,14,49.62,55.27
DSFLWR_2_W9CSB2,2025-07-07,15,58.1,58.43
DSFLWR_2_W9CSB2,2025-07-07,16,15.82,20.67
DSFLWR_2_W9CSB2,2025-07-07,17,44.25,51.08
DSFLWR_2_W9CSB2,2025-07-07,18,-10.47,-25.28
DSFLWR_2_W9CSB2,2025-07-07,19,38.34,28.84
DSFLWR_2_W9CSB2,2025-07-07,20,10.4,-14.72
DSFLWR_2_W9CSB2,2025-07-07,21,15.29,8.92
DSFLWR_2_W9CSB2,2025-07-07,22,33.29,56.11
DSFLWR_2_W9CSB2,2025-07-07,23,29.59,30.48
DSFLWR_2_W9CSB2,2025-07-07,24,17.74,-9.79
JANCRK_6_RCABT1,2025-07-01,1,-36.25,-41.83
JANCRK_6_RCABT1,2025-07-01,2,8.07,-5.77
JANCRK_6_RCABT1,2025-07-01,3,15.33,13.82
JANCRK_6_RCABT1,2025-07-01,4,-2.69,12.26
JANCRK_6_RCABT1,2025-07-01,5,11.25,37.43
JANCRK_6_RCABT1,2025-07-01,6,42.43,18.49
JANCRK_6_RCABT1,2025-07-01,7,35.63,46.21
JANCRK_6_RCABT1,2025-07-01,8,38.39,30.53
JANCRK_6_RCABT1,2025-07-01,9,30.19,27.17
JANCRK_6_RCABT1,2025-07-01,10,52.62,51.79
JANCRK_6_RCABT1,2025-07-01,11,57.54,57.91
JANCRK_6_RCABT1,2025-07-01,12,35.67,50.51
JANCRK_6_RCABT1,2025-07-01,13,48.26,38.24
JANCRK_6_RCABT1,2025-07-01,14,40.36,27.94
JANCRK_6_RCABT1,2025-07-01,15,34.45,44.25
JANCRK_6_RCABT1,2025-07-01,16,18.0,-14.19
JANCRK_6_RCABT1,2025-07-01,17,34.92,35.98
JANCRK_6_RCABT1,2025-07-01,18,9.54,-4.98
JANCRK_6_RCABT1,2025-07-01,19,33.88,31.06
JANCRK_6_RCABT1,2025-07-01,20,32.08,-10.55
JANCRK_6_RCABT1,2025-07-01,21,18.05,29.37
JANCRK_6_RCABT1,2025-07-01,22,3.5,6.2
JANCRK_6_RCABT1,2025-07-01,23,0.85,3.56
JANCRK_6_RCABT1,2025-07-01,24,16.66,18.72
JANCRK_6_RCABT1,2025-07-02,1,-11.68,-21.91
JANCRK_6_RCABT1,2025-07-02,2,5.74,1.77
JANCRK_6_RCABT1,2025-07-02,3,14.1,-5.25
JANCRK_6_RCABT1,2025-07-02,4,-5.34,-24.45
JANCRK_6_RCABT1,2025-07-02,5,33.74,15.59
JANCRK_6_RCABT1,2025-07-02,6,25.92,39.14
JANCRK_6_RCABT1,2025-07-02,7,27.46,26.29
JANCRK_6_RCABT1,2025-07-02,8,55.24,57.41
JANCRK_6_RCABT1,2025-07-02,9,24.01,19.04
JANCRK_6_RCABT1,2025-07-02,10,63.82,55.31
JANCRK_6_RCABT1,2025-07-02,11,66.55,34.34
JANCRK_6_RCABT1,2025-07-02,12,71.62,51.86
JANCRK_6_RCABT1,2025-07-02,13,49.65,60.63
JANCRK_6_RCABT1,2025-07-02,14,54.75,78.17
JANCRK_6_RCABT1,2025-07-02,15,25.76,34.66
JANCRK_6_RCABT1,2025-07-02,16,21.66,17.72
JANCRK_6_RCABT1,2025-07-02,17,48.37,38.14
JANCRK_6_RCABT1,2025-07-02,18,173.08,170.23
JANCRK_6_RCABT1,2025-07-02,19,27.12,10.84
JANCRK_6_RCABT1,2025-07-02,20,32.82,26.72
JANCRK_6_RCABT1,2025-07-02,21,-7.69,-10.47
JANCRK_6_RCABT1,2025-07-02,22,20.58,36.4
JANCRK_6_RCABT1,2025-07-02,23,13.67,38.17
JANCRK_6_RCABT1,2025-07-02,24,-4.41,26.72
JANCRK_6_RCABT1,2025-07-03,1,14.32,16.45
JANCRK_6_RCABT1,2025-07-03,2,11.1,18.89
JANCRK_6_RCABT1,2025-07-03,3,12.66,-1.52
JANCRK_6_RCABT1,2025-07-03,4,6.84,-16.63
JANCRK_6_RCABT1,2025-07-03,5,25.26,19.79
JANCRK_6_RCABT1,2025-07-03,6,18.27,15.84
JANCRK_6_RCABT1,2025-07-03,7,4.7,15.02
JANCRK_6_RCABT1,2025-07-03,8,23.97,56.13
JANCRK_6_RCABT1,2025-07-03,9,47.42,54.85
JANCRK_6_RCABT1,2025-07-03,10,48.82,47.27
JANCRK_6_RCABT1,2025-07-03,11,54.57,57.75
JANCRK_6_RCABT1,2025-07-03,12,66.55,81.24
JANCRK_6_RCABT1,2025-07-03,13,-19.29,-27.21
JANCRK_6_RCABT1,2025-07-03,14,51.89,47.49
JANCRK_6_RCABT1,2025-07-03,15,32.41,69.02
JANCRK_6_RCABT1,2025-07-03,16,54.16,64.19
JANCRK_6_RCABT1,2025-07-03,17,43.55,32.72
JANCRK_6_RCABT1,2025-07-03,18,-34.1,21.64
JANCRK_6_RCABT1,2025-07-03,19,-62.67,16.11
JANCRK_6_RCABT1,2025-07-03,20,96.05,150.28
JANCRK_6_RCABT1,2025-07-03,21,11.95,40.04
JANCRK_6_RCABT1,2025-07-03,22,29.62,-1.78
JANCRK_6_RCABT1,2025-07-03,23,16.51,-7.67
JANCRK_6_RCABT1,2025-07-03,24,9.16,13.76
JANCRK_6_RCABT1,2025-07-04,1,-2.56,29.64
JANCRK_6_RCABT1,2025-07-04,2,22.56,16.44
JANCRK_6_RCABT1,2025-07-04,3,8.48,-41.82
JANCRK_6_RCABT1,2025-07-04,4,0.53,-5.08
JANCRK_6_RCABT1,2025-07-04,5,14.14,38.02
JANCRK_6_RCABT1,2025-07-04,6,18.59,5.47
JANCRK_6_RCABT1,2025-07-04,7,34.34,43.82
JANCRK_6_RCABT1,2025-07-04,8,32.53,35.42
JANCRK_6_RCABT1,2025-07-04,9,24.35,9.39
JANCRK_6_RCABT1,2025-07-04,10,49.08,37.13
JANCRK_6_RCABT1,2025-07-04,11,41.06,56.61
JANCRK_6_RCABT1,2025-07-04,12,-20.05,-33.02
JANCRK_6_RCABT1,2025-07-04,13,-43.71,-26.73
JANCRK_6_RCABT1,2025-07-04,14,39.51,42.63
JANCRK_6_RCABT1,2025-07-04,15,30.43,54.59
JANCRK_6_RCABT1,2025-07-04,16,23.93,45.09
JANCRK_6_RCABT1,2025-07-04,17,21.94,26.19
JANCRK_6_RCABT1,2025-07-04,18,17.56,-7.49
JANCRK_6_RCABT1,2025-07-04,19,25.86,22.34
JANCRK_6_RCABT1,2025-07-04,20,16.52,10.99
JANCRK_6_RCABT1,2025-07-04,21,30.2,6.98
JANCRK_6_RCABT1,2025-07-04,22,-7.98,2.35
JANCRK_6_RCABT1,2025-07-04,23,26.68,28.51
JANCRK_6_RCABT1,2025-07-04,24,13.78,22.64
JANCRK_6_RCABT1,2025-07-05,1,-8.03,23.53
JANCRK_6_RCABT1,2025-07-05,2,32.28,37.84
JANCRK_6_RCABT1,2025-07-05,3,-17.37,-4.22
JANCRK_6_RCABT1,2025-07-05,4,24.31,34.12
JANCRK_6_RCABT1,2025-07-05,5,36.54,28.95
JANCRK_6_RCABT1,2025-07-05,6,43.23,29.45
JANCRK_6_RCABT1,2025-07-05,7,72.46,18.72
JANCRK_6_RCABT1,2025-07-05,8,45.75,20.26
JANCRK_6_RCABT1,2025-07-05,9,38.27,40.61
JANCRK_6_RCABT1,2025-07-05,10,72.99,52.02
JANCRK_6_RCABT1,2025-07-05,11,51.04,44.72
JANCRK_6_RCABT1,2025-07-05,12,55.28,57.4
JANCRK_6_RCABT1,2025-07-05,13,66.88,45.0
JANCRK_6_RCABT1,2025-07-05,14,28.06,45.44
JANCRK_6_RCABT1,2025-07-05,15,46.99,39.8
JANCRK_6_RCABT1,2025-07-05,16,36.8,16.46
JANCRK_6_RCABT1,2025-07-05,17,17.79,19.31
JANCRK_6_RCABT1,2025-07-05,18,24.43,8.85
JANCRK_6_RCABT1,2025-07-05,19,319.61,312.06
JANCRK_6_RCABT1,2025-07-05,20,4.65,13.84
JANCRK_6_RCABT1,2025-07-05,21,12.38,15.4
JANCRK_6_RCABT1,2025-07-05,22,19.18,22.38
JANCRK_6_RCABT1,2025-07-05,23,-16.22,11.36
JANCRK_6_RCABT1,2025-07-05,24,3.28,4.56
JANCRK_6_RCABT1,2025-07-06,1,7.45,9.23
JANCRK_6_RCABT1,2025-07-06,2,20.42,15.0
JANCRK_6_RCABT1,2025-07-06,3,17.89,10.05
JANCRK_6_RCABT1,2025-07-06,4,13.51,29.28
JANCRK_6_RCABT1,2025-07-06,5,31.96,14.79
JANCRK_6_RCABT1,2025-07-06,6,37.26,41.37
JANCRK_6_RCABT1,2025-07-06,7,21.55,17.42
JANCRK_6_RCABT1,2025-07-06,8,37.97,25.44
JANCRK_6_RCABT1,2025-07-06,9,43.87,47.02
JANCRK_6_RCABT1,2025-07-06,10,20.98,12.63
JANCRK_6_RCABT1,2025-07-06,11,46.93,14.46
JANCRK_6_RCABT1,2025-07-06,12,34.97,34.73
JANCRK_6_RCABT1,2025-07-06,13,-24.48,-31.09
JANCRK_6_RCABT1,2025-07-06,14,39.78,9.5
JANCRK_6_RCABT1,2025-07-06,15,38.0,42.61
JANCRK_6_RCABT1,2025-07-06,16,31.14,32.79
JANCRK_6_RCABT1,2025-07-06,17,20.55,34.84
JANCRK_6_RCABT1,2025-07-06,18,-1.66,28.47
JANCRK_6_RCABT1,2025-07-06,19,22.64,30.85
JANCRK_6_RCABT1,2025-07-06,20,12.31,-2.19
JANCRK_6_RCABT1,2025-07-06,21,22.78,35.61
JANCRK_6_RCABT1,2025-07-06,22,11.48,26.66
JANCRK_6_RCABT1,2025-07-06,23,16.05,5.06
JANCRK_6_RCABT1,2025-07-06,24,31.87,6.88
JANCRK_6_RCABT1,2025-07-07,1,0.64,3.82
JANCRK_6_RCABT1,2025-07-07,2,18.64,49.05
JANCRK_6_RCABT1,2025-07-07,3,23.17,-14.33
JANCRK_6_RCABT1,2025-07-07,4,-3.09,-23.55
JANCRK_6_RCABT1,2025-07-07,5,42.76,39.42
JANCRK_6_RCABT1,2025-07-07,6,48.74,47.42
JANCRK_6_RCABT1,2025-07-07,7,49.17,54.3
JANCRK_6_RCABT1,2025-07-07,8,60.69,35.77
JANCRK_6_RCABT1,2025-07-07,9,45.29,44.07
JANCRK_6_RCABT1,2025-07-07,10,65.5,56.21
JANCRK_6_RCABT1,2025-07-07,11,66.56,83.66
JANCRK_6_RCABT1,2025-07-07,12,44.76,84.09
JANCRK_6_RCABT1,2025-07-07,13,63.99,47.01
JANCRK_6_RCABT1,2025-07-07,14,40.91,48.18
JANCRK_6_RCABT1,2025-07-07,15,47.66,68.28
JANCRK_6_RCABT1,2025-07-07,16,49.18,28.02
JANCRK_6_RCABT1,2025-07-07,17,20.6,45.45
JANCRK_6_RCABT1,2025-07-07,18,28.4,37.2
JANCRK_6_RCABT1,2025-07-07,19,210.82,214.31
JANCRK_6_RCABT1,2025-07-07,20,32.32,16.67
JANCRK_6_RCABT1,2025-07-07,21,7.88,5.89
JANCRK_6_RCABT1,2025-07-07,22,1.04,3.93
JANCRK_6_RCABT1,2025-07-07,23,16.45,26.6
JANCRK_6_RCABT1,2025-07-07,24,-13.77,53.15
PUTHCR_1_PCNSB1,2025-07-01,1,-19.67,9.88
PUTHCR_1_PCNSB1,2025-07-01,2,-2.15,-2.19
PUTHCR_1_PCNSB1,2025-07-01,3,15.77,-9.72
PUTHCR_1_PCNSB1,2025-07-01,4,24.83,23.4
PUTHCR_1_PCNSB1,2025-07-01,5,29.21,30.72
PUTHCR_1_PCNSB1,2025-07-01,6,26.7,10.51
PUTHCR_1_PCNSB1,2025-07-01,7,47.55,68.59
PUTHCR_1_PCNSB1,2025-07-01,8,48.52,38.31
PUTHCR_1_PCNSB1,2025-07-01,9,46.43,52.69
PUTHCR_1_PCNSB1,2025-07-01,10,43.56,83.09
PUTHCR_1_PCNSB1,2025-07-01,11,0.32,-18.25
PUTHCR_1_PCNSB1,2025-07-01,12,-39.0,-22.21
PUTHCR_1_PCNSB1,2025-07-01,13,-34.84,-39.18
PUTHCR_1_PCNSB1,2025-07-01,14,33.12,58.49
PUTHCR_1_PCNSB1,2025-07-01,15,57.5,57.85
PUTHCR_1_PCNSB1,2025-07-01,16,30.23,49.11
PUTHCR_1_PCNSB1,2025-07-01,17,29.22,27.01
PUTHCR_1_PCNSB1,2025-07-01,18,24.56,21.63
PUTHCR_1_PCNSB1,2025-07-01,19,230.23,219.8
PUTHCR_1_PCNSB1,2025-07-01,20,18.4,23.8
PUTHCR_1_PCNSB1,2025-07-01,21,29.69,33.7
PUTHCR_1_PCNSB1,2025-07-01,22,-3.99,-15.52
PUTHCR_1_PCNSB1,2025-07-01,23,31.97,13.27
PUTHCR_1_PCNSB1,2025-07-01,24,8.58,15.53
PUTHCR_1_PCNSB1,2025-07-02,1,-15.97,-38.04
PUTHCR_1_PCNSB1,2025-07-02,2,27.82,39.61
PUTHCR_1_PCNSB1,2025-07-02,3,20.05,32.11
PUTHCR_1_PCNSB1,2025-07-02,4,-56.45,-30.46
PUTHCR_1_PCNSB1,2025-07-02,5,35.64,30.46
PUTHCR_1_PCNSB1,2025-07-02,6,20.9,32.64
PUTHCR_1_PCNSB1,2025-07-02,7,31.07,19.91
PUTHCR_1_PCNSB1,2025-07-02,8,48.82,86.02
PUTHCR_1_PCNSB1,2025-07-02,9,43.66,32.54
PUTHCR_1_PCNSB1,2025-07-02,10,30.52,35.7
PUTHCR_1_PCNSB1,2025-07-02,11,-27.9,-20.45
PUTHCR_1_PCNSB1,2025-07-02,12,55.81,51.6
PUTHCR_1_PCNSB1,2025-07-02,13,60.63,61.26
PUTHCR_1_PCNSB1,2025-07-02,14,65.14,71.83
PUTHCR_1_PCNSB1,2025-07-02,15,64.13,38.01
PUTHCR_1_PCNSB1,2025-07-02,16,30.79,24.11
PUTHCR_1_PCNSB1,2025-07-02,17,37.79,67.15
PUTHCR_1_PCNSB1,2025-07-02,18,222.8,225.3
PUTHCR_1_PCNSB1,2025-07-02,19,12.17,33.01
PUTHCR_1_PCNSB1,2025-07-02,20,28.32,25.57
PUTHCR_1_PCNSB1,2025-07-02,21,16.57,20.6
PUTHCR_1_PCNSB1,2025-07-02,22,9.89,2.38
PUTHCR_1_PCNSB1,2025-07-02,23,10.76,16.12
PUTHCR_1_PCNSB1,2025-07-02,24,18.03,1.58
PUTHCR_1_PCNSB1,2025-07-03,1,14.54,-20.46
PUTHCR_1_PCNSB1,2025-07-03,2,-3.96,-18.26
PUTHCR_1_PCNSB1,2025-07-03,3,-14.33,-22.41
PUTHCR_1_PCNSB1,2025-07-03,4,-16.08,-25.07
PUTHCR_1_PCNSB1,2025-07-03,5,37.23,34.21
PUTHCR_1_PCNSB1,2025-07-03,6,49.69,46.32
PUTHCR_1_PCNSB1,2025-07-03,7,9.93,39.57
PUTHCR_1_PCNSB1,2025-07-03,8,32.39,26.25
PUTHCR_1_PCNSB1,2025-07-03,9,27.44,27.58
PUTHCR_1_PCNSB1,2025-07-03,10,58.89,49.07
PUTHCR_1_PCNSB1,2025-07-03,11,71.72,39.91
PUTHCR_1_PCNSB1,2025-07-03,12,61.56,67.53
PUTHCR_1_PCNSB1,2025-07-03,13,-25.73,-3.68
PUTHCR_1_PCNSB1,2025-07-03,14,33.02,57.34
PUTHCR_1_PCNSB1,2025-07-03,15,45.44,29.83
PUTHCR_1_PCNSB1,2025-07-03,16,44.61,20.54
PUTHCR_1_PCNSB1,2025-07-03,17,26.9,30.2
PUTHCR_1_PCNSB1,2025-07-03,18,220.01,273.97
PUTHCR_1_PCNSB1,2025-07-03,19,-31.47,42.28
PUTHCR_1_PCNSB1,2025-07-03,20,-48.14,20.47
PUTHCR_1_PCNSB1,2025-07-03,21,13.64,9.25
PUTHCR_1_PCNSB1,2025-07-03,22,11.6,4.28
PUTHCR_1_PCNSB1,2025-07-03,23,48.34,45.0
PUTHCR_1_PCNSB1,2025-07-03,24,4.05,18.96
PUTHCR_1_PCNSB1,2025-07-04,1,26.63,23.22
PUTHCR_1_PCNSB1,2025-07-04,2,17.05,-0.12
PUTHCR_1_PCNSB1,2025-07-04,3,-33.84,-0.08
PUTHCR_1_PCNSB1,2025-07-04,4,0.86,29.77
PUTHCR_1_PCNSB1,2025-07-04,5,19.08,17.59
PUTHCR_1_PCNSB1,2025-07-04,6,16.99,40.53
PUTHCR_1_PCNSB1,2025-07-04,7,16.69,33.38
PUTHCR_1_PCNSB1,2025-07-04,8,45.57,63.3
PUTHCR_1_PCNSB1,2025-07-04,9,53.62,65.1
PUTHCR_1_PCNSB1,2025-07-04,10,38.89,72.18
PUTHCR_1_PCNSB1,2025-07-04,11,60.78,53.07
PUTHCR_1_PCNSB1,2025-07-04,12,30.68,44.14
PUTHCR_1_PCNSB1,2025-07-04,13,-18.33,-18.41
PUTHCR_1_PCNSB1,2025-07-04,14,52.41,72.56
PUTHCR_1_PCNSB1,2025-07-04,15,42.86,33.98
PUTHCR_1_PCNSB1,2025-07-04,16,41.92,26.81
PUTHCR_1_PCNSB1,2025-07-04,17,34.54,25.1
PUTHCR_1_PCNSB1,2025-07-04,18,240.39,230.62
PUTHCR_1_PCNSB1,2025-07-04,19,-17.25,26.32
PUTHCR_1_PCNSB1,2025-07-04,20,12.86,20.86
PUTHCR_1_PCNSB1,2025-07-04,21,38.06,61.28
PUTHCR_1_PCNSB1,2025-07-04,22,18.33,29.6
PUTHCR_1_PCNSB1,2025-07-04,23,11.79,-7.62
PUTHCR_1_PCNSB1,2025-07-04,24,3.31,7.86
PUTHCR_1_PCNSB1,2025-07-05,1,14.04,2.86
PUTHCR_1_PCNSB1,2025-07-05,2,-9.48,-1.91
PUTHCR_1_PCNSB1,2025-07-05,3,-50.49,-81.39
PUTHCR_1_PCNSB1,2025-07-05,4,45.27,52.34
PUTHCR_1_PCNSB1,2025-07-05,5,5.84,-6.44
PUTHCR_1_PCNSB1,2025-07-05,6,35.13,38.71
PUTHCR_1_PCNSB1,2025-07-05,7,26.6,43.03
PUTHCR_1_PCNSB1,2025-07-05,8,10.95,17.57
PUTHCR_1_PCNSB1,2025-07-05,9,48.44,65.95
PUTHCR_1_PCNSB1,2025-07-05,10,40.01,72.96
PUTHCR_1_PCNSB1,2025-07-05,11,38.57,20.66
PUTHCR_1_PCNSB1,2025-07-05,12,53.27,51.22
PUTHCR_1_PCNSB1,2025-07-05,13,31.45,8.52
PUTHCR_1_PCNSB1,2025-07-05,14,47.68,44.32
PUTHCR_1_PCNSB1,2025-07-05,15,46.68,43.2
PUTHCR_1_PCNSB1,2025-07-05,16,57.31,30.91
PUTHCR_1_PCNSB1,2025-07-05,17,26.41,46.65
PUTHCR_1_PCNSB1,2025-07-05,18,14.78,28.41
PUTHCR_1_PCNSB1,2025-07-05,19,8.38,19.28
PUTHCR_1_PCNSB1,2025-07-05,20,-7.34,34.78
PUTHCR_1_PCNSB1,2025-07-05,21,26.92,12.01
PUTHCR_1_PCNSB1,2025-07-05,22,-6.91,-21.41
PUTHCR_1_PCNSB1,2025-07-05,23,8.89,-3.88
PUTHCR_1_PCNSB1,2025-07-05,24,-18.42,2.15
PUTHCR_1_PCNSB1,2025-07-06,1,36.64,16.01
PUTHCR_1_PCNSB1,2025-07-06,2,-30.0,-46.22
PUTHCR_1_PCNSB1,2025-07-06,3,20.55,40.94
PUTHCR_1_PCNSB1,2025-07-06,4,20.43,52.83
PUTHCR_1_PCNSB1,2025-07-06,5,21.47,53.69
PUTHCR_1_PCNSB1,2025-07-06,6,14.32,18.34
PUTHCR_1_PCNSB1,2025-07-06,7,29.05,6.34
PUTHCR_1_PCNSB1,2025-07-06,8,31.49,81.14
PUTHCR_1_PCNSB1,2025-07-06,9,28.24,25.26
PUTHCR_1_PCNSB1,2025-07-06,10,45.48,55.58
PUTHCR_1_PCNSB1,2025-07-06,11,-19.54,-41.33
PUTHCR_1_PCNSB1,2025-07-06,12,24.65,46.02
PUTHCR_1_PCNSB1,2025-07-06,13,-10.32,-10.48
PUTHCR_1_PCNSB1,2025-07-06,14,57.13,59.45
PUTHCR_1_PCNSB1,2025-07-06,15,59.69,62.55
PUTHCR_1_PCNSB1,2025-07-06,16,44.83,49.01
PUTHCR_1_PCNSB1,2025-07-06,17,42.48,49.02
PUTHCR_1_PCNSB1,2025-07-06,18,30.2,12.43
PUTHCR_1_PCNSB1,2025-07-06,19,-0.3,0.68
PUTHCR_1_PCNSB1,2025-07-06,20,-3.38,32.38
PUTHCR_1_PCNSB1,2025-07-06,21,35.65,-2.83
PUTHCR_1_PCNSB1,2025-07-06,22,10.24,-8.05
PUTHCR_1_PCNSB1,2025-07-06,23,37.58,17.14
PUTHCR_1_PCNSB1,2025-07-06,24,28.29,29.74
PUTHCR_1_PCNSB1,2025-07-07,1,58.83,11.53
PUTHCR_1_PCNSB1,2025-07-07,2,18.58,20.46
PUTHCR_1_PCNSB1,2025-07-07,3,15.26,21.23
PUTHCR_1_PCNSB1,2025-07-07,4,16.75,23.99
PUTHCR_1_PCNSB1,2025-07-07,5,58.32,45.33
PUTHCR_1_PCNSB1,2025-07-07,6,37.16,25.96
PUTHCR_1_PCNSB1,2025-07-07,7,30.7,43.61
PUTHCR_1_PCNSB1,2025-07-07,8,14.48,20.27
PUTHCR_1_PCNSB1,2025-07-07,9,33.19,46.15
PUTHCR_1_PCNSB1,2025-07-07,10,39.25,51.47
PUTHCR_1_PCNSB1,2025-07-07,11,58.86,67.27
PUTHCR_1_PCNSB1,2025-07-07,12,-35.65,-13.52
PUTHCR_1_PCNSB1,2025-07-07,13,67.05,78.97
PUTHCR_1_PCNSB1,2025-07-07,14,38.77,28.24
PUTHCR_1_PCNSB1,2025-07-07,15,63.79,48.9
PUTHCR_1_PCNSB1,2025-07-07,16,13.63,43.12
PUTHCR_1_PCNSB1,2025-07-07,17,21.37,10.26
PUTHCR_1_PCNSB1,2025-07-07,18,37.43,26.45
PUTHCR_1_PCNSB1,2025-07-07,19,49.78,27.85
PUTHCR_1_PCNSB1,2025-07-07,20,9.04,22.16
PUTHCR_1_PCNSB1,2025-07-07,21,-6.85,-16.57
PUTHCR_1_PCNSB1,2025-07-07,22,6.14,1.52
PUTHCR_1_PCNSB1,2025-07-07,23,12.79,0.95
PUTHCR_1_PCNSB1,2025-07-07,24,25.55,11.1
KRAMER_1_R1BX3,2025-07-01,1,17.25,17.67
KRAMER_1_R1BX3,2025-07-01,2,-19.61,-10.68
KRAMER_1_R1BX3,2025-07-01,3,25.99,22.81
KRAMER_1_R1BX3,2025-07-01,4,51.63,42.34
KRAMER_1_R1BX3,2025-07-01,5,24.61,10.3
KRAMER_1_R1BX3,2025-07-01,6,37.64,38.42
KRAMER_1_R1BX3,2025-07-01,7,51.4,28.23
KRAMER_1_R1BX3,2025-07-01,8,43.58,56.17
KRAMER_1_R1BX3,2025-07-01,9,42.09,47.8
KRAMER_1_R1BX3,2025-07-01,10,59.93,70.7
KRAMER_1_R1BX3,2025-07-01,11,36.43,50.19
KRAMER_1_R1BX3,2025-07-01,12,55.89,75.06
KRAMER_1_R1BX3,2025-07-01,13,37.28,32.22
KRAMER_1_R1BX3,2025-07-01,14,32.67,37.04
KRAMER_1_R1BX3,2025-07-01,15,57.07,72.15
KRAMER_1_R1BX3,2025-07-01,16,23.43,65.82
KRAMER_1_R1BX3,2025-07-01,17,46.01,44.63
KRAMER_1_R1BX3,2025-07-01,18,23.35,28.79
KRAMER_1_R1BX3,2025-07-01,19,27.69,52.87
KRAMER_1_R1BX3,2025-07-01,20,16.2,32.73
KRAMER_1_R1BX3,2025-07-01,21,24.92,21.85
KRAMER_1_R1BX3,2025-07-01,22,26.23,45.12
KRAMER_1_R1BX3,2025-07-01,23,-6.06,-11.03
KRAMER_1_R1BX3,2025-07-01,24,3.2,13.21
KRAMER_1_R1BX3,2025-07-02,1,-44.57,-29.24
KRAMER_1_R1BX3,2025-07-02,2,23.28,17.51
KRAMER_1_R1BX3,2025-07-02,3,18.76,-16.62
KRAMER_1_R1BX3,2025-07-02,4,28.9,27.76
KRAMER_1_R1BX3,2025-07-02,5,14.11,13.82
KRAMER_1_R1BX3,2025-07-02,6,23.06,23.72
KRAMER_1_R1BX3,2025-07-02,7,16.77,45.83
KRAMER_1_R1BX3,2025-07-02,8,43.32,48.26
KRAMER_1_R1BX3,2025-07-02,9,54.82,41.97
KRAMER_1_R1BX3,2025-07-02,10,28.26,64.78
KRAMER_1_R1BX3,2025-07-02,11,36.99,28.48
KRAMER_1_R1BX3,2025-07-02,12,23.6,32.0
KRAMER_1_R1BX3,2025-07-02,13,60.96,49.61
KRAMER_1_R1BX3,2025-07-02,14,40.86,40.35
KRAMER_1_R1BX3,2025-07-02,15,56.32,20.22
KRAMER_1_R1BX3,2025-07-02,16,34.99,40.67
KRAMER_1_R1BX3,2025-07-02,17,34.87,40.91
KRAMER_1_R1BX3,2025-07-02,18,24.22,17.33
KRAMER_1_R1BX3,2025-07-02,19,20.89,-9.85
KRAMER_1_R1BX3,2025-07-02,20,391.81,403.52
KRAMER_1_R1BX3,2025-07-02,21,29.22,21.67
KRAMER_1_R1BX3,2025-07-02,22,9.68,-23.77
KRAMER_1_R1BX3,2025-07-02,23,11.38,42.35
KRAMER_1_R1BX3,2025-07-02,24,-8.32,12.44
KRAMER_1_R1BX3,2025-07-03,1,4.67,13.73
KRAMER_1_R1BX3,2025-07-03,2,5.86,-9.22
KRAMER_1_R1BX3,2025-07-03,3,-35.32,-12.29
KRAMER_1_R1BX3,2025-07-03,4,25.32,18.36
KRAMER_1_R1BX3,2025-07-03,5,33.36,2.34
KRAMER_1_R1BX3,2025-07-03,6,37.78,12.46
KRAMER_1_R1BX3,2025-07-03,7,32.43,3.62
KRAMER_1_R1BX3,2025-07-03,8,64.2,44.68
KRAMER_1_R1BX3,2025-07-03,9,53.24,57.72
KRAMER_1_R1BX3,2025-07-03,10,55.95,35.42
KRAMER_1_R1BX3,2025-07-03,11,39.07,22.88
KRAMER_1_R1BX3,2025-07-03,12,-27.98,-29.69
KRAMER_1_R1BX3,2025-07-03,13,-15.85,12.55
KRAMER_1_R1BX3,2025-07-03,14,49.86,46.99
KRAMER_1_R1BX3,2025-07-03,15,54.42,43.1
KRAMER_1_R1BX3,2025-07-03,16,55.54,35.2
KRAMER_1_R1BX3,2025-07-03,17,47.58,36.71
KRAMER_1_R1BX3,2025-07-03,18,-56.95,4.83
KRAMER_1_R1BX3,2025-07-03,19,-9.8,0.65
KRAMER_1_R1BX3,2025-07-03,20,-53.69,18.77
KRAMER_1_R1BX3,2025-07-03,21,29.74,30.56
KRAMER_1_R1BX3,2025-07-03,22,29.85,40.09
KRAMER_1_R1BX3,2025-07-03,23,13.78,-5.61
KRAMER_1_R1BX3,2025-07-03,24,-8.41,-3.34
KRAMER_1_R1BX3,2025-07-04,1,9.05,4.23
KRAMER_1_R1BX3,2025-07-04,2,9.9,6.99
KRAMER_1_R1BX3,2025-07-04,3,-14.02,-17.65
KRAMER_1_R1BX3,2025-07-04,4,31.75,24.67
KRAMER_1_R1BX3,2025-07-04,5,9.31,20.37
KRAMER_1_R1BX3,2025-07-04,6,39.76,49.03
KRAMER_1_R1BX3,2025-07-04,7,30.92,25.23
KRAMER_1_R1BX3,2025-07-04,8,51.81,29.02
KRAMER_1_R1BX3,2025-07-04,9,33.64,28.48
KRAMER_1_R1BX3,2025-07-04,10,61.41,65.4
KRAMER_1_R1BX3,2025-07-04,11,54.14,34.99
KRAMER_1_R1BX3,2025-07-04,12,21.15,26.82
KRAMER_1_R1BX3,2025-07-04,13,59.58,77.83
KRAMER_1_R1BX3,2025-07-04,14,50.28,50.45
KRAMER_1_R1BX3,2025-07-04,15,56.4,56.06
KRAMER_1_R1BX3,2025-07-04,16,47.49,48.74
KRAMER_1_R1BX3,2025-07-04,17,28.03,41.29
KRAMER_1_R1BX3,2025-07-04,18,43.29,22.76
KRAMER_1_R1BX3,2025-07-04,19,17.99,14.65
KRAMER_1_R1BX3,2025-07-04,20,27.29,10.68
KRAMER_1_R1BX3,2025-07-04,21,12.68,12.56
KRAMER_1_R1BX3,2025-07-04,22,3.5,-1.97
KRAMER_1_R1BX3,2025-07-04,23,20.5,38.68
KRAMER_1_R1BX3,2025-07-04,24,10.11,26.34
KRAMER_1_R1BX3,2025-07-05,1,3.82,-0.85
KRAMER_1_R1BX3,2025-07-05,2,6.13,19.16
KRAMER_1_R1BX3,2025-07-05,3,13.97,26.34
KRAMER_1_R1BX3,2025-07-05,4,19.87,48.82
KRAMER_1_R1BX3,2025-07-05,5,23.99,6.56
KRAMER_1_R1BX3,2025-07-05,6,41.06,35.65
KRAMER_1_R1BX3,2025-07-05,7,25.61,3.39
KRAMER_1_R1BX3,2025-07-05,8,37.73,47.4
KRAMER_1_R1BX3,2025-07-05,9,17.74,19.75
KRAMER_1_R1BX3,2025-07-05,10,46.5,61.49
KRAMER_1_R1BX3,2025-07-05,11,60.32,64.99
KRAMER_1_R1BX3,2025-07-05,12,83.87,58.22
KRAMER_1_R1BX3,2025-07-05,13,62.94,73.91
KRAMER_1_R1BX3,2025-07-05,14,37.69,60.4
KRAMER_1_R1BX3,2025-07-05,15,21.46,34.36
KRAMER_1_R1BX3,2025-07-05,16,37.86,63.56
KRAMER_1_R1BX3,2025-07-05,17,33.08,47.13
KRAMER_1_R1BX3,2025-07-05,18,16.09,25.97
KRAMER_1_R1BX3,2025-07-05,19,12.72,13.95
KRAMER_1_R1BX3,2025-07-05,20,8.63,43.8
KRAMER_1_R1BX3,2025-07-05,21,21.45,23.2
KRAMER_1_R1BX3,2025-07-05,22,24.17,21.29
KRAMER_1_R1BX3,2025-07-05,23,22.23,32.6
KRAMER_1_R1BX3,2025-07-05,24,4.07,-17.63
KRAMER_1_R1BX3,2025-07-06,1,-57.52,-53.28
KRAMER_1_R1BX3,2025-07-06,2,25.77,29.22
KRAMER_1_R1BX3,2025-07-06,3,10.49,9.79
KRAMER_1_R1BX3,2025-07-06,4,42.19,40.29
KRAMER_1_R1BX3,2025-07-06,5,19.21,19.18
KRAMER_1_R1BX3,2025-07-06,6,14.06,27.24
KRAMER_1_R1BX3,2025-07-06,7,45.2,37.02
KRAMER_1_R1BX3,2025-07-06,8,16.17,46.12
KRAMER_1_R1BX3,2025-07-06,9,54.99,54.48
KRAMER_1_R1BX3,2025-07-06,10,55.91,50.31
KRAMER_1_R1BX3,2025-07-06,11,60.91,48.13
KRAMER_1_R1BX3,2025-07-06,12,47.41,28.01
KRAMER_1_R1BX3,2025-07-06,13,41.57,80.03
KRAMER_1_R1BX3,2025-07-06,14,41.06,32.34
KRAMER_1_R1BX3,2025-07-06,15,37.75,39.62
KRAMER_1_R1BX3,2025-07-06,16,45.94,53.97
KRAMER_1_R1BX3,2025-07-06,17,35.96,56.22
KRAMER_1_R1BX3,2025-07-06,18,23.63,42.02
KRAMER_1_R1BX3,2025-07-06,19,23.66,10.58
KRAMER_1_R1BX3,2025-07-06,20,42.23,59.51
KRAMER_1_R1BX3,2025-07-06,21,13.66,8.0
KRAMER_1_R1BX3,2025-07-06,22,8.67,15.31
KRAMER_1_R1BX3,2025-07-06,23,3.05,3.63
KRAMER_1_R1BX3,2025-07-06,24,20.64,43.78
KRAMER_1_R1BX3,2025-07-07,1,7.9,45.71
KRAMER_1_R1BX3,2025-07-07,2,1.62,-16.12
KRAMER_1_R1BX3,2025-07-07,3,-30.69,-22.77
KRAMER_1_R1BX3,2025-07-07,4,-5.26,41.39
KRAMER_1_R1BX3,2025-07-07,5,15.44,16.34
KRAMER_1_R1BX3,2025-07-07,6,9.61,9.78
KRAMER_1_R1BX3,2025-07-07,7,20.5,9.6
KRAMER_1_R1BX3,2025-07-07,8,60.39,61.84
KRAMER_1_R1BX3,2025-07-07,9,39.29,35.04
KRAMER_1_R1BX3,2025-07-07,10,53.19,54.59
KRAMER_1_R1BX3,2025-07-07,11,21.81,44.54
KRAMER_1_R1BX3,2025-07-07,12,-23.69,-14.21
KRAMER_1_R1BX3,2025-07-07,13,38.95,33.02
KRAMER_1_R1BX3,2025-07-07,14,41.26,40.45
KRAMER_1_R1BX3,2025-07-07,15,48.82,34.66
KRAMER_1_R1BX3,2025-07-07,16,29.26,45.63
KRAMER_1_R1BX3,2025-07-07,17,27.6,28.68
KRAMER_1_R1BX3,2025-07-07,18,52.86,30.34
KRAMER_1_R1BX3,2025-07-07,19,8.14,-4.36
KRAMER_1_R1BX3,2025-07-07,20,5.06,8.29
KRAMER_1_R1BX3,2025-07-07,21,19.89,33.9
KRAMER_1_R1BX3,2025-07-07,22,8.34,16.97
KRAMER_1_R1BX3,2025-07-07,23,13.96,35.62
KRAMER_1_R1BX3,2025-07-07,24,24.2,24.51
KRAMER_1_R1PX3,2025-07-01,1,-16.29,-16.27
KRAMER_1_R1PX3,2025-07-01,2,21.35,2.13
KRAMER_1_R1PX3,2025-07-01,3,16.33,58.19
KRAMER_1_R1PX3,2025-07-01,4,34.72,23.09
KRAMER_1_R1PX3,2025-07-01,5,19.21,15.94
KRAMER_1_R1PX3,2025-07-01,6,36.38,19.21
KRAMER_1_R1PX3,2025-07-01,7,39.57,29.43
KRAMER_1_R1PX3,2025-07-01,8,39.25,51.89
KRAMER_1_R1PX3,2025-07-01,9,44.52,31.2
KRAMER_1_R1PX3,2025-07-01,10,47.7,63.71
KRAMER_1_R1PX3,2025-07-01,11,45.45,65.21
KRAMER_1_R1PX3,2025-07-01,12,40.98,45.27
KRAMER_1_R1PX3,2025-07-01,13,68.07,73.87
KRAMER_1_R1PX3,2025-07-01,14,60.18,42.47
KRAMER_1_R1PX3,2025-07-01,15,53.7,26.6
KRAMER_1_R1PX3,2025-07-01,16,35.12,37.24
KRAMER_1_R1PX3,2025-07-01,17,21.12,1.44
KRAMER_1_R1PX3,2025-07-01,18,34.5,21.54
KRAMER_1_R1PX3,2025-07-01,19,16.07,42.82
KRAMER_1_R1PX3,2025-07-01,20,29.67,29.75
KRAMER_1_R1PX3,2025-07-01,21,22.68,3.77
KRAMER_1_R1PX3,2025-07-01,22,-1.67,22.02
KRAMER_1_R1PX3,2025-07-01,23,11.06,11.31
KRAMER_1_R1PX3,2025-07-01,24,-4.41,17.93
KRAMER_1_R1PX3,2025-07-02,1,29.36,13.66
KRAMER_1_R1PX3,2025-07-02,2,27.18,9.55
KRAMER_1_R1PX3,2025-07-02,3,-31.37,-20.4
KRAMER_1_R1PX3,2025-07-02,4,10.52,-6.14
KRAMER_1_R1PX3,2025-07-02,5,32.6,51.62
KRAMER_1_R1PX3,2025-07-02,6,2.18,33.02
KRAMER_1_R1PX3,2025-07-02,7,28.59,52.58
KRAMER_1_R1PX3,2025-07-02,8,37.81,41.48
KRAMER_1_R1PX3,2025-07-02,9,64.37,43.94
KRAMER_1_R1PX3,2025-07-02,10,78.03,39.95
KRAMER_1_R1PX3,2025-07-02,11,56.25,60.02
KRAMER_1_R1PX3,2025-07-02,12,52.92,43.74
KRAMER_1_R1PX3,2025-07-02,13,23.94,29.17
KRAMER_1_R1PX3,2025-07-02,14,41.57,38.99
KRAMER_1_R1PX3,2025-07-02,15,58.26,75.99
KRAMER_1_R1PX3,2025-07-02,16,53.82,46.76
KRAMER_1_R1PX3,2025-07-02,17,33.31,-2.77
KRAMER_1_R1PX3,2025-07-02,18,32.74,28.66
KRAMER_1_R1PX3,2025-07-02,19,38.27,29.33
KRAMER_1_R1PX3,2025-07-02,20,26.97,29.81
KRAMER_1_R1PX3,2025-07-02,21,19.82,24.34
KRAMER_1_R1PX3,2025-07-02,22,2.67,-41.97
KRAMER_1_R1PX3,2025-07-02,23,24.86,13.15
KRAMER_1_R1PX3,2025-07-02,24,10.84,8.5
KRAMER_1_R1PX3,2025-07-03,1,-33.55,-8.34
KRAMER_1_R1PX3,2025-07-03,2,16.59,19.32
KRAMER_1_R1PX3,2025-07-03,3,-7.64,12.67
KRAMER_1_R1PX3,2025-07-03,4,-3.32,3.06
KRAMER_1_R1PX3,2025-07-03,5,29.56,32.41
KRAMER_1_R1PX3,2025-07-03,6,33.39,23.33
KRAMER_1_R1PX3,2025-07-03,7,42.55,34.36
KRAMER_1_R1PX3,2025-07-03,8,32.61,22.16
KRAMER_1_R1PX3,2025-07-03,9,38.43,24.81
KRAMER_1_R1PX3,2025-07-03,10,55.67,52.94
KRAMER_1_R1PX3,2025-07-03,11,62.43,53.83
KRAMER_1_R1PX3,2025-07-03,12,43.12,63.65
KRAMER_1_R1PX3,2025-07-03,13,43.88,44.46
KRAMER_1_R1PX3,2025-07-03,14,51.39,29.72
KRAMER_1_R1PX3,2025-07-03,15,43.21,60.07
KRAMER_1_R1PX3,2025-07-03,16,56.07,52.45
KRAMER_1_R1PX3,2025-07-03,17,3.36,57.67
KRAMER_1_R1PX3,2025-07-03,18,-12.01,35.1
KRAMER_1_R1PX3,2025-07-03,19,-17.28,12.32
KRAMER_1_R1PX3,2025-07-03,20,-37.59,28.53
KRAMER_1_R1PX3,2025-07-03,21,19.0,1.94
KRAMER_1_R1PX3,2025-07-03,22,-14.87,-11.73
KRAMER_1_R1PX3,2025-07-03,23,5.35,2.4
KRAMER_1_R1PX3,2025-07-03,24,-2.58,-27.88
KRAMER_1_R1PX3,2025-07-04,1,-43.42,-53.25
KRAMER_1_R1PX3,2025-07-04,2,12.44,-7.23
KRAMER_1_R1PX3,2025-07-04,3,-3.14,13.02
KRAMER_1_R1PX3,2025-07-04,4,35.55,31.34
KRAMER_1_R1PX3,2025-07-04,5,46.21,78.92
KRAMER_1_R1PX3,2025-07-04,6,9.98,13.21
KRAMER_1_R1PX3,2025-07-04,7,48.66,59.68
KRAMER_1_R1PX3,2025-07-04,8,46.28,19.62
KRAMER_1_R1PX3,2025-07-04,9,51.42,74.63
KRAMER_1_R1PX3,2025-07-04,10,59.08,51.04
KRAMER_1_R1PX3,2025-07-04,11,38.71,28.4
KRAMER_1_R1PX3,2025-07-04,12,57.97,59.14
KRAMER_1_R1PX3,2025-07-04,13,64.26,73.36
KRAMER_1_R1PX3,2025-07-04,14,26.13,51.9
KRAMER_1_R1PX3,2025-07-04,15,49.52,21.24
KRAMER_1_R1PX3,2025-07-04,16,43.76,74.58
KRAMER_1_R1PX3,2025-07-04,17,47.33,39.25
KRAMER_1_R1PX3,2025-07-04,18,19.16,43.91
KRAMER_1_R1PX3,2025-07-04,19,33.45,38.37
KRAMER_1_R1PX3,2025-07-04,20,271.29,285.85
KRAMER_1_R1PX3,2025-07-04,21,18.92,21.53
KRAMER_1_R1PX3,2025-07-04,22,14.12,15.89
KRAMER_1_R1PX3,2025-07-04,23,11.58,17.48
KRAMER_1_R1PX3,2025-07-04,24,6.19,-17.02
KRAMER_1_R1PX3,2025-07-05,1,6.07,13.41
KRAMER_1_R1PX3,2025-07-05,2,0.88,-21.38
KRAMER_1_R1PX3,2025-07-05,3,11.72,-5.88
KRAMER_1_R1PX3,2025-07-05,4,17.38,-25.07
KRAMER_1_R1PX3,2025-07-05,5,21.96,51.02
KRAMER_1_R1PX3,2025-07-05,6,9.08,25.26
KRAMER_1_R1PX3,2025-07-05,7,30.07,33.39
KRAMER_1_R1PX3,2025-07-05,8,41.79,64.17
KRAMER_1_R1PX3,2025-07-05,9,50.51,42.78
KRAMER_1_R1PX3,2025-07-05,10,34.43,29.35
KRAMER_1_R1PX3,2025-07-05,11,60.93,38.47
KRAMER_1_R1PX3,2025-07-05,12,47.18,35.97
KRAMER_1_R1PX3,2025-07-05,13,46.8,24.6
KRAMER_1_R1PX3,2025-07-05,14,32.32,22.86
KRAMER_1_R1PX3,2025-07-05,15,45.88,46.07
KRAMER_1_R1PX3,2025-07-05,16,22.93,15.24
KRAMER_1_R1PX3,2025-07-05,17,42.26,51.0
KRAMER_1_R1PX3,2025-07-05,18,27.91,32.6
KRAMER_1_R1PX3,2025-07-05,19,333.15,342.31
KRAMER_1_R1PX3,2025-07-05,20,30.62,18.19
KRAMER_1_R1PX3,2025-07-05,21,25.13,37.72
KRAMER_1_R1PX3,2025-07-05,22,23.42,13.21
KRAMER_1_R1PX3,2025-07-05,23,5.32,-20.8
KRAMER_1_R1PX3,2025-07-05,24,19.45,35.77
KRAMER_1_R1PX3,2025-07-06,1,0.85,45.58
KRAMER_1_R1PX3,2025-07-06,2,28.05,7.73
KRAMER_1_R1PX3,2025-07-06,3,29.77,-12.66
KRAMER_1_R1PX3,2025-07-06,4,26.75,32.29
KRAMER_1_R1PX3,2025-07-06,5,31.08,62.24
KRAMER_1_R1PX3,2025-07-06,6,7.81,9.1
KRAMER_1_R1PX3,2025-07-06,7,30.68,15.19
KRAMER_1_R1PX3,2025-07-06,8,18.19,15.78
KRAMER_1_R1PX3,2025-07-06,9,45.21,31.53
KRAMER_1_R1PX3,2025-07-06,10,45.74,46.06
KRAMER_1_R1PX3,2025-07-06,11,52.38,64.54
KRAMER_1_R1PX3,2025-07-06,12,46.91,40.7
KRAMER_1_R1PX3,2025-07-06,13,50.36,82.64
KRAMER_1_R1PX3,2025-07-06,14,34.41,42.55
KRAMER_1_R1PX3,2025-07-06,15,37.87,40.77
KRAMER_1_R1PX3,2025-07-06,16,29.7,14.39
KRAMER_1_R1PX3,2025-07-06,17,28.77,26.29
KRAMER_1_R1PX3,2025-07-06,18,44.68,49.63
KRAMER_1_R1PX3,2025-07-06,19,20.37,41.42
KRAMER_1_R1PX3,2025-07-06,20,20.89,11.3
KRAMER_1_R1PX3,2025-07-06,21,30.7,36.73
KRAMER_1_R1PX3,2025-07-06,22,12.11,-0.63
KRAMER_1_R1PX3,2025-07-06,23,9.42,14.2
KRAMER_1_R1PX3,2025-07-06,24,18.41,26.77
KRAMER_1_R1PX3,2025-07-07,1,-0.1,9.53
KRAMER_1_R1PX3,2025-07-07,2,18.02,0.72
KRAMER_1_R1PX3,2025-07-07,3,-31.66,-21.12
KRAMER_1_R1PX3,2025-07-07,4,25.74,35.3
KRAMER_1_R1PX3,2025-07-07,5,32.79,45.78
KRAMER_1_R1PX3,2025-07-07,6,28.54,26.44
KRAMER_1_R1PX3,2025-07-07,7,31.92,46.62
KRAMER_1_R1PX3,2025-07-07,8,58.38,33.08
KRAMER_1_R1PX3,2025-07-07,9,51.02,62.69
KRAMER_1_R1PX3,2025-07-07,10,42.29,39.72
KRAMER_1_R1PX3,2025-07-07,11,49.65,1.26
KRAMER_1_R1PX3,2025-07-07,12,43.53,51.71
KRAMER_1_R1PX3,2025-07-07,13,39.33,12.53
KRAMER_1_R1PX3,2025-07-07,14,56.72,77.55
KRAMER_1_R1PX3,2025-07-07,15,33.42,48.04
KRAMER_1_R1PX3,2025-07-07,16,29.94,26.77
KRAMER_1_R1PX3,2025-07-07,17,31.22,33.59
KRAMER_1_R1PX3,2025-07-07,18,30.07,43.98
KRAMER_1_R1PX3,2025-07-07,19,316.7,284.23
KRAMER_1_R1PX3,2025-07-07,20,26.14,24.91
KRAMER_1_R1PX3,2025-07-07,21,5.93,-4.71
KRAMER_1_R1PX3,2025-07-07,22,7.59,28.23
KRAMER_1_R1PX3,2025-07-07,23,21.36,-13.7
KRAMER_1_R1PX3,2025-07-07,24,22.03,7.21
RSMNDS_2_CSRBT1,2025-07-01,1,-5.23,2.97
RSMNDS_2_CSRBT1,2025-07-01,2,-46.85,-43.34
RSMNDS_2_CSRBT1,2025-07-01,3,15.94,32.86
RSMNDS_2_CSRBT1,2025-07-01,4,33.72,5.32
RSMNDS_2_CSRBT1,2025-07-01,5,43.41,64.45
RSMNDS_2_CSRBT1,2025-07-01,6,31.26,55.87
RSMNDS_2_CSRBT1,2025-07-01,7,21.98,12.03
RSMNDS_2_CSRBT1,2025-07-01,8,47.15,54.77
RSMNDS_2_CSRBT1,2025-07-01,9,39.81,51.03
RSMNDS_2_CSRBT1,2025-07-01,10,50.85,69.81
RSMNDS_2_CSRBT1,2025-07-01,11,60.4,70.43
RSMNDS_2_CSRBT1,2025-07-01,12,47.06,63.13
RSMNDS_2_CSRBT1,2025-07-01,13,30.37,51.18
RSMNDS_2_CSRBT1,2025-07-01,14,49.46,41.19
RSMNDS_2_CSRBT1,2025-07-01,15,38.53,37.08
RSMNDS_2_CSRBT1,2025-07-01,16,53.58,24.85
RSMNDS_2_CSRBT1,2025-07-01,17,27.4,43.64
RSMNDS_2_CSRBT1,2025-07-01,18,39.04,19.79
RSMNDS_2_CSRBT1,2025-07-01,19,38.66,33.66
RSMNDS_2_CSRBT1,2025-07-01,20,7.96,17.76
RSMNDS_2_CSRBT1,2025-07-01,21,25.59,49.58
RSMNDS_2_CSRBT1,2025-07-01,22,-3.42,20.78
RSMNDS_2_CSRBT1,2025-07-01,23,-2.56,-28.93
RSMNDS_2_CSRBT1,2025-07-01,24,-1.68,-19.88
RSMNDS_2_CSRBT1,2025-07-02,1,-0.52,1.04
RSMNDS_2_CSRBT1,2025-07-02,2,-22.81,-24.86
RSMNDS_2_CSRBT1,2025-07-02,3,15.89,22.71
RSMNDS_2_CSRBT1,2025-07-02,4,7.39,24.0
RSMNDS_2_CSRBT1,2025-07-02,5,23.49,14.94
RSMNDS_2_CSRBT1,2025-07-02,6,47.67,38.28
RSMNDS_2_CSRBT1,2025-07-02,7,21.44,31.86
RSMNDS_2_CSRBT1,2025-07-02,8,45.92,34.55
RSMNDS_2_CSRBT1,2025-07-02,9,68.66,70.1
RSMNDS_2_CSRBT1,2025-07-02,10,64.61,79.67
RSMNDS_2_CSRBT1,2025-07-02,11,54.13,57.38
RSMNDS_2_CSRBT1,2025-07-02,12,55.27,41.83
RSMNDS_2_CSRBT1,2025-07-02,13,31.77,50.32
RSMNDS_2_CSRBT1,2025-07-02,14,56.74,44.94
RSMNDS_2_CSRBT1,2025-07-02,15,56.19,53.44
RSMNDS_2_CSRBT1,2025-07-02,16,33.86,58.78
RSMNDS_2_CSRBT1,2025-07-02,17,23.1,8.0
RSMNDS_2_CSRBT1,2025-07-02,18,34.33,42.46
RSMNDS_2_CSRBT1,2025-07-02,19,28.64,19.98
RSMNDS_2_CSRBT1,2025-07-02,20,28.0,46.52
RSMNDS_2_CSRBT1,2025-07-02,21,32.67,8.97
RSMNDS_2_CSRBT1,2025-07-02,22,14.26,10.89
RSMNDS_2_CSRBT1,2025-07-02,23,16.41,-0.58
RSMNDS_2_CSRBT1,2025-07-02,24,24.73,2.17
RSMNDS_2_CSRBT1,2025-07-03,1,8.43,14.75
RSMNDS_2_CSRBT1,2025-07-03,2,17.12,2.76
RSMNDS_2_CSRBT1,2025-07-03,3,22.29,28.8
RSMNDS_2_CSRBT1,2025-07-03,4,2.84,9.55
RSMNDS_2_CSRBT1,2025-07-03,5,22.23,37.82
RSMNDS_2_CSRBT1,2025-07-03,6,37.95,17.52
RSMNDS_2_CSRBT1,2025-07-03,7,33.96,37.02
RSMNDS_2_CSRBT1,2025-07-03,8,34.94,23.65
RSMNDS_2_CSRBT1,2025-07-03,9,35.44,38.18
RSMNDS_2_CSRBT1,2025-07-03,10,36.9,56.63
RSMNDS_2_CSRBT1,2025-07-03,11,67.89,61.43
RSMNDS_2_CSRBT1,2025-07-03,12,57.56,74.0
RSMNDS_2_CSRBT1,2025-07-03,13,-19.69,-54.41
RSMNDS_2_CSRBT1,2025-07-03,14,45.12,48.9
RSMNDS_2_CSRBT1,2025-07-03,15,64.69,55.97
RSMNDS_2_CSRBT1,2025-07-03,16,58.75,49.02
RSMNDS_2_CSRBT1,2025-07-03,17,53.25,47.87
RSMNDS_2_CSRBT1,2025-07-03,18,-13.06,25.14
RSMNDS_2_CSRBT1,2025-07-03,19,98.38,150.36
RSMNDS_2_CSRBT1,2025-07-03,20,-38.35,23.89
RSMNDS_2_CSRBT1,2025-07-03,21,17.47,24.33
RSMNDS_2_CSRBT1,2025-07-03,22,1.56,0.48
RSMNDS_2_CSRBT1,2025-07-03,23,19.21,23.58
RSMNDS_2_CSRBT1,2025-07-03,24,-6.67,10.59
RSMNDS_2_CSRBT1,2025-07-04,1,-4.52,33.08
RSMNDS_2_CSRBT1,2025-07-04,2,7.72,10.92
RSMNDS_2_CSRBT1,2025-07-04,3,45.24,26.36
RSMNDS_2_CSRBT1,2025-07-04,4,13.21,42.48
RSMNDS_2_CSRBT1,2025-07-04,5,26.02,11.48
RSMNDS_2_CSRBT1,2025-07-04,6,32.39,44.94
RSMNDS_2_CSRBT1,2025-07-04,7,53.51,35.25
RSMNDS_2_CSRBT1,2025-07-04,8,34.63,63.24
RSMNDS_2_CSRBT1,2025-07-04,9,33.4,28.78
RSMNDS_2_CSRBT1,2025-07-04,10,36.07,52.39
RSMNDS_2_CSRBT1,2025-07-04,11,54.89,51.92
RSMNDS_2_CSRBT1,2025-07-04,12,52.37,60.07
RSMNDS_2_CSRBT1,2025-07-04,13,87.6,60.94
RSMNDS_2_CSRBT1,2025-07-04,14,21.95,32.87
RSMNDS_2_CSRBT1,2025-07-04,15,20.0,24.54
RSMNDS_2_CSRBT1,2025-07-04,16,35.82,46.91
RSMNDS_2_CSRBT1,2025-07-04,17,36.78,44.98
RSMNDS_2_CSRBT1,2025-07-04,18,28.37,69.35
RSMNDS_2_CSRBT1,2025-07-04,19,17.17,13.11
RSMNDS_2_CSRBT1,2025-07-04,20,37.05,30.57
RSMNDS_2_CSRBT1,2025-07-04,21,3.51,-4.76
RSMNDS_2_CSRBT1,2025-07-04,22,-2.09,20.67
RSMNDS_2_CSRBT1,2025-07-04,23,24.04,-23.06
RSMNDS_2_CSRBT1,2025-07-04,24,-5.75,12.01
RSMNDS_2_CSRBT1,2025-07-05,1,10.14,4.49
RSMNDS_2_CSRBT1,2025-07-05,2,13.47,1.65
RSMNDS_2_CSRBT1,2025-07-05,3,31.4,36.15
RSMNDS_2_CSRBT1,2025-07-05,4,-44.8,-31.34
RSMNDS_2_CSRBT1,2025-07-05,5,40.33,29.04
RSMNDS_2_CSRBT1,2025-07-05,6,19.26,29.61
RSMNDS_2_CSRBT1,2025-07-05,7,14.17,12.97
RSMNDS_2_CSRBT1,2025-07-05,8,31.42,18.32
RSMNDS_2_CSRBT1,2025-07-05,9,37.83,46.96
RSMNDS_2_CSRBT1,2025-07-05,10,61.9,64.73
RSMNDS_2_CSRBT1,2025-07-05,11,37.84,44.44
RSMNDS_2_CSRBT1,2025-07-05,12,30.87,47.01
RSMNDS_2_CSRBT1,2025-07-05,13,41.49,17.71
RSMNDS_2_CSRBT1,2025-07-05,14,60.89,61.99
RSMNDS_2_CSRBT1,2025-07-05,15,48.42,51.73
RSMNDS_2_CSRBT1,2025-07-05,16,19.62,62.42
RSMNDS_2_CSRBT1,2025-07-05,17,44.82,48.29
RSMNDS_2_CSRBT1,2025-07-05,18,21.49,27.33
RSMNDS_2_CSRBT1,2025-07-05,19,192.33,186.91
RSMNDS_2_CSRBT1,2025-07-05,20,48.93,61.64
RSMNDS_2_CSRBT1,2025-07-05,21,10.0,12.13
RSMNDS_2_CSRBT1,2025-07-05,22,9.4,22.43
RSMNDS_2_CSRBT1,2025-07-05,23,-16.47,22.04
RSMNDS_2_CSRBT1,2025-07-05,24,2.06,2.07
RSMNDS_2_CSRBT1,2025-07-06,1,2.76,40.98
RSMNDS_2_CSRBT1,2025-07-06,2,-6.9,0.04
RSMNDS_2_CSRBT1,2025-07-06,3,8.01,15.42
RSMNDS_2_CSRBT1,2025-07-06,4,17.08,12.6
RSMNDS_2_CSRBT1,2025-07-06,5,24.24,23.14
RSMNDS_2_CSRBT1,2025-07-06,6,3.17,0.93
RSMNDS_2_CSRBT1,2025-07-06,7,30.9,35.37
RSMNDS_2_CSRBT1,2025-07-06,8,61.41,90.41
RSMNDS_2_CSRBT1,2025-07-06,9,50.47,30.09
RSMNDS_2_CSRBT1,2025-07-06,10,67.05,47.62
RSMNDS_2_CSRBT1,2025-07-06,11,-31.75,-31.87
RSMNDS_2_CSRBT1,2025-07-06,12,67.46,52.99
RSMNDS_2_CSRBT1,2025-07-06,13,38.78,46.65
RSMNDS_2_CSRBT1,2025-07-06,14,55.78,65.28
RSMNDS_2_CSRBT1,2025-07-06,15,44.19,26.7
RSMNDS_2_CSRBT1,2025-07-06,16,49.02,32.36
RSMNDS_2_CSRBT1,2025-07-06,17,20.9,35.11
RSMNDS_2_CSRBT1,2025-07-06,18,48.33,44.01
RSMNDS_2_CSRBT1,2025-07-06,19,17.56,31.57
RSMNDS_2_CSRBT1,2025-07-06,20,21.68,25.87
RSMNDS_2_CSRBT1,2025-07-06,21,8.71,-42.74
RSMNDS_2_CSRBT1,2025-07-06,22,12.91,19.84
RSMNDS_2_CSRBT1,2025-07-06,23,-10.38,-20.91
RSMNDS_2_CSRBT1,2025-07-06,24,30.82,32.97
RSMNDS_2_CSRBT1,2025-07-07,1,10.47,8.23
RSMNDS_2_CSRBT1,2025-07-07,2,3.86,0.71
RSMNDS_2_CSRBT1,2025-07-07,3,22.35,18.67
RSMNDS_2_CSRBT1,2025-07-07,4,-40.59,-41.25
RSMNDS_2_CSRBT1,2025-07-07,5,48.21,73.82
RSMNDS_2_CSRBT1,2025-07-07,6,44.8,-8.17
RSMNDS_2_CSRBT1,2025-07-07,7,31.06,39.83
RSMNDS_2_CSRBT1,2025-07-07,8,37.27,19.24
RSMNDS_2_CSRBT1,2025-07-07,9,63.64,56.11
RSMNDS_2_CSRBT1,2025-07-07,10,53.89,39.99
RSMNDS_2_CSRBT1,2025-07-07,11,61.18,43.7
RSMNDS_2_CSRBT1,2025-07-07,12,56.45,28.85
RSMNDS_2_CSRBT1,2025-07-07,13,48.3,51.99
RSMNDS_2_CSRBT1,2025-07-07,14,67.54,47.4
RSMNDS_2_CSRBT1,2025-07-07,15,50.05,46.23
RSMNDS_2_CSRBT1,2025-07-07,16,51.94,35.66
RSMNDS_2_CSRBT1,2025-07-07,17,26.11,26.51
RSMNDS_2_CSRBT1,2025-07-07,18,25.61,32.99
RSMNDS_2_CSRBT1,2025-07-07,19,5.31,12.74
RSMNDS_2_CSRBT1,2025-07-07,20,172.1,160.61
RSMNDS_2_CSRBT1,2025-07-07,21,12.42,31.04
RSMNDS_2_CSRBT1,2025-07-07,22,-5.78,-5.04
RSMNDS_2_CSRBT1,2025-07-07,23,-2.76,-5.38
RSMNDS_2_CSRBT1,2025-07-07,24,24.19,13.7
RSMNDS_2_CSRSR1,2025-07-01,1,-39.8,-44.26
RSMNDS_2_CSRSR1,2025-07-01,2,22.68,17.42
RSMNDS_2_CSRSR1,2025-07-01,3,12.15,35.34
RSMNDS_2_CSRSR1,2025-07-01,4,5.7,21.57
RSMNDS_2_CSRSR1,2025-07-01,5,48.19,44.66
RSMNDS_2_CSRSR1,2025-07-01,6,36.49,40.35
RSMNDS_2_CSRSR1,2025-07-01,7,17.26,29.66
RSMNDS_2_CSRSR1,2025-07-01,8,44.71,39.46
RSMNDS_2_CSRSR1,2025-07-01,9,46.72,45.41
RSMNDS_2_CSRSR1,2025-07-01,10,29.72,24.43
RSMNDS_2_CSRSR1,2025-07-01,11,21.54,25.01
RSMNDS_2_CSRSR1,2025-07-01,12,-47.45,-44.14
RSMNDS_2_CSRSR1,2025-07-01,13,-14.36,-20.19
RSMNDS_2_CSRSR1,2025-07-01,14,80.42,98.49
RSMNDS_2_CSRSR1,2025-07-01,15,27.32,35.19
RSMNDS_2_CSRSR1,2025-07-01,16,32.89,18.7
RSMNDS_2_CSRSR1,2025-07-01,17,27.82,28.26
RSMNDS_2_CSRSR1,2025-07-01,18,25.66,37.71
RSMNDS_2_CSRSR1,2025-07-01,19,36.21,17.29
RSMNDS_2_CSRSR1,2025-07-01,20,11.37,18.61
RSMNDS_2_CSRSR1,2025-07-01,21,10.32,19.11
RSMNDS_2_CSRSR1,2025-07-01,22,1.61,8.35
RSMNDS_2_CSRSR1,2025-07-01,23,22.96,15.57
RSMNDS_2_CSRSR1,2025-07-01,24,4.52,6.89
RSMNDS_2_CSRSR1,2025-07-02,1,-37.73,-52.97
RSMNDS_2_CSRSR1,2025-07-02,2,-4.3,-4.36
RSMNDS_2_CSRSR1,2025-07-02,3,18.77,31.63
RSMNDS_2_CSRSR1,2025-07-02,4,8.26,-15.53
RSMNDS_2_CSRSR1,2025-07-02,5,35.05,45.19
RSMNDS_2_CSRSR1,2025-07-02,6,39.77,7.73
RSMNDS_2_CSRSR1,2025-07-02,7,45.27,25.5
RSMNDS_2_CSRSR1,2025-07-02,8,34.01,54.7
RSMNDS_2_CSRSR1,2025-07-02,9,53.86,54.78
RSMNDS_2_CSRSR1,2025-07-02,10,29.61,37.77
RSMNDS_2_CSRSR1,2025-07-02,11,61.51,54.32
RSMNDS_2_CSRSR1,2025-07-02,12,64.72,64.4
RSMNDS_2_CSRSR1,2025-07-02,13,63.23,70.54
RSMNDS_2_CSRSR1,2025-07-02,14,15.9,41.41
RSMNDS_2_CSRSR1,2025-07-02,15,53.21,63.9
RSMNDS_2_CSRSR1,2025-07-02,16,38.14,26.39
RSMNDS_2_CSRSR1,2025-07-02,17,23.38,15.05
RSMNDS_2_CSRSR1,2025-07-02,18,34.06,25.79
RSMNDS_2_CSRSR1,2025-07-02,19,29.99,57.01
RSMNDS_2_CSRSR1,2025-07-02,20,28.96,12.2
RSMNDS_2_CSRSR1,2025-07-02,21,19.15,34.34
RSMNDS_2_CSRSR1,2025-07-02,22,25.0,1.51
RSMNDS_2_CSRSR1,2025-07-02,23,15.34,13.47
RSMNDS_2_CSRSR1,2025-07-02,24,26.6,-0.09
RSMNDS_2_CSRSR1,2025-07-03,1,17.34,43.76
RSMNDS_2_CSRSR1,2025-07-03,2,19.61,16.87
RSMNDS_2_CSRSR1,2025-07-03,3,9.28,37.06
RSMNDS_2_CSRSR1,2025-07-03,4,-2.07,20.88
RSMNDS_2_CSRSR1,2025-07-03,5,28.79,38.77
RSMNDS_2_CSRSR1,2025-07-03,6,49.43,37.03
RSMNDS_2_CSRSR1,2025-07-03,7,22.82,16.54
RSMNDS_2_CSRSR1,2025-07-03,8,41.06,43.41
RSMNDS_2_CSRSR1,2025-07-03,9,46.66,34.05
RSMNDS_2_CSRSR1,2025-07-03,10,33.32,54.72
RSMNDS_2_CSRSR1,2025-07-03,11,26.66,68.16
RSMNDS_2_CSRSR1,2025-07-03,12,45.33,64.09
RSMNDS_2_CSRSR1,2025-07-03,13,26.99,13.99
RSMNDS_2_CSRSR1,2025-07-03,14,50.11,59.32
RSMNDS_2_CSRSR1,2025-07-03,15,78.06,68.92
RSMNDS_2_CSRSR1,2025-07-03,16,23.43,16.34
RSMNDS_2_CSRSR1,2025-07-03,17,32.26,40.84
RSMNDS_2_CSRSR1,2025-07-03,18,247.72,319.09
RSMNDS_2_CSRSR1,2025-07-03,19,-19.57,64.37
RSMNDS_2_CSRSR1,2025-07-03,20,-36.01,27.35
RSMNDS_2_CSRSR1,2025-07-03,21,13.8,45.72
RSMNDS_2_CSRSR1,2025-07-03,22,1.85,-2.8
RSMNDS_2_CSRSR1,2025-07-03,23,14.23,11.43
RSMNDS_2_CSRSR1,2025-07-03,24,10.59,-12.12
RSMNDS_2_CSRSR1,2025-07-04,1,-11.25,-11.58
RSMNDS_2_CSRSR1,2025-07-04,2,13.99,30.48
RSMNDS_2_CSRSR1,2025-07-04,3,23.03,9.23
RSMNDS_2_CSRSR1,2025-07-04,4,-17.34,-15.68
RSMNDS_2_CSRSR1,2025-07-04,5,15.39,17.91
RSMNDS_2_CSRSR1,2025-07-04,6,18.04,39.58
RSMNDS_2_CSRSR1,2025-07-04,7,32.66,42.7
RSMNDS_2_CSRSR1,2025-07-04,8,44.35,28.39
RSMNDS_2_CSRSR1,2025-07-04,9,29.34,18.29
RSMNDS_2_CSRSR1,2025-07-04,10,76.25,51.57
RSMNDS_2_CSRSR1,2025-07-04,11,29.85,32.4
RSMNDS_2_CSRSR1,2025-07-04,12,53.43,69.74
RSMNDS_2_CSRSR1,2025-07-04,13,54.61,64.71
RSMNDS_2_CSRSR1,2025-07-04,14,65.41,63.17
RSMNDS_2_CSRSR1,2025-07-04,15,57.07,39.9
RSMNDS_2_CSRSR1,2025-07-04,16,39.19,13.23
RSMNDS_2_CSRSR1,2025-07-04,17,42.36,75.2
RSMNDS_2_CSRSR1,2025-07-04,18,30.26,35.7
RSMNDS_2_CSRSR1,2025-07-04,19,31.83,10.93
RSMNDS_2_CSRSR1,2025-07-04,20,15.36,-7.17
RSMNDS_2_CSRSR1,2025-07-04,21,22.58,24.28
RSMNDS_2_CSRSR1,2025-07-04,22,21.07,25.24
RSMNDS_2_CSRSR1,2025-07-04,23,7.86,10.03
RSMNDS_2_CSRSR1,2025-07-04,24,7.22,-18.99
RSMNDS_2_CSRSR1,2025-07-05,1,-31.3,-33.86
RSMNDS_2_CSRSR1,2025-07-05,2,-3.55,25.33
RSMNDS_2_CSRSR1,2025-07-05,3,-3.71,-21.91
RSMNDS_2_CSRSR1,2025-07-05,4,19.3,44.42
RSMNDS_2_CSRSR1,2025-07-05,5,-0.56,17.07
RSMNDS_2_CSRSR1,2025-07-05,6,36.82,1.24
RSMNDS_2_CSRSR1,2025-07-05,7,21.08,40.79
RSMNDS_2_CSRSR1,2025-07-05,8,42.57,65.65
RSMNDS_2_CSRSR1,2025-07-05,9,62.18,60.86
RSMNDS_2_CSRSR1,2025-07-05,10,57.86,95.56
RSMNDS_2_CSRSR1,2025-07-05,11,-9.61,-14.15
RSMNDS_2_CSRSR1,2025-07-05,12,56.35,44.5
RSMNDS_2_CSRSR1,2025-07-05,13,-28.25,-17.59
RSMNDS_2_CSRSR1,2025-07-05,14,22.72,18.52
RSMNDS_2_CSRSR1,2025-07-05,15,21.25,55.78
RSMNDS_2_CSRSR1,2025-07-05,16,26.29,33.66
RSMNDS_2_CSRSR1,2025-07-05,17,44.61,27.24
RSMNDS_2_CSRSR1,2025-07-05,18,12.78,23.35
RSMNDS_2_CSRSR1,2025-07-05,19,34.62,49.74
RSMNDS_2_CSRSR1,2025-07-05,20,15.26,23.65
RSMNDS_2_CSRSR1,2025-07-05,21,14.52,28.26
RSMNDS_2_CSRSR1,2025-07-05,22,9.86,-1.94
RSMNDS_2_CSRSR1,2025-07-05,23,9.76,-1.78
RSMNDS_2_CSRSR1,2025-07-05,24,46.23,28.38
RSMNDS_2_CSRSR1,2025-07-06,1,26.12,16.94
RSMNDS_2_CSRSR1,2025-07-06,2,28.59,20.57
RSMNDS_2_CSRSR1,2025-07-06,3,22.01,-16.34
RSMNDS_2_CSRSR1,2025-07-06,4,10.77,16.38
RSMNDS_2_CSRSR1,2025-07-06,5,11.35,27.48
RSMNDS_2_CSRSR1,2025-07-06,6,26.88,17.06
RSMNDS_2_CSRSR1,2025-07-06,7,50.03,51.06
RSMNDS_2_CSRSR1,2025-07-06,8,25.59,38.7
RSMNDS_2_CSRSR1,2025-07-06,9,33.05,55.74
RSMNDS_2_CSRSR1,2025-07-06,10,46.55,69.22
RSMNDS_2_CSRSR1,2025-07-06,11,51.07,48.39
RSMNDS_2_CSRSR1,2025-07-06,12,41.47,33.19
RSMNDS_2_CSRSR1,2025-07-06,13,40.83,60.94
RSMNDS_2_CSRSR1,2025-07-06,14,57.36,58.25
RSMNDS_2_CSRSR1,2025-07-06,15,43.18,39.73
RSMNDS_2_CSRSR1,2025-07-06,16,40.22,52.35
RSMNDS_2_CSRSR1,2025-07-06,17,39.17,45.15
RSMNDS_2_CSRSR1,2025-07-06,18,46.38,27.24
RSMNDS_2_CSRSR1,2025-07-06,19,290.61,263.46
RSMNDS_2_CSRSR1,2025-07-06,20,17.76,8.46
RSMNDS_2_CSRSR1,2025-07-06,21,5.85,-12.53
RSMNDS_2_CSRSR1,2025-07-06,22,16.46,12.0
RSMNDS_2_CSRSR1,2025-07-06,23,30.18,33.23
RSMNDS_2_CSRSR1,2025-07-06,24,-0.15,2.7
RSMNDS_2_CSRSR1,2025-07-07,1,-10.93,-13.9
RSMNDS_2_CSRSR1,2025-07-07,2,-4.12,5.03
RSMNDS_2_CSRSR1,2025-07-07,3,19.71,48.37
RSMNDS_2_CSRSR1,2025-07-07,4,-49.74,-76.4
RSMNDS_2_CSRSR1,2025-07-07,5,18.1,32.82
RSMNDS_2_CSRSR1,2025-07-07,6,29.12,1.21
RSMNDS_2_CSRSR1,2025-07-07,7,45.98,47.78
RSMNDS_2_CSRSR1,2025-07-07,8,46.16,33.21
RSMNDS_2_CSRSR1,2025-07-07,9,45.46,-0.7
RSMNDS_2_CSRSR1,2025-07-07,10,47.67,66.62
RSMNDS_2_CSRSR1,2025-07-07,11,31.56,17.58
RSMNDS_2_CSRSR1,2025-07-07,12,-43.19,-24.77
RSMNDS_2_CSRSR1,2025-07-07,13,45.66,62.37
RSMNDS_2_CSRSR1,2025-07-07,14,29.06,48.68
RSMNDS_2_CSRSR1,2025-07-07,15,41.0,66.01
RSMNDS_2_CSRSR1,2025-07-07,16,53.64,48.16
RSMNDS_2_CSRSR1,2025-07-07,17,45.26,36.87
RSMNDS_2_CSRSR1,2025-07-07,18,173.92,187.62
RSMNDS_2_CSRSR1,2025-07-07,19,14.16,26.02
RSMNDS_2_CSRSR1,2025-07-07,20,35.29,38.05
RSMNDS_2_CSRSR1,2025-07-07,21,12.91,-26.4
RSMNDS_2_CSRSR1,2025-07-07,22,28.91,28.43
RSMNDS_2_CSRSR1,2025-07-07,23,-10.14,8.02
RSMNDS_2_CSRSR1,2025-07-07,24,8.06,42.83
SANDRN_2_SS1BT1,2025-07-01,1,-23.35,4.97
SANDRN_2_SS1BT1,2025-07-01,2,36.67,40.67
SANDRN_2_SS1BT1,2025-07-01,3,-26.15,-17.19
SANDRN_2_SS1BT1,2025-07-01,4,28.56,37.33
SANDRN_2_SS1BT1,2025-07-01,5,19.48,29.47
SANDRN_2_SS1BT1,2025-07-01,6,53.81,35.82
SANDRN_2_SS1BT1,2025-07-01,7,50.83,48.19
SANDRN_2_SS1BT1,2025-07-01,8,41.09,48.23
SANDRN_2_SS1BT1,2025-07-01,9,37.01,28.54
SANDRN_2_SS1BT1,2025-07-01,10,33.96,24.5
SANDRN_2_SS1BT1,2025-07-01,11,29.34,35.15
SANDRN_2_SS1BT1,2025-07-01,12,45.59,64.07
SANDRN_2_SS1BT1,2025-07-01,13,59.94,58.26
SANDRN_2_SS1BT1,2025-07-01,14,47.07,46.95
SANDRN_2_SS1BT1,2025-07-01,15,54.01,46.84
SANDRN_2_SS1BT1,2025-07-01,16,19.56,37.5
SANDRN_2_SS1BT1,2025-07-01,17,31.67,86.9
SANDRN_2_SS1BT1,2025-07-01,18,23.55,28.48
SANDRN_2_SS1BT1,2025-07-01,19,243.95,226.76
SANDRN_2_SS1BT1,2025-07-01,20,349.71,316.34
SANDRN_2_SS1BT1,2025-07-01,21,38.27,6.44
SANDRN_2_SS1BT1,2025-07-01,22,17.93,35.81
SANDRN_2_SS1BT1,2025-07-01,23,11.86,37.28
SANDRN_2_SS1BT1,2025-07-01,24,16.89,13.35
SANDRN_2_SS1BT1,2025-07-02,1,11.71,-9.21
SANDRN_2_SS1BT1,2025-07-02,2,0.72,-16.05
SANDRN_2_SS1BT1,2025-07-02,3,41.24,44.42
SANDRN_2_SS1BT1,2025-07-02,4,7.76,13.22
SANDRN_2_SS1BT1,2025-07-02,5,31.64,31.52
SANDRN_2_SS1BT1,2025-07-02,6,19.44,19.24
SANDRN_2_SS1BT1,2025-07-02,7,18.86,14.97
SANDRN_2_SS1BT1,2025-07-02,8,38.05,38.54
SANDRN_2_SS1BT1,2025-07-02,9,55.45,41.68
SANDRN_2_SS1BT1,2025-07-02,10,55.08,34.87
SANDRN_2_SS1BT1,2025-07-02,11,57.02,68.09
SANDRN_2_SS1BT1,2025-07-02,12,43.43,56.16
SANDRN_2_SS1BT1,2025-07-02,13,-38.77,-37.88
SANDRN_2_SS1BT1,2025-07-02,14,52.71,34.59
SANDRN_2_SS1BT1,2025-07-02,15,35.3,60.4
SANDRN_2_SS1BT1,2025-07-02,16,22.4,13.44
SANDRN_2_SS1BT1,2025-07-02,17,16.6,25.07
SANDRN_2_SS1BT1,2025-07-02,18,36.01,39.5
SANDRN_2_SS1BT1,2025-07-02,19,20.11,9.64
SANDRN_2_SS1BT1,2025-07-02,20,16.57,19.09
SANDRN_2_SS1BT1,2025-07-02,21,18.69,23.95
SANDRN_2_SS1BT1,2025-07-02,22,-3.12,8.56
SANDRN_2_SS1BT1,2025-07-02,23,-17.81,-14.76
SANDRN_2_SS1BT1,2025-07-02,24,17.73,31.83
SANDRN_2_SS1BT1,2025-07-03,1,10.68,-25.09
SANDRN_2_SS1BT1,2025-07-03,2,14.9,10.35
SANDRN_2_SS1BT1,2025-07-03,3,8.27,34.96
SANDRN_2_SS1BT1,2025-07-03,4,13.08,-12.36
SANDRN_2_SS1BT1,2025-07-03,5,12.63,2.63
SANDRN_2_SS1BT1,2025-07-03,6,21.89,31.25
SANDRN_2_SS1BT1,2025-07-03,7,26.33,21.89
SANDRN_2_SS1BT1,2025-07-03,8,47.42,15.64
SANDRN_2_SS1BT1,2025-07-03,9,67.4,53.22
SANDRN_2_SS1BT1,2025-07-03,10,40.63,66.26
SANDRN_2_SS1BT1,2025-07-03,11,31.87,20.02
SANDRN_2_SS1BT1,2025-07-03,12,-37.01,-17.77
SANDRN_2_SS1BT1,2025-07-03,13,42.32,75.55
SANDRN_2_SS1BT1,2025-07-03,14,59.09,45.05
SANDRN_2_SS1BT1,2025-07-03,15,55.2,28.98
SANDRN_2_SS1BT1,2025-07-03,16,34.3,56.18
SANDRN_2_SS1BT1,2025-07-03,17,43.09,43.95
SANDRN_2_SS1BT1,2025-07-03,18,-11.2,20.82
SANDRN_2_SS1BT1,2025-07-03,19,-31.12,1.78
SANDRN_2_SS1BT1,2025-07-03,20,-64.71,15.44
SANDRN_2_SS1BT1,2025-07-03,21,22.62,4.63
SANDRN_2_SS1BT1,2025-07-03,22,25.44,13.48
SANDRN_2_SS1BT1,2025-07-03,23,13.73,7.34
SANDRN_2_SS1BT1,2025-07-03,24,4.13,-1.57
SANDRN_2_SS1BT1,2025-07-04,1,-5.4,-21.51
SANDRN_2_SS1BT1,2025-07-04,2,21.95,19.39
SANDRN_2_SS1BT1,2025-07-04,3,23.93,7.09
SANDRN_2_SS1BT1,2025-07-04,4,8.77,34.73
SANDRN_2_SS1BT1,2025-07-04,5,36.41,20.57
SANDRN_2_SS1BT1,2025-07-04,6,38.34,27.23
SANDRN_2_SS1BT1,2025-07-04,7,29.4,13.14
SANDRN_2_SS1BT1,2025-07-04,8,58.58,46.04
SANDRN_2_SS1BT1,2025-07-04,9,32.8,28.4
SANDRN_2_SS1BT1,2025-07-04,10,15.85,28.28
SANDRN_2_SS1BT1,2025-07-04,11,44.73,11.52
SANDRN_2_SS1BT1,2025-07-04,12,41.02,15.68
SANDRN_2_SS1BT1,2025-07-04,13,-56.7,-27.71
SANDRN_2_SS1BT1,2025-07-04,14,42.22,56.9
SANDRN_2_SS1BT1,2025-07-04,15,17.79,10.22
SANDRN_2_SS1BT1,2025-07-04,16,31.98,18.71
SANDRN_2_SS1BT1,2025-07-04,17,16.91,14.13
SANDRN_2_SS1BT1,2025-07-04,18,25.25,43.65
SANDRN_2_SS1BT1,2025-07-04,19,37.85,6.92
SANDRN_2_SS1BT1,2025-07-04,20,11.39,11.75
SANDRN_2_SS1BT1,2025-07-04,21,15.68,46.61
SANDRN_2_SS1BT1,2025-07-04,22,-6.55,2.23
SANDRN_2_SS1BT1,2025-07-04,23,3.53,-2.73
SANDRN_2_SS1BT1,2025-07-04,24,13.43,19.52
SANDRN_2_SS1BT1,2025-07-05,1,29.11,10.36
SANDRN_2_SS1BT1,2025-07-05,2,19.78,13.51
SANDRN_2_SS1BT1,2025-07-05,3,6.73,14.46
SANDRN_2_SS1BT1,2025-07-05,4,18.79,20.46
SANDRN_2_SS1BT1,2025-07-05,5,24.26,47.68
SANDRN_2_SS1BT1,2025-07-05,6,44.6,27.87
SANDRN_2_SS1BT1,2025-07-05,7,18.27,46.83
SANDRN_2_SS1BT1,2025-07-05,8,72.12,66.36
SANDRN_2_SS1BT1,2025-07-05,9,41.97,45.52
SANDRN_2_SS1BT1,2025-07-05,10,21.57,34.66
SANDRN_2_SS1BT1,2025-07-05,11,50.29,57.09
SANDRN_2_SS1BT1,2025-07-05,12,63.52,45.94
SANDRN_2_SS1BT1,2025-07-05,13,-23.31,-50.54
SANDRN_2_SS1BT1,2025-07-05,14,28.0,49.37
SANDRN_2_SS1BT1,2025-07-05,15,43.42,59.17
SANDRN_2_SS1BT1,2025-07-05,16,31.53,20.92
SANDRN_2_SS1BT1,2025-07-05,17,33.71,42.97
SANDRN_2_SS1BT1,2025-07-05,18,31.97,-18.49
SANDRN_2_SS1BT1,2025-07-05,19,388.36,370.36
SANDRN_2_SS1BT1,2025-07-05,20,23.17,50.87
SANDRN_2_SS1BT1,2025-07-05,21,33.56,5.03
SANDRN_2_SS1BT1,2025-07-05,22,18.51,27.13
SANDRN_2_SS1BT1,2025-07-05,23,-13.04,-24.25
SANDRN_2_SS1BT1,2025-07-05,24,6.76,-7.38
SANDRN_2_SS1BT1,2025-07-06,1,19.54,9.0
SANDRN_2_SS1BT1,2025-07-06,2,6.51,-7.97
SANDRN_2_SS1BT1,2025-07-06,3,0.38,12.42
SANDRN_2_SS1BT1,2025-07-06,4,28.47,47.58
SANDRN_2_SS1BT1,2025-07-06,5,12.08,60.73
SANDRN_2_SS1BT1,2025-07-06,6,21.69,14.13
SANDRN_2_SS1BT1,2025-07-06,7,29.94,37.14
SANDRN_2_SS1BT1,2025-07-06,8,54.89,81.94
SANDRN_2_SS1BT1,2025-07-06,9,65.64,53.42
SANDRN_2_SS1BT1,2025-07-06,10,39.89,18.6
SANDRN_2_SS1BT1,2025-07-06,11,44.48,76.71
SANDRN_2_SS1BT1,2025-07-06,12,57.56,48.68
SANDRN_2_SS1BT1,2025-07-06,13,48.43,57.17
SANDRN_2_SS1BT1,2025-07-06,14,49.45,57.33
SANDRN_2_SS1BT1,2025-07-06,15,59.3,52.58
SANDRN_2_SS1BT1,2025-07-06,16,27.72,-25.2
SANDRN_2_SS1BT1,2025-07-06,17,37.9,33.32
SANDRN_2_SS1BT1,2025-07-06,18,33.28,30.2
SANDRN_2_SS1BT1,2025-07-06,19,35.49,35.49
SANDRN_2_SS1BT1,2025-07-06,20,17.98,20.59
SANDRN_2_SS1BT1,2025-07-06,21,16.99,7.83
SANDRN_2_SS1BT1,2025-07-06,22,-3.1,3.62
SANDRN_2_SS1BT1,2025-07-06,23,11.23,-28.48
SANDRN_2_SS1BT1,2025-07-06,24,14.41,6.22
SANDRN_2_SS1BT1,2025-07-07,1,-4.21,-2.56
SANDRN_2_SS1BT1,2025-07-07,2,11.87,51.62
SANDRN_2_SS1BT1,2025-07-07,3,23.12,16.67
SANDRN_2_SS1BT1,2025-07-07,4,-22.99,-24.08
SANDRN_2_SS1BT1,2025-07-07,5,11.93,23.84
SANDRN_2_SS1BT1,2025-07-07,6,26.83,39.77
SANDRN_2_SS1BT1,2025-07-07,7,25.16,18.51
SANDRN_2_SS1BT1,2025-07-07,8,53.66,56.4
SANDRN_2_SS1BT1,2025-07-07,9,37.3,40.01
SANDRN_2_SS1BT1,2025-07-07,10,59.72,47.3
SANDRN_2_SS1BT1,2025-07-07,11,58.49,56.25
SANDRN_2_SS1BT1,2025-07-07,12,49.64,31.61
SANDRN_2_SS1BT1,2025-07-07,13,37.74,44.94
SANDRN_2_SS1BT1,2025-07-07,14,61.36,59.11
SANDRN_2_SS1BT1,2025-07-07,15,36.55,0.73
SANDRN_2_SS1BT1,2025-07-07,16,32.71,33.43
SANDRN_2_SS1BT1,2025-07-07,17,44.55,36.77
SANDRN_2_SS1BT1,2025-07-07,18,30.48,0.11
SANDRN_2_SS1BT1,2025-07-07,19,23.26,5.57
SANDRN_2_SS1BT1,2025-07-07,20,30.11,37.57
SANDRN_2_SS1BT1,2025-07-07,21,27.91,12.32
SANDRN_2_SS1BT1,2025-07-07,22,22.55,13.06
SANDRN_2_SS1BT1,2025-07-07,23,10.55,32.61
SANDRN_2_SS1BT1,2025-07-07,24,3.86,-14.89
SANDRN_2_SS1SR1,2025-07-01,1,-0.34,2.04
SANDRN_2_SS1SR1,2025-07-01,2,2.5,17.62
SANDRN_2_SS1SR1,2025-07-01,3,-6.57,7.92
SANDRN_2_SS1SR1,2025-07-01,4,51.59,44.44
SANDRN_2_SS1SR1,2025-07-01,5,33.73,53.38
SANDRN_2_SS1SR1,2025-07-01,6,15.07,29.48
SANDRN_2_SS1SR1,2025-07-01,7,29.41,50.79
SANDRN_2_SS1SR1,2025-07-01,8,46.34,19.15
SANDRN_2_SS1SR1,2025-07-01,9,54.43,53.57
SANDRN_2_SS1SR1,2025-07-01,10,63.31,51.04
SANDRN_2_SS1SR1,2025-07-01,11,45.74,34.93
SANDRN_2_SS1SR1,2025-07-01,12,49.73,52.83
SANDRN_2_SS1SR1,2025-07-01,13,47.11,22.9
SANDRN_2_SS1SR1,2025-07-01,14,51.41,50.93
SANDRN_2_SS1SR1,2025-07-01,15,44.01,56.96
SANDRN_2_SS1SR1,2025-07-01,16,51.44,4.56
SANDRN_2_SS1SR1,2025-07-01,17,43.48,78.03
SANDRN_2_SS1SR1,2025-07-01,18,48.84,-10.24
SANDRN_2_SS1SR1,2025-07-01,19,51.75,46.8
SANDRN_2_SS1SR1,2025-07-01,20,12.16,26.14
SANDRN_2_SS1SR1,2025-07-01,21,1.84,6.51
SANDRN_2_SS1SR1,2025-07-01,22,-3.78,-15.37
SANDRN_2_SS1SR1,2025-07-01,23,39.95,15.76
SANDRN_2_SS1SR1,2025-07-01,24,2.56,-5.2
SANDRN_2_SS1SR1,2025-07-02,1,-23.53,-48.68
SANDRN_2_SS1SR1,2025-07-02,2,25.22,37.65
SANDRN_2_SS1SR1,2025-07-02,3,22.12,4.77
SANDRN_2_SS1SR1,2025-07-02,4,-33.54,-20.9
SANDRN_2_SS1SR1,2025-07-02,5,29.98,16.35
SANDRN_2_SS1SR1,2025-07-02,6,41.41,-4.72
SANDRN_2_SS1SR1,2025-07-02,7,50.92,49.39
SANDRN_2_SS1SR1,2025-07-02,8,28.15,60.75
SANDRN_2_SS1SR1,2025-07-02,9,59.52,29.47
SANDRN_2_SS1SR1,2025-07-02,10,50.79,61.86
SANDRN_2_SS1SR1,2025-07-02,11,50.99,46.87
SANDRN_2_SS1SR1,2025-07-02,12,49.85,53.58
SANDRN_2_SS1SR1,2025-07-02,13,-34.95,-76.6
SANDRN_2_SS1SR1,2025-07-02,14,55.42,68.81
SANDRN_2_SS1SR1,2025-07-02,15,39.66,27.41
SANDRN_2_SS1SR1,2025-07-02,16,44.52,17.3
SANDRN_2_SS1SR1,2025-07-02,17,15.76,9.63
SANDRN_2_SS1SR1,2025-07-02,18,24.11,30.57
SANDRN_2_SS1SR1,2025-07-02,19,26.44,18.52
SANDRN_2_SS1SR1,2025-07-02,20,16.66,10.04
SANDRN_2_SS1SR1,2025-07-02,21,31.19,58.04
SANDRN_2_SS1SR1,2025-07-02,22,-7.89,8.06
SANDRN_2_SS1SR1,2025-07-02,23,31.23,45.78
SANDRN_2_SS1SR1,2025-07-02,24,7.77,10.31
SANDRN_2_SS1SR1,2025-07-03,1,-46.31,-33.9
SANDRN_2_SS1SR1,2025-07-03,2,-1.61,-0.17
SANDRN_2_SS1SR1,2025-07-03,3,3.99,-3.09
SANDRN_2_SS1SR1,2025-07-03,4,7.16,16.06
SANDRN_2_SS1SR1,2025-07-03,5,18.35,25.56
SANDRN_2_SS1SR1,2025-07-03,6,28.16,37.61
SANDRN_2_SS1SR1,2025-07-03,7,46.15,43.22
SANDRN_2_SS1SR1,2025-07-03,8,35.54,9.12
SANDRN_2_SS1SR1,2025-07-03,9,49.71,40.43
SANDRN_2_SS1SR1,2025-07-03,10,40.74,52.38
SANDRN_2_SS1SR1,2025-07-03,11,45.48,27.02
SANDRN_2_SS1SR1,2025-07-03,12,51.19,48.84
SANDRN_2_SS1SR1,2025-07-03,13,49.82,43.75
SANDRN_2_SS1SR1,2025-07-03,14,34.25,38.67
SANDRN_2_SS1SR1,2025-07-03,15,9.22,26.4
SANDRN_2_SS1SR1,2025-07-03,16,51.16,29.37
SANDRN_2_SS1SR1,2025-07-03,17,54.27,42.73
SANDRN_2_SS1SR1,2025-07-03,18,-1.99,33.15
SANDRN_2_SS1SR1,2025-07-03,19,-56.85,8.77
SANDRN_2_SS1SR1,2025-07-03,20,-29.04,34.58
SANDRN_2_SS1SR1,2025-07-03,21,14.25,11.42
SANDRN_2_SS1SR1,2025-07-03,22,58.17,39.79
SANDRN_2_SS1SR1,2025-07-03,23,15.93,6.04
SANDRN_2_SS1SR1,2025-07-03,24,12.14,9.38
SANDRN_2_SS1SR1,2025-07-04,1,-2.76,33.86
SANDRN_2_SS1SR1,2025-07-04,2,-0.71,29.88
SANDRN_2_SS1SR1,2025-07-04,3,48.37,39.43
SANDRN_2_SS1SR1,2025-07-04,4,16.51,33.01
SANDRN_2_SS1SR1,2025-07-04,5,20.89,14.38
SANDRN_2_SS1SR1,2025-07-04,6,-2.94,15.91
SANDRN_2_SS1SR1,2025-07-04,7,23.04,29.67
SANDRN_2_SS1SR1,2025-07-04,8,43.04,23.52
SANDRN_2_SS1SR1,2025-07-04,9,45.72,48.51
SANDRN_2_SS1SR1,2025-07-04,10,45.42,54.12
SANDRN_2_SS1SR1,2025-07-04,11,44.97,18.23
SANDRN_2_SS1SR1,2025-07-04,12,-50.53,-38.32
SANDRN_2_SS1SR1,2025-07-04,13,50.01,62.44
SANDRN_2_SS1SR1,2025-07-04,14,39.98,42.86
SANDRN_2_SS1SR1,2025-07-04,15,22.37,46.77
SANDRN_2_SS1SR1,2025-07-04,16,38.11,18.85
SANDRN_2_SS1SR1,2025-07-04,17,58.93,20.81
SANDRN_2_SS1SR1,2025-07-04,18,13.87,-16.8
SANDRN_2_SS1SR1,2025-07-04,19,25.94,43.87
SANDRN_2_SS1SR1,2025-07-04,20,336.35,320.05
SANDRN_2_SS1SR1,2025-07-04,21,35.59,7.3
SANDRN_2_SS1SR1,2025-07-04,22,4.74,-28.11
SANDRN_2_SS1SR1,2025-07-04,23,-9.99,-19.32
SANDRN_2_SS1SR1,2025-07-04,24,1.66,-2.48
SANDRN_2_SS1SR1,2025-07-05,1,21.61,41.54
SANDRN_2_SS1SR1,2025-07-05,2,-13.93,-3.75
SANDRN_2_SS1SR1,2025-07-05,3,17.57,-1.18
SANDRN_2_SS1SR1,2025-07-05,4,-51.01,-57.4
SANDRN_2_SS1SR1,2025-07-05,5,10.84,29.64
SANDRN_2_SS1SR1,2025-07-05,6,29.32,61.39
SANDRN_2_SS1SR1,2025-07-05,7,46.51,24.0
SANDRN_2_SS1SR1,2025-07-05,8,32.39,25.73
SANDRN_2_SS1SR1,2025-07-05,9,25.27,20.92
SANDRN_2_SS1SR1,2025-07-05,10,62.58,61.26
SANDRN_2_SS1SR1,2025-07-05,11,35.51,28.17
SANDRN_2_SS1SR1,2025-07-05,12,29.26,22.08
SANDRN_2_SS1SR1,2025-07-05,13,31.5,13.7
SANDRN_2_SS1SR1,2025-07-05,14,61.27,66.93
SANDRN_2_SS1SR1,2025-07-05,15,28.66,44.65
SANDRN_2_SS1SR1,2025-07-05,16,37.22,56.76
SANDRN_2_SS1SR1,2025-07-05,17,34.21,-3.36
SANDRN_2_SS1SR1,2025-07-05,18,17.7,44.38
SANDRN_2_SS1SR1,2025-07-05,19,16.8,6.52
SANDRN_2_SS1SR1,2025-07-05,20,36.77,23.19
SANDRN_2_SS1SR1,2025-07-05,21,15.14,23.91
SANDRN_2_SS1SR1,2025-07-05,22,9.12,12.9
SANDRN_2_SS1SR1,2025-07-05,23,-9.07,-21.44
SANDRN_2_SS1SR1,2025-07-05,24,35.5,24.03
SANDRN_2_SS1SR1,2025-07-06,1,9.11,13.99
SANDRN_2_SS1SR1,2025-07-06,2,-32.28,-41.74
SANDRN_2_SS1SR1,2025-07-06,3,12.07,23.53
SANDRN_2_SS1SR1,2025-07-06,4,30.45,5.73
SANDRN_2_SS1SR1,2025-07-06,5,38.18,42.68
SANDRN_2_SS1SR1,2025-07-06,6,13.16,8.39
SANDRN_2_SS1SR1,2025-07-06,7,32.83,1.5
SANDRN_2_SS1SR1,2025-07-06,8,65.76,63.36
SANDRN_2_SS1SR1,2025-07-06,9,56.98,32.7
SANDRN_2_SS1SR1,2025-07-06,10,62.45,93.24
SANDRN_2_SS1SR1,2025-07-06,11,-30.67,-33.06
SANDRN_2_SS1SR1,2025-07-06,12,55.53,26.84
SANDRN_2_SS1SR1,2025-07-06,13,60.5,69.18
SANDRN_2_SS1SR1,2025-07-06,14,31.57,8.23
SANDRN_2_SS1SR1,2025-07-06,15,57.37,45.89
SANDRN_2_SS1SR1,2025-07-06,16,23.62,44.97
SANDRN_2_SS1SR1,2025-07-06,17,41.31,53.36
SANDRN_2_SS1SR1,2025-07-06,18,28.47,37.81
SANDRN_2_SS1SR1,2025-07-06,19,43.7,37.99
SANDRN_2_SS1SR1,2025-07-06,20,26.65,-0.28
SANDRN_2_SS1SR1,2025-07-06,21,18.24,33.82
SANDRN_2_SS1SR1,2025-07-06,22,7.92,9.87
SANDRN_2_SS1SR1,2025-07-06,23,17.88,37.85
SANDRN_2_SS1SR1,2025-07-06,24,4.32,3.24
SANDRN_2_SS1SR1,2025-07-07,1,-12.9,1.13
SANDRN_2_SS1SR1,2025-07-07,2,23.41,38.56
SANDRN_2_SS1SR1,2025-07-07,3,18.61,44.18
SANDRN_2_SS1SR1,2025-07-07,4,44.08,45.8
SANDRN_2_SS1SR1,2025-07-07,5,39.26,52.67
SANDRN_2_SS1SR1,2025-07-07,6,23.07,46.3
SANDRN_2_SS1SR1,2025-07-07,7,28.12,26.21
SANDRN_2_SS1SR1,2025-07-07,8,30.73,24.52
SANDRN_2_SS1SR1,2025-07-07,9,43.98,50.89
SANDRN_2_SS1SR1,2025-07-07,10,46.31,45.46
SANDRN_2_SS1SR1,2025-07-07,11,42.86,51.48
SANDRN_2_SS1SR1,2025-07-07,12,54.05,32.36
SANDRN_2_SS1SR1,2025-07-07,13,35.82,26.27
SANDRN_2_SS1SR1,2025-07-07,14,45.87,46.16
SANDRN_2_SS1SR1,2025-07-07,15,44.68,50.25
SANDRN_2_SS1SR1,2025-07-07,16,39.58,58.41
SANDRN_2_SS1SR1,2025-07-07,17,28.97,27.05
SANDRN_2_SS1SR1,2025-07-07,18,55.02,54.71
SANDRN_2_SS1SR1,2025-07-07,19,17.59,31.85
SANDRN_2_SS1SR1,2025-07-07,20,28.98,40.79
SANDRN_2_SS1SR1,2025-07-07,21,15.8,10.38
SANDRN_2_SS1SR1,2025-07-07,22,11.77,9.46
SANDRN_2_SS1SR1,2025-07-07,23,4.67,4.03
SANDRN_2_SS1SR1,2025-07-07,24,5.75,-25.61
