meter_id,resource_id,timestamp,actual_mw,interval_seconds
MTR-000001,RES-001,2025-07-01 00:30:00,0.0,3600
MTR-000002,RES-001,2025-07-01 01:30:00,0.0,3600
MTR-000003,RES-001,2025-07-01 02:30:00,0.0,3600
MTR-000004,RES-001,2025-07-01 03:30:00,0.0,3600
MTR-000005,RES-001,2025-07-01 04:30:00,0.0,3600
MTR-000006,RES-001,2025-07-01 05:30:00,0.0,3600
MTR-000007,RES-001,2025-07-01 06:30:00,3.5,3600
MTR-000008,RES-001,2025-07-01 07:30:00,11.8,3600
MTR-000009,RES-001,2025-07-01 08:30:00,19.5,3600
MTR-000010,RES-001,2025-07-01 09:30:00,25.2,3600
MTR-000011,RES-001,2025-07-01 10:30:00,33.8,3600
MTR-000012,RES-001,2025-07-01 11:30:00,38.8,3600
MTR-000013,RES-001,2025-07-01 12:30:00,33.0,3600
MTR-000014,RES-001,2025-07-01 13:30:00,31.0,3600
MTR-000015,RES-001,2025-07-01 14:30:00,27.3,3600
MTR-000016,RES-001,2025-07-01 15:30:00,32.4,3600
MTR-000017,RES-001,2025-07-01 16:30:00,22.6,3600
MTR-000018,RES-001,2025-07-01 17:30:00,13.0,3600
MTR-000019,RES-001,2025-07-01 18:30:00,4.5,3600
MTR-000020,RES-001,2025-07-01 19:30:00,0.0,3600
MTR-000021,RES-001,2025-07-01 20:30:00,0.0,3600
MTR-000022,RES-001,2025-07-01 21:30:00,0.0,3600
MTR-000023,RES-001,2025-07-01 22:30:00,0.0,3600
MTR-000024,RES-001,2025-07-01 23:30:00,0.0,3600
MTR-000025,RES-001,2025-07-02 00:30:00,0.0,3600
MTR-000026,RES-001,2025-07-02 01:30:00,0.0,3600
MTR-000027,RES-001,2025-07-02 02:30:00,0.0,3600
MTR-000028,RES-001,2025-07-02 03:30:00,0.0,3600
MTR-000029,RES-001,2025-07-02 04:30:00,0.0,3600
MTR-000030,RES-001,2025-07-02 05:30:00,0.0,3600
MTR-000031,RES-001,2025-07-02 06:30:00,4.1,3600
MTR-000032,RES-001,2025-07-02 07:30:00,8.8,3600
MTR-000033,RES-001,2025-07-02 08:30:00,19.2,3600
MTR-000034,RES-001,2025-07-02 09:30:00,29.7,3600
MTR-000035,RES-001,2025-07-02 10:30:00,35.3,3600
MTR-000036,RES-001,2025-07-02 11:30:00,38.8,3600
MTR-000037,RES-001,2025-07-02 12:30:00,38.1,3600
MTR-000038,RES-001,2025-07-02 13:30:00,39.0,3600
MTR-000039,RES-001,2025-07-02 14:30:00,36.0,3600
MTR-000040,RES-001,2025-07-02 15:30:00,28.5,3600
MTR-000041,RES-001,2025-07-02 16:30:00,18.9,3600
MTR-000042,RES-001,2025-07-02 17:30:00,11.4,3600
MTR-000043,RES-001,2025-07-02 18:30:00,4.5,3600
MTR-000044,RES-001,2025-07-02 19:30:00,0.0,3600
MTR-000045,RES-001,2025-07-02 20:30:00,0.0,3600
MTR-000046,RES-001,2025-07-02 21:30:00,0.0,3600
MTR-000047,RES-001,2025-07-02 22:30:00,0.0,3600
MTR-000048,RES-001,2025-07-02 23:30:00,0.0,3600
MTR-000049,RES-001,2025-07-03 00:30:00,0.0,3600
MTR-000050,RES-001,2025-07-03 01:30:00,0.0,3600
MTR-000051,RES-001,2025-07-03 02:30:00,0.0,3600
MTR-000052,RES-001,2025-07-03 03:30:00,0.0,3600
MTR-000053,RES-001,2025-07-03 04:30:00,0.0,3600
MTR-000054,RES-001,2025-07-03 05:30:00,0.0,3600
MTR-000055,RES-001,2025-07-03 06:30:00,4.5,3600
MTR-000056,RES-001,2025-07-03 07:30:00,11.1,3600
MTR-000057,RES-001,2025-07-03 08:30:00,22.4,3600
MTR-000058,RES-001,2025-07-03 09:30:00,29.9,3600
MTR-000059,RES-001,2025-07-03 10:30:00,26.9,3600
MTR-000060,RES-001,2025-07-03 11:30:00,31.0,3600
MTR-000061,RES-001,2025-07-03 12:30:00,44.0,3600
MTR-000062,RES-001,2025-07-03 13:30:00,37.7,3600
MTR-000063,RES-001,2025-07-03 14:30:00,34.0,3600
MTR-000064,RES-001,2025-07-03 15:30:00,27.3,3600
MTR-000065,RES-001,2025-07-03 16:30:00,15.5,3600
MTR-000066,RES-001,2025-07-03 17:30:00,12.9,3600
MTR-000067,RES-001,2025-07-03 18:30:00,4.4,3600
MTR-000068,RES-001,2025-07-03 19:30:00,0.0,3600
MTR-000069,RES-001,2025-07-03 20:30:00,0.0,3600
MTR-000070,RES-001,2025-07-03 21:30:00,0.0,3600
MTR-000071,RES-001,2025-07-03 22:30:00,0.0,3600
MTR-000072,RES-001,2025-07-03 23:30:00,0.0,3600
MTR-000073,RES-001,2025-07-04 00:30:00,0.0,3600
MTR-000074,RES-001,2025-07-04 01:30:00,0.0,3600
MTR-000075,RES-001,2025-07-04 02:30:00,0.0,3600
MTR-000076,RES-001,2025-07-04 03:30:00,0.0,3600
MTR-000077,RES-001,2025-07-04 04:30:00,0.0,3600
MTR-000078,RES-001,2025-07-04 05:30:00,0.0,3600
MTR-000079,RES-001,2025-07-04 06:30:00,5.0,3600
MTR-000080,RES-001,2025-07-04 07:30:00,9.9,3600
MTR-000081,RES-001,2025-07-04 08:30:00,22.8,3600
MTR-000082,RES-001,2025-07-04 09:30:00,23.3,3600
MTR-000083,RES-001,2025-07-04 10:30:00,34.7,3600
MTR-000084,RES-001,2025-07-04 11:30:00,46.3,3600
MTR-000085,RES-001,2025-07-04 12:30:00,38.5,3600
MTR-000086,RES-001,2025-07-04 13:30:00,34.8,3600
MTR-000087,RES-001,2025-07-04 14:30:00,33.6,3600
MTR-000088,RES-001,2025-07-04 15:30:00,27.2,3600
MTR-000089,RES-001,2025-07-04 16:30:00,16.5,3600
MTR-000090,RES-001,2025-07-04 17:30:00,13.2,3600
MTR-000091,RES-001,2025-07-04 18:30:00,4.5,3600
MTR-000092,RES-001,2025-07-04 19:30:00,0.0,3600
MTR-000093,RES-001,2025-07-04 20:30:00,0.0,3600
MTR-000094,RES-001,2025-07-04 21:30:00,0.0,3600
MTR-000095,RES-001,2025-07-04 22:30:00,0.0,3600
MTR-000096,RES-001,2025-07-04 23:30:00,0.0,3600
MTR-000097,RES-001,2025-07-05 00:30:00,0.0,3600
MTR-000098,RES-001,2025-07-05 01:30:00,0.0,3600
MTR-000099,RES-001,2025-07-05 02:30:00,0.0,3600
MTR-000100,RES-001,2025-07-05 03:30:00,0.0,3600
MTR-000101,RES-001,2025-07-05 04:30:00,0.0,3600
MTR-000102,RES-001,2025-07-05 05:30:00,0.0,3600
MTR-000103,RES-001,2025-07-05 06:30:00,3.6,3600
MTR-000104,RES-001,2025-07-05 07:30:00,8.9,3600
MTR-000105,RES-001,2025-07-05 08:30:00,18.1,3600
MTR-000106,RES-001,2025-07-05 09:30:00,28.6,3600
MTR-000107,RES-001,2025-07-05 10:30:00,35.1,3600
MTR-000108,RES-001,2025-07-05 11:30:00,41.8,3600
MTR-000109,RES-001,2025-07-05 12:30:00,31.9,3600
MTR-000110,RES-001,2025-07-05 13:30:00,34.4,3600
MTR-000111,RES-001,2025-07-05 14:30:00,29.6,3600
MTR-000112,RES-001,2025-07-05 15:30:00,26.1,3600
MTR-000113,RES-001,2025-07-05 16:30:00,15.5,3600
MTR-000114,RES-001,2025-07-05 17:30:00,13.4,3600
MTR-000115,RES-001,2025-07-05 18:30:00,3.7,3600
MTR-000116,RES-001,2025-07-05 19:30:00,0.0,3600
MTR-000117,RES-001,2025-07-05 20:30:00,0.0,3600
MTR-000118,RES-001,2025-07-05 21:30:00,0.0,3600
MTR-000119,RES-001,2025-07-05 22:30:00,0.0,3600
MTR-000120,RES-001,2025-07-05 23:30:00,0.0,3600
MTR-000121,RES-001,2025-07-06 00:30:00,0.0,3600
MTR-000122,RES-001,2025-07-06 01:30:00,0.0,3600
MTR-000123,RES-001,2025-07-06 02:30:00,0.0,3600
MTR-000124,RES-001,2025-07-06 03:30:00,0.0,3600
MTR-000125,RES-001,2025-07-06 04:30:00,0.0,3600
MTR-000126,RES-001,2025-07-06 05:30:00,0.0,3600
MTR-000127,RES-001,2025-07-06 06:30:00,4.9,3600
MTR-000128,RES-001,2025-07-06 07:30:00,11.2,3600
MTR-000129,RES-001,2025-07-06 08:30:00,22.3,3600
MTR-000130,RES-001,2025-07-06 09:30:00,22.0,3600
MTR-000131,RES-001,2025-07-06 10:30:00,39.4,3600
MTR-000132,RES-001,2025-07-06 11:30:00,42.5,3600
MTR-000133,RES-001,2025-07-06 12:30:00,36.0,3600
MTR-000134,RES-001,2025-07-06 13:30:00,33.4,3600
MTR-000135,RES-001,2025-07-06 14:30:00,31.5,3600
MTR-000136,RES-001,2025-07-06 15:30:00,31.4,3600
MTR-000137,RES-001,2025-07-06 16:30:00,19.3,3600
MTR-000138,RES-001,2025-07-06 17:30:00,11.8,3600
MTR-000139,RES-001,2025-07-06 18:30:00,3.5,3600
MTR-000140,RES-001,2025-07-06 19:30:00,0.0,3600
MTR-000141,RES-001,2025-07-06 20:30:00,0.0,3600
MTR-000142,RES-001,2025-07-06 21:30:00,0.0,3600
MTR-000143,RES-001,2025-07-06 22:30:00,0.0,3600
MTR-000144,RES-001,2025-07-06 23:30:00,0.0,3600
MTR-000145,RES-001,2025-07-07 00:30:00,0.0,3600
MTR-000146,RES-001,2025-07-07 01:30:00,0.0,3600
MTR-000147,RES-001,2025-07-07 02:30:00,0.0,3600
MTR-000148,RES-001,2025-07-07 03:30:00,0.0,3600
MTR-000149,RES-001,2025-07-07 04:30:00,0.0,3600
MTR-000150,RES-001,2025-07-07 05:30:00,0.0,3600
MTR-000151,RES-001,2025-07-07 06:30:00,3.3,3600
MTR-000152,RES-001,2025-07-07 07:30:00,11.9,3600
MTR-000153,RES-001,2025-07-07 08:30:00,23.0,3600
MTR-000154,RES-001,2025-07-07 09:30:00,26.0,3600
MTR-000155,RES-001,2025-07-07 10:30:00,37.3,3600
MTR-000156,RES-001,2025-07-07 11:30:00,32.1,3600
MTR-000157,RES-001,2025-07-07 12:30:00,39.5,3600
MTR-000158,RES-001,2025-07-07 13:30:00,34.5,3600
MTR-000159,RES-001,2025-07-07 14:30:00,36.9,3600
MTR-000160,RES-001,2025-07-07 15:30:00,24.8,3600
MTR-000161,RES-001,2025-07-07 16:30:00,19.0,3600
MTR-000162,RES-001,2025-07-07 17:30:00,11.9,3600
MTR-000163,RES-001,2025-07-07 18:30:00,3.4,3600
MTR-000164,RES-001,2025-07-07 19:30:00,0.0,3600
MTR-000165,RES-001,2025-07-07 20:30:00,0.0,3600
MTR-000166,RES-001,2025-07-07 21:30:00,0.0,3600
MTR-000167,RES-001,2025-07-07 22:30:00,0.0,3600
MTR-000168,RES-001,2025-07-07 23:30:00,0.0,3600
MTR-000169,RES-002,2025-07-01 00:30:00,-26.8,3600
MTR-000170,RES-002,2025-07-01 01:30:00,-41.1,3600
MTR-000171,RES-002,2025-07-01 02:30:00,-48.3,3600
MTR-000172,RES-002,2025-07-01 03:30:00,-41.5,3600
MTR-000173,RES-002,2025-07-01 04:30:00,-36.2,3600
MTR-000174,RES-002,2025-07-01 05:30:00,-50.4,3600
MTR-000175,RES-002,2025-07-01 06:30:00,-48.5,3600
MTR-000176,RES-002,2025-07-01 07:30:00,-28.1,3600
MTR-000177,RES-002,2025-07-01 08:30:00,9.7,3600
MTR-000178,RES-002,2025-07-01 09:30:00,5.7,3600
MTR-000179,RES-002,2025-07-01 10:30:00,-9.9,3600
MTR-000180,RES-002,2025-07-01 11:30:00,1.2,3600
MTR-000181,RES-002,2025-07-01 12:30:00,5.2,3600
MTR-000182,RES-002,2025-07-01 13:30:00,-5.1,3600
MTR-000183,RES-002,2025-07-01 14:30:00,5.1,3600
MTR-000184,RES-002,2025-07-01 15:30:00,-9.4,3600
MTR-000185,RES-002,2025-07-01 16:30:00,43.9,3600
MTR-000186,RES-002,2025-07-01 17:30:00,78.4,3600
MTR-000187,RES-002,2025-07-01 18:30:00,89.1,3600
MTR-000188,RES-002,2025-07-01 19:30:00,65.5,3600
MTR-000189,RES-002,2025-07-01 20:30:00,54.6,3600
MTR-000190,RES-002,2025-07-01 21:30:00,55.1,3600
MTR-000191,RES-002,2025-07-01 22:30:00,-5.8,3600
MTR-000192,RES-002,2025-07-01 23:30:00,-8.9,3600
MTR-000193,RES-002,2025-07-02 00:30:00,-58.8,3600
MTR-000194,RES-002,2025-07-02 01:30:00,-22.9,3600
MTR-000195,RES-002,2025-07-02 02:30:00,-40.4,3600
MTR-000196,RES-002,2025-07-02 03:30:00,-36.3,3600
MTR-000197,RES-002,2025-07-02 04:30:00,-43.0,3600
MTR-000198,RES-002,2025-07-02 05:30:00,-45.6,3600
MTR-000199,RES-002,2025-07-02 06:30:00,-25.7,3600
MTR-000200,RES-002,2025-07-02 07:30:00,-39.5,3600
MTR-000201,RES-002,2025-07-02 08:30:00,-7.4,3600
MTR-000202,RES-002,2025-07-02 09:30:00,-4.4,3600
MTR-000203,RES-002,2025-07-02 10:30:00,-6.5,3600
MTR-000204,RES-002,2025-07-02 11:30:00,7.0,3600
MTR-000205,RES-002,2025-07-02 12:30:00,-6.7,3600
MTR-000206,RES-002,2025-07-02 13:30:00,6.2,3600
MTR-000207,RES-002,2025-07-02 14:30:00,2.4,3600
MTR-000208,RES-002,2025-07-02 15:30:00,-2.0,3600
MTR-000209,RES-002,2025-07-02 16:30:00,73.8,3600
MTR-000210,RES-002,2025-07-02 17:30:00,41.1,3600
MTR-000211,RES-002,2025-07-02 18:30:00,58.0,3600
MTR-000212,RES-002,2025-07-02 19:30:00,57.4,3600
MTR-000213,RES-002,2025-07-02 20:30:00,53.0,3600
MTR-000214,RES-002,2025-07-02 21:30:00,49.4,3600
MTR-000215,RES-002,2025-07-02 22:30:00,3.6,3600
MTR-000216,RES-002,2025-07-02 23:30:00,7.6,3600
MTR-000217,RES-002,2025-07-03 00:30:00,-52.4,3600
MTR-000218,RES-002,2025-07-03 01:30:00,-27.2,3600
MTR-000219,RES-002,2025-07-03 02:30:00,-40.9,3600
MTR-000220,RES-002,2025-07-03 03:30:00,-45.7,3600
MTR-000221,RES-002,2025-07-03 04:30:00,-56.7,3600
MTR-000222,RES-002,2025-07-03 05:30:00,-45.1,3600
MTR-000223,RES-002,2025-07-03 06:30:00,-57.3,3600
MTR-000224,RES-002,2025-07-03 07:30:00,-26.6,3600
MTR-000225,RES-002,2025-07-03 08:30:00,1.1,3600
MTR-000226,RES-002,2025-07-03 09:30:00,-0.4,3600
MTR-000227,RES-002,2025-07-03 10:30:00,-1.8,3600
MTR-000228,RES-002,2025-07-03 11:30:00,4.9,3600
MTR-000229,RES-002,2025-07-03 12:30:00,-3.0,3600
MTR-000230,RES-002,2025-07-03 13:30:00,0.8,3600
MTR-000231,RES-002,2025-07-03 14:30:00,0.1,3600
MTR-000232,RES-002,2025-07-03 15:30:00,9.7,3600
MTR-000233,RES-002,2025-07-03 16:30:00,46.3,3600
MTR-000234,RES-002,2025-07-03 17:30:00,76.0,3600
MTR-000235,RES-002,2025-07-03 18:30:00,55.2,3600
MTR-000236,RES-002,2025-07-03 19:30:00,76.2,3600
MTR-000237,RES-002,2025-07-03 20:30:00,59.5,3600
MTR-000238,RES-002,2025-07-03 21:30:00,80.8,3600
MTR-000239,RES-002,2025-07-03 22:30:00,-1.0,3600
MTR-000240,RES-002,2025-07-03 23:30:00,-3.8,3600
MTR-000241,RES-002,2025-07-04 00:30:00,-36.9,3600
MTR-000242,RES-002,2025-07-04 01:30:00,-43.4,3600
MTR-000243,RES-002,2025-07-04 02:30:00,-44.1,3600
MTR-000244,RES-002,2025-07-04 03:30:00,-26.0,3600
MTR-000245,RES-002,2025-07-04 04:30:00,-33.9,3600
MTR-000246,RES-002,2025-07-04 05:30:00,-26.6,3600
MTR-000247,RES-002,2025-07-04 06:30:00,-49.5,3600
MTR-000248,RES-002,2025-07-04 07:30:00,-27.9,3600
MTR-000249,RES-002,2025-07-04 08:30:00,6.7,3600
MTR-000250,RES-002,2025-07-04 09:30:00,-1.5,3600
MTR-000251,RES-002,2025-07-04 10:30:00,2.0,3600
MTR-000252,RES-002,2025-07-04 11:30:00,-2.3,3600
MTR-000253,RES-002,2025-07-04 12:30:00,1.9,3600
MTR-000254,RES-002,2025-07-04 13:30:00,8.4,3600
MTR-000255,RES-002,2025-07-04 14:30:00,-7.2,3600
MTR-000256,RES-002,2025-07-04 15:30:00,5.4,3600
MTR-000257,RES-002,2025-07-04 16:30:00,73.3,3600
MTR-000258,RES-002,2025-07-04 17:30:00,60.3,3600
MTR-000259,RES-002,2025-07-04 18:30:00,88.6,3600
MTR-000260,RES-002,2025-07-04 19:30:00,79.6,3600
MTR-000261,RES-002,2025-07-04 20:30:00,47.7,3600
MTR-000262,RES-002,2025-07-04 21:30:00,62.9,3600
MTR-000263,RES-002,2025-07-04 22:30:00,4.2,3600
MTR-000264,RES-002,2025-07-04 23:30:00,8.5,3600
MTR-000265,RES-002,2025-07-05 00:30:00,-53.7,3600
MTR-000266,RES-002,2025-07-05 01:30:00,-58.3,3600
MTR-000267,RES-002,2025-07-05 02:30:00,-31.5,3600
MTR-000268,RES-002,2025-07-05 03:30:00,-53.6,3600
MTR-000269,RES-002,2025-07-05 04:30:00,-30.9,3600
MTR-000270,RES-002,2025-07-05 05:30:00,-32.5,3600
MTR-000271,RES-002,2025-07-05 06:30:00,-46.8,3600
MTR-000272,RES-002,2025-07-05 07:30:00,-28.6,3600
MTR-000273,RES-002,2025-07-05 08:30:00,-2.3,3600
MTR-000274,RES-002,2025-07-05 09:30:00,9.9,3600
MTR-000275,RES-002,2025-07-05 10:30:00,7.0,3600
MTR-000276,RES-002,2025-07-05 11:30:00,3.8,3600
MTR-000277,RES-002,2025-07-05 12:30:00,-6.9,3600
MTR-000278,RES-002,2025-07-05 13:30:00,5.5,3600
MTR-000279,RES-002,2025-07-05 14:30:00,-0.2,3600
MTR-000280,RES-002,2025-07-05 15:30:00,2.5,3600
MTR-000281,RES-002,2025-07-05 16:30:00,69.1,3600
MTR-000282,RES-002,2025-07-05 17:30:00,56.2,3600
MTR-000283,RES-002,2025-07-05 18:30:00,50.9,3600
MTR-000284,RES-002,2025-07-05 19:30:00,46.2,3600
MTR-000285,RES-002,2025-07-05 20:30:00,84.3,3600
MTR-000286,RES-002,2025-07-05 21:30:00,50.8,3600
MTR-000287,RES-002,2025-07-05 22:30:00,-2.3,3600
MTR-000288,RES-002,2025-07-05 23:30:00,-6.3,3600
MTR-000289,RES-002,2025-07-06 00:30:00,-53.1,3600
MTR-000290,RES-002,2025-07-06 01:30:00,-40.0,3600
MTR-000291,RES-002,2025-07-06 02:30:00,-31.3,3600
MTR-000292,RES-002,2025-07-06 03:30:00,-27.6,3600
MTR-000293,RES-002,2025-07-06 04:30:00,-45.9,3600
MTR-000294,RES-002,2025-07-06 05:30:00,-51.6,3600
MTR-000295,RES-002,2025-07-06 06:30:00,-53.7,3600
MTR-000296,RES-002,2025-07-06 07:30:00,-55.6,3600
MTR-000297,RES-002,2025-07-06 08:30:00,-8.4,3600
MTR-000298,RES-002,2025-07-06 09:30:00,1.8,3600
MTR-000299,RES-002,2025-07-06 10:30:00,-7.3,3600
MTR-000300,RES-002,2025-07-06 11:30:00,-9.3,3600
MTR-000301,RES-002,2025-07-06 12:30:00,-0.3,3600
MTR-000302,RES-002,2025-07-06 13:30:00,7.6,3600
MTR-000303,RES-002,2025-07-06 14:30:00,6.3,3600
MTR-000304,RES-002,2025-07-06 15:30:00,9.5,3600
MTR-000305,RES-002,2025-07-06 16:30:00,87.8,3600
MTR-000306,RES-002,2025-07-06 17:30:00,86.0,3600
MTR-000307,RES-002,2025-07-06 18:30:00,83.3,3600
MTR-000308,RES-002,2025-07-06 19:30:00,81.9,3600
MTR-000309,RES-002,2025-07-06 20:30:00,46.5,3600
MTR-000310,RES-002,2025-07-06 21:30:00,47.3,3600
MTR-000311,RES-002,2025-07-06 22:30:00,8.3,3600
MTR-000312,RES-002,2025-07-06 23:30:00,0.9,3600
MTR-000313,RES-002,2025-07-07 00:30:00,-35.0,3600
MTR-000314,RES-002,2025-07-07 01:30:00,-39.3,3600
MTR-000315,RES-002,2025-07-07 02:30:00,-36.6,3600
MTR-000316,RES-002,2025-07-07 03:30:00,-21.0,3600
MTR-000317,RES-002,2025-07-07 04:30:00,-22.7,3600
MTR-000318,RES-002,2025-07-07 05:30:00,-42.5,3600
MTR-000319,RES-002,2025-07-07 06:30:00,-44.2,3600
MTR-000320,RES-002,2025-07-07 07:30:00,-29.0,3600
MTR-000321,RES-002,2025-07-07 08:30:00,-3.9,3600
MTR-000322,RES-002,2025-07-07 09:30:00,1.7,3600
MTR-000323,RES-002,2025-07-07 10:30:00,7.9,3600
MTR-000324,RES-002,2025-07-07 11:30:00,9.8,3600
MTR-000325,RES-002,2025-07-07 12:30:00,-7.7,3600
MTR-000326,RES-002,2025-07-07 13:30:00,-3.1,3600
MTR-000327,RES-002,2025-07-07 14:30:00,-7.6,3600
MTR-000328,RES-002,2025-07-07 15:30:00,5.5,3600
MTR-000329,RES-002,2025-07-07 16:30:00,71.0,3600
MTR-000330,RES-002,2025-07-07 17:30:00,56.9,3600
MTR-000331,RES-002,2025-07-07 18:30:00,42.2,3600
MTR-000332,RES-002,2025-07-07 19:30:00,53.3,3600
MTR-000333,RES-002,2025-07-07 20:30:00,40.4,3600
MTR-000334,RES-002,2025-07-07 21:30:00,84.5,3600
MTR-000335,RES-002,2025-07-07 22:30:00,-6.6,3600
MTR-000336,RES-002,2025-07-07 23:30:00,6.2,3600
MTR-000337,RES-003,2025-07-01 00:30:00,-15.1,3600
MTR-000338,RES-003,2025-07-01 01:30:00,-13.7,3600
MTR-000339,RES-003,2025-07-01 02:30:00,-14.6,3600
MTR-000340,RES-003,2025-07-01 03:30:00,-6.3,3600
MTR-000341,RES-003,2025-07-01 04:30:00,-9.1,3600
MTR-000342,RES-003,2025-07-01 05:30:00,39.6,3600
MTR-000343,RES-003,2025-07-01 06:30:00,11.2,3600
MTR-000344,RES-003,2025-07-01 07:30:00,28.0,3600
MTR-000345,RES-003,2025-07-01 08:30:00,10.6,3600
MTR-000346,RES-003,2025-07-01 09:30:00,51.4,3600
MTR-000347,RES-003,2025-07-01 10:30:00,48.0,3600
MTR-000348,RES-003,2025-07-01 11:30:00,35.0,3600
MTR-000349,RES-003,2025-07-01 12:30:00,32.1,3600
MTR-000350,RES-003,2025-07-01 13:30:00,28.1,3600
MTR-000351,RES-003,2025-07-01 14:30:00,46.9,3600
MTR-000352,RES-003,2025-07-01 15:30:00,29.4,3600
MTR-000353,RES-003,2025-07-01 16:30:00,20.5,3600
MTR-000354,RES-003,2025-07-01 17:30:00,34.0,3600
MTR-000355,RES-003,2025-07-01 18:30:00,3.3,3600
MTR-000356,RES-003,2025-07-01 19:30:00,-13.6,3600
MTR-000357,RES-003,2025-07-01 20:30:00,-11.7,3600
MTR-000358,RES-003,2025-07-01 21:30:00,14.6,3600
MTR-000359,RES-003,2025-07-01 22:30:00,12.9,3600
MTR-000360,RES-003,2025-07-01 23:30:00,18.3,3600
MTR-000361,RES-003,2025-07-02 00:30:00,-18.9,3600
MTR-000362,RES-003,2025-07-02 01:30:00,9.9,3600
MTR-000363,RES-003,2025-07-02 02:30:00,-10.3,3600
MTR-000364,RES-003,2025-07-02 03:30:00,13.5,3600
MTR-000365,RES-003,2025-07-02 04:30:00,19.3,3600
MTR-000366,RES-003,2025-07-02 05:30:00,21.4,3600
MTR-000367,RES-003,2025-07-02 06:30:00,35.0,3600
MTR-000368,RES-003,2025-07-02 07:30:00,13.5,3600
MTR-000369,RES-003,2025-07-02 08:30:00,48.9,3600
MTR-000370,RES-003,2025-07-02 09:30:00,22.6,3600
MTR-000371,RES-003,2025-07-02 10:30:00,26.7,3600
MTR-000372,RES-003,2025-07-02 11:30:00,11.6,3600
MTR-000373,RES-003,2025-07-02 12:30:00,32.5,3600
MTR-000374,RES-003,2025-07-02 13:30:00,34.6,3600
MTR-000375,RES-003,2025-07-02 14:30:00,41.7,3600
MTR-000376,RES-003,2025-07-02 15:30:00,13.5,3600
MTR-000377,RES-003,2025-07-02 16:30:00,38.3,3600
MTR-000378,RES-003,2025-07-02 17:30:00,25.9,3600
MTR-000379,RES-003,2025-07-02 18:30:00,13.6,3600
MTR-000380,RES-003,2025-07-02 19:30:00,-7.9,3600
MTR-000381,RES-003,2025-07-02 20:30:00,5.7,3600
MTR-000382,RES-003,2025-07-02 21:30:00,7.4,3600
MTR-000383,RES-003,2025-07-02 22:30:00,7.4,3600
MTR-000384,RES-003,2025-07-02 23:30:00,5.6,3600
MTR-000385,RES-003,2025-07-03 00:30:00,-3.2,3600
MTR-000386,RES-003,2025-07-03 01:30:00,3.5,3600
MTR-000387,RES-003,2025-07-03 02:30:00,-13.6,3600
MTR-000388,RES-003,2025-07-03 03:30:00,-2.8,3600
MTR-000389,RES-003,2025-07-03 04:30:00,-19.2,3600
MTR-000390,RES-003,2025-07-03 05:30:00,25.2,3600
MTR-000391,RES-003,2025-07-03 06:30:00,51.2,3600
MTR-000392,RES-003,2025-07-03 07:30:00,42.1,3600
MTR-000393,RES-003,2025-07-03 08:30:00,17.5,3600
MTR-000394,RES-003,2025-07-03 09:30:00,13.2,3600
MTR-000395,RES-003,2025-07-03 10:30:00,48.0,3600
MTR-000396,RES-003,2025-07-03 11:30:00,38.4,3600
MTR-000397,RES-003,2025-07-03 12:30:00,11.2,3600
MTR-000398,RES-003,2025-07-03 13:30:00,45.2,3600
MTR-000399,RES-003,2025-07-03 14:30:00,14.6,3600
MTR-000400,RES-003,2025-07-03 15:30:00,46.0,3600
MTR-000401,RES-003,2025-07-03 16:30:00,19.8,3600
MTR-000402,RES-003,2025-07-03 17:30:00,36.0,3600
MTR-000403,RES-003,2025-07-03 18:30:00,-28.4,3600
MTR-000404,RES-003,2025-07-03 19:30:00,-16.3,3600
MTR-000405,RES-003,2025-07-03 20:30:00,1.9,3600
MTR-000406,RES-003,2025-07-03 21:30:00,8.9,3600
MTR-000407,RES-003,2025-07-03 22:30:00,-23.1,3600
MTR-000408,RES-003,2025-07-03 23:30:00,-5.1,3600
MTR-000409,RES-003,2025-07-04 00:30:00,-28.4,3600
MTR-000410,RES-003,2025-07-04 01:30:00,-29.8,3600
MTR-000411,RES-003,2025-07-04 02:30:00,17.6,3600
MTR-000412,RES-003,2025-07-04 03:30:00,1.2,3600
MTR-000413,RES-003,2025-07-04 04:30:00,-14.0,3600
MTR-000414,RES-003,2025-07-04 05:30:00,42.2,3600
MTR-000415,RES-003,2025-07-04 06:30:00,15.3,3600
MTR-000416,RES-003,2025-07-04 07:30:00,23.7,3600
MTR-000417,RES-003,2025-07-04 08:30:00,23.8,3600
MTR-000418,RES-003,2025-07-04 09:30:00,50.4,3600
MTR-000419,RES-003,2025-07-04 10:30:00,12.1,3600
MTR-000420,RES-003,2025-07-04 11:30:00,29.5,3600
MTR-000421,RES-003,2025-07-04 12:30:00,41.3,3600
MTR-000422,RES-003,2025-07-04 13:30:00,40.5,3600
MTR-000423,RES-003,2025-07-04 14:30:00,22.6,3600
MTR-000424,RES-003,2025-07-04 15:30:00,35.4,3600
MTR-000425,RES-003,2025-07-04 16:30:00,47.4,3600
MTR-000426,RES-003,2025-07-04 17:30:00,39.8,3600
MTR-000427,RES-003,2025-07-04 18:30:00,18.5,3600
MTR-000428,RES-003,2025-07-04 19:30:00,-2.2,3600
MTR-000429,RES-003,2025-07-04 20:30:00,3.1,3600
MTR-000430,RES-003,2025-07-04 21:30:00,8.5,3600
MTR-000431,RES-003,2025-07-04 22:30:00,2.1,3600
MTR-000432,RES-003,2025-07-04 23:30:00,-0.5,3600
MTR-000433,RES-003,2025-07-05 00:30:00,1.4,3600
MTR-000434,RES-003,2025-07-05 01:30:00,11.1,3600
MTR-000435,RES-003,2025-07-05 02:30:00,9.0,3600
MTR-000436,RES-003,2025-07-05 03:30:00,13.4,3600
MTR-000437,RES-003,2025-07-05 04:30:00,1.4,3600
MTR-000438,RES-003,2025-07-05 05:30:00,47.6,3600
MTR-000439,RES-003,2025-07-05 06:30:00,47.9,3600
MTR-000440,RES-003,2025-07-05 07:30:00,51.7,3600
MTR-000441,RES-003,2025-07-05 08:30:00,26.9,3600
MTR-000442,RES-003,2025-07-05 09:30:00,49.6,3600
MTR-000443,RES-003,2025-07-05 10:30:00,12.7,3600
MTR-000444,RES-003,2025-07-05 11:30:00,46.7,3600
MTR-000445,RES-003,2025-07-05 12:30:00,49.3,3600
MTR-000446,RES-003,2025-07-05 13:30:00,25.5,3600
MTR-000447,RES-003,2025-07-05 14:30:00,13.8,3600
MTR-000448,RES-003,2025-07-05 15:30:00,24.5,3600
MTR-000449,RES-003,2025-07-05 16:30:00,51.1,3600
MTR-000450,RES-003,2025-07-05 17:30:00,27.2,3600
MTR-000451,RES-003,2025-07-05 18:30:00,6.2,3600
MTR-000452,RES-003,2025-07-05 19:30:00,-8.2,3600
MTR-000453,RES-003,2025-07-05 20:30:00,-25.2,3600
MTR-000454,RES-003,2025-07-05 21:30:00,-5.4,3600
MTR-000455,RES-003,2025-07-05 22:30:00,-5.4,3600
MTR-000456,RES-003,2025-07-05 23:30:00,-1.3,3600
MTR-000457,RES-003,2025-07-06 00:30:00,-1.8,3600
MTR-000458,RES-003,2025-07-06 01:30:00,3.5,3600
MTR-000459,RES-003,2025-07-06 02:30:00,10.6,3600
MTR-000460,RES-003,2025-07-06 03:30:00,18.9,3600
MTR-000461,RES-003,2025-07-06 04:30:00,-21.9,3600
MTR-000462,RES-003,2025-07-06 05:30:00,41.9,3600
MTR-000463,RES-003,2025-07-06 06:30:00,13.5,3600
MTR-000464,RES-003,2025-07-06 07:30:00,35.7,3600
MTR-000465,RES-003,2025-07-06 08:30:00,29.0,3600
MTR-000466,RES-003,2025-07-06 09:30:00,49.3,3600
MTR-000467,RES-003,2025-07-06 10:30:00,37.2,3600
MTR-000468,RES-003,2025-07-06 11:30:00,31.4,3600
MTR-000469,RES-003,2025-07-06 12:30:00,22.1,3600
MTR-000470,RES-003,2025-07-06 13:30:00,24.0,3600
MTR-000471,RES-003,2025-07-06 14:30:00,46.4,3600
MTR-000472,RES-003,2025-07-06 15:30:00,20.7,3600
MTR-000473,RES-003,2025-07-06 16:30:00,29.0,3600
MTR-000474,RES-003,2025-07-06 17:30:00,40.8,3600
MTR-000475,RES-003,2025-07-06 18:30:00,-15.4,3600
MTR-000476,RES-003,2025-07-06 19:30:00,9.7,3600
MTR-000477,RES-003,2025-07-06 20:30:00,-16.0,3600
MTR-000478,RES-003,2025-07-06 21:30:00,-4.9,3600
MTR-000479,RES-003,2025-07-06 22:30:00,2.0,3600
MTR-000480,RES-003,2025-07-06 23:30:00,-15.3,3600
MTR-000481,RES-003,2025-07-07 00:30:00,4.6,3600
MTR-000482,RES-003,2025-07-07 01:30:00,5.6,3600
MTR-000483,RES-003,2025-07-07 02:30:00,-8.8,3600
MTR-000484,RES-003,2025-07-07 03:30:00,-4.3,3600
MTR-000485,RES-003,2025-07-07 04:30:00,-23.7,3600
MTR-000486,RES-003,2025-07-07 05:30:00,16.1,3600
MTR-000487,RES-003,2025-07-07 06:30:00,42.9,3600
MTR-000488,RES-003,2025-07-07 07:30:00,13.2,3600
MTR-000489,RES-003,2025-07-07 08:30:00,21.1,3600
MTR-000490,RES-003,2025-07-07 09:30:00,26.4,3600
MTR-000491,RES-003,2025-07-07 10:30:00,13.6,3600
MTR-000492,RES-003,2025-07-07 11:30:00,11.6,3600
MTR-000493,RES-003,2025-07-07 12:30:00,10.5,3600
MTR-000494,RES-003,2025-07-07 13:30:00,34.6,3600
MTR-000495,RES-003,2025-07-07 14:30:00,52.4,3600
MTR-000496,RES-003,2025-07-07 15:30:00,16.4,3600
MTR-000497,RES-003,2025-07-07 16:30:00,38.7,3600
MTR-000498,RES-003,2025-07-07 17:30:00,35.8,3600
MTR-000499,RES-003,2025-07-07 18:30:00,0.8,3600
MTR-000500,RES-003,2025-07-07 19:30:00,11.2,3600
MTR-000501,RES-003,2025-07-07 20:30:00,-7.2,3600
MTR-000502,RES-003,2025-07-07 21:30:00,6.8,3600
MTR-000503,RES-003,2025-07-07 22:30:00,-13.7,3600
MTR-000504,RES-003,2025-07-07 23:30:00,10.2,3600
MTR-000505,RES-004,2025-07-01 00:30:00,12.3,3600
MTR-000506,RES-004,2025-07-01 01:30:00,1.0,3600
MTR-000507,RES-004,2025-07-01 02:30:00,-22.9,3600
MTR-000508,RES-004,2025-07-01 03:30:00,6.1,3600
MTR-000509,RES-004,2025-07-01 04:30:00,13.7,3600
MTR-000510,RES-004,2025-07-01 05:30:00,28.6,3600
MTR-000511,RES-004,2025-07-01 06:30:00,28.0,3600
MTR-000512,RES-004,2025-07-01 07:30:00,26.7,3600
MTR-000513,RES-004,2025-07-01 08:30:00,33.2,3600
MTR-000514,RES-004,2025-07-01 09:30:00,37.0,3600
MTR-000515,RES-004,2025-07-01 10:30:00,24.2,3600
MTR-000516,RES-004,2025-07-01 11:30:00,17.8,3600
MTR-000517,RES-004,2025-07-01 12:30:00,35.8,3600
MTR-000518,RES-004,2025-07-01 13:30:00,39.3,3600
MTR-000519,RES-004,2025-07-01 14:30:00,20.6,3600
MTR-000520,RES-004,2025-07-01 15:30:00,10.6,3600
MTR-000521,RES-004,2025-07-01 16:30:00,12.7,3600
MTR-000522,RES-004,2025-07-01 17:30:00,39.6,3600
MTR-000523,RES-004,2025-07-01 18:30:00,2.3,3600
MTR-000524,RES-004,2025-07-01 19:30:00,-9.9,3600
MTR-000525,RES-004,2025-07-01 20:30:00,-22.0,3600
MTR-000526,RES-004,2025-07-01 21:30:00,-7.0,3600
MTR-000527,RES-004,2025-07-01 22:30:00,5.6,3600
MTR-000528,RES-004,2025-07-01 23:30:00,17.5,3600
MTR-000529,RES-004,2025-07-02 00:30:00,6.9,3600
MTR-000530,RES-004,2025-07-02 01:30:00,12.2,3600
MTR-000531,RES-004,2025-07-02 02:30:00,-5.6,3600
MTR-000532,RES-004,2025-07-02 03:30:00,17.6,3600
MTR-000533,RES-004,2025-07-02 04:30:00,-16.3,3600
MTR-000534,RES-004,2025-07-02 05:30:00,27.5,3600
MTR-000535,RES-004,2025-07-02 06:30:00,24.7,3600
MTR-000536,RES-004,2025-07-02 07:30:00,17.6,3600
MTR-000537,RES-004,2025-07-02 08:30:00,16.7,3600
MTR-000538,RES-004,2025-07-02 09:30:00,24.2,3600
MTR-000539,RES-004,2025-07-02 10:30:00,12.7,3600
MTR-000540,RES-004,2025-07-02 11:30:00,10.6,3600
MTR-000541,RES-004,2025-07-02 12:30:00,27.1,3600
MTR-000542,RES-004,2025-07-02 13:30:00,37.1,3600
MTR-000543,RES-004,2025-07-02 14:30:00,35.7,3600
MTR-000544,RES-004,2025-07-02 15:30:00,14.6,3600
MTR-000545,RES-004,2025-07-02 16:30:00,12.6,3600
MTR-000546,RES-004,2025-07-02 17:30:00,11.7,3600
MTR-000547,RES-004,2025-07-02 18:30:00,-14.5,3600
MTR-000548,RES-004,2025-07-02 19:30:00,-0.4,3600
MTR-000549,RES-004,2025-07-02 20:30:00,0.9,3600
MTR-000550,RES-004,2025-07-02 21:30:00,15.0,3600
MTR-000551,RES-004,2025-07-02 22:30:00,8.9,3600
MTR-000552,RES-004,2025-07-02 23:30:00,8.6,3600
MTR-000553,RES-004,2025-07-03 00:30:00,4.8,3600
MTR-000554,RES-004,2025-07-03 01:30:00,-13.2,3600
MTR-000555,RES-004,2025-07-03 02:30:00,15.2,3600
MTR-000556,RES-004,2025-07-03 03:30:00,15.0,3600
MTR-000557,RES-004,2025-07-03 04:30:00,10.7,3600
MTR-000558,RES-004,2025-07-03 05:30:00,40.8,3600
MTR-000559,RES-004,2025-07-03 06:30:00,32.1,3600
MTR-000560,RES-004,2025-07-03 07:30:00,30.1,3600
MTR-000561,RES-004,2025-07-03 08:30:00,32.3,3600
MTR-000562,RES-004,2025-07-03 09:30:00,16.1,3600
MTR-000563,RES-004,2025-07-03 10:30:00,12.5,3600
MTR-000564,RES-004,2025-07-03 11:30:00,16.5,3600
MTR-000565,RES-004,2025-07-03 12:30:00,17.6,3600
MTR-000566,RES-004,2025-07-03 13:30:00,19.9,3600
MTR-000567,RES-004,2025-07-03 14:30:00,22.0,3600
MTR-000568,RES-004,2025-07-03 15:30:00,34.4,3600
MTR-000569,RES-004,2025-07-03 16:30:00,22.4,3600
MTR-000570,RES-004,2025-07-03 17:30:00,40.5,3600
MTR-000571,RES-004,2025-07-03 18:30:00,16.7,3600
MTR-000572,RES-004,2025-07-03 19:30:00,19.2,3600
MTR-000573,RES-004,2025-07-03 20:30:00,-12.2,3600
MTR-000574,RES-004,2025-07-03 21:30:00,12.4,3600
MTR-000575,RES-004,2025-07-03 22:30:00,12.5,3600
MTR-000576,RES-004,2025-07-03 23:30:00,4.2,3600
MTR-000577,RES-004,2025-07-04 00:30:00,-5.2,3600
MTR-000578,RES-004,2025-07-04 01:30:00,-8.2,3600
MTR-000579,RES-004,2025-07-04 02:30:00,2.1,3600
MTR-000580,RES-004,2025-07-04 03:30:00,-10.4,3600
MTR-000581,RES-004,2025-07-04 04:30:00,-29.6,3600
MTR-000582,RES-004,2025-07-04 05:30:00,33.8,3600
MTR-000583,RES-004,2025-07-04 06:30:00,12.9,3600
MTR-000584,RES-004,2025-07-04 07:30:00,41.9,3600
MTR-000585,RES-004,2025-07-04 08:30:00,27.9,3600
MTR-000586,RES-004,2025-07-04 09:30:00,39.4,3600
MTR-000587,RES-004,2025-07-04 10:30:00,31.1,3600
MTR-000588,RES-004,2025-07-04 11:30:00,37.5,3600
MTR-000589,RES-004,2025-07-04 12:30:00,33.3,3600
MTR-000590,RES-004,2025-07-04 13:30:00,23.1,3600
MTR-000591,RES-004,2025-07-04 14:30:00,12.2,3600
MTR-000592,RES-004,2025-07-04 15:30:00,13.1,3600
MTR-000593,RES-004,2025-07-04 16:30:00,16.2,3600
MTR-000594,RES-004,2025-07-04 17:30:00,41.4,3600
MTR-000595,RES-004,2025-07-04 18:30:00,-1.0,3600
MTR-000596,RES-004,2025-07-04 19:30:00,2.1,3600
MTR-000597,RES-004,2025-07-04 20:30:00,-20.0,3600
MTR-000598,RES-004,2025-07-04 21:30:00,-26.3,3600
MTR-000599,RES-004,2025-07-04 22:30:00,-4.0,3600
MTR-000600,RES-004,2025-07-04 23:30:00,13.7,3600
MTR-000601,RES-004,2025-07-05 00:30:00,12.8,3600
MTR-000602,RES-004,2025-07-05 01:30:00,-12.7,3600
MTR-000603,RES-004,2025-07-05 02:30:00,-5.9,3600
MTR-000604,RES-004,2025-07-05 03:30:00,-27.6,3600
MTR-000605,RES-004,2025-07-05 04:30:00,-23.6,3600
MTR-000606,RES-004,2025-07-05 05:30:00,22.4,3600
MTR-000607,RES-004,2025-07-05 06:30:00,40.5,3600
MTR-000608,RES-004,2025-07-05 07:30:00,16.6,3600
MTR-000609,RES-004,2025-07-05 08:30:00,34.1,3600
MTR-000610,RES-004,2025-07-05 09:30:00,40.3,3600
MTR-000611,RES-004,2025-07-05 10:30:00,24.6,3600
MTR-000612,RES-004,2025-07-05 11:30:00,40.6,3600
MTR-000613,RES-004,2025-07-05 12:30:00,33.8,3600
MTR-000614,RES-004,2025-07-05 13:30:00,25.5,3600
MTR-000615,RES-004,2025-07-05 14:30:00,16.0,3600
MTR-000616,RES-004,2025-07-05 15:30:00,20.7,3600
MTR-000617,RES-004,2025-07-05 16:30:00,32.8,3600
MTR-000618,RES-004,2025-07-05 17:30:00,14.4,3600
MTR-000619,RES-004,2025-07-05 18:30:00,17.7,3600
MTR-000620,RES-004,2025-07-05 19:30:00,7.2,3600
MTR-000621,RES-004,2025-07-05 20:30:00,-3.2,3600
MTR-000622,RES-004,2025-07-05 21:30:00,10.9,3600
MTR-000623,RES-004,2025-07-05 22:30:00,19.9,3600
MTR-000624,RES-004,2025-07-05 23:30:00,19.9,3600
MTR-000625,RES-004,2025-07-06 00:30:00,-12.6,3600
MTR-000626,RES-004,2025-07-06 01:30:00,-9.5,3600
MTR-000627,RES-004,2025-07-06 02:30:00,8.9,3600
MTR-000628,RES-004,2025-07-06 03:30:00,-8.7,3600
MTR-000629,RES-004,2025-07-06 04:30:00,17.8,3600
MTR-000630,RES-004,2025-07-06 05:30:00,34.0,3600
MTR-000631,RES-004,2025-07-06 06:30:00,14.2,3600
MTR-000632,RES-004,2025-07-06 07:30:00,30.9,3600
MTR-000633,RES-004,2025-07-06 08:30:00,13.0,3600
MTR-000634,RES-004,2025-07-06 09:30:00,31.3,3600
MTR-000635,RES-004,2025-07-06 10:30:00,38.8,3600
MTR-000636,RES-004,2025-07-06 11:30:00,22.2,3600
MTR-000637,RES-004,2025-07-06 12:30:00,31.2,3600
MTR-000638,RES-004,2025-07-06 13:30:00,37.3,3600
MTR-000639,RES-004,2025-07-06 14:30:00,33.7,3600
MTR-000640,RES-004,2025-07-06 15:30:00,15.9,3600
MTR-000641,RES-004,2025-07-06 16:30:00,12.0,3600
MTR-000642,RES-004,2025-07-06 17:30:00,24.6,3600
MTR-000643,RES-004,2025-07-06 18:30:00,-29.8,3600
MTR-000644,RES-004,2025-07-06 19:30:00,-13.0,3600
MTR-000645,RES-004,2025-07-06 20:30:00,-21.0,3600
MTR-000646,RES-004,2025-07-06 21:30:00,16.3,3600
MTR-000647,RES-004,2025-07-06 22:30:00,-10.7,3600
MTR-000648,RES-004,2025-07-06 23:30:00,-23.2,3600
MTR-000649,RES-004,2025-07-07 00:30:00,-16.8,3600
MTR-000650,RES-004,2025-07-07 01:30:00,16.9,3600
MTR-000651,RES-004,2025-07-07 02:30:00,-5.3,3600
MTR-000652,RES-004,2025-07-07 03:30:00,-7.5,3600
MTR-000653,RES-004,2025-07-07 04:30:00,-8.9,3600
MTR-000654,RES-004,2025-07-07 05:30:00,29.7,3600
MTR-000655,RES-004,2025-07-07 06:30:00,32.3,3600
MTR-000656,RES-004,2025-07-07 07:30:00,34.2,3600
MTR-000657,RES-004,2025-07-07 08:30:00,15.2,3600
MTR-000658,RES-004,2025-07-07 09:30:00,38.7,3600
MTR-000659,RES-004,2025-07-07 10:30:00,34.3,3600
MTR-000660,RES-004,2025-07-07 11:30:00,27.1,3600
MTR-000661,RES-004,2025-07-07 12:30:00,26.1,3600
MTR-000662,RES-004,2025-07-07 13:30:00,12.3,3600
MTR-000663,RES-004,2025-07-07 14:30:00,39.9,3600
MTR-000664,RES-004,2025-07-07 15:30:00,24.9,3600
MTR-000665,RES-004,2025-07-07 16:30:00,41.9,3600
MTR-000666,RES-004,2025-07-07 17:30:00,10.5,3600
MTR-000667,RES-004,2025-07-07 18:30:00,-3.1,3600
MTR-000668,RES-004,2025-07-07 19:30:00,-4.4,3600
MTR-000669,RES-004,2025-07-07 20:30:00,14.9,3600
MTR-000670,RES-004,2025-07-07 21:30:00,-8.0,3600
MTR-000671,RES-004,2025-07-07 22:30:00,-4.0,3600
MTR-000672,RES-004,2025-07-07 23:30:00,7.1,3600
MTR-000673,ARCATA_6_FCPSB1,2025-07-01 00:30:00,-50.2,3600
MTR-000674,ARCATA_6_FCPSB1,2025-07-01 01:30:00,-41.2,3600
MTR-000675,ARCATA_6_FCPSB1,2025-07-01 02:30:00,-48.3,3600
MTR-000676,ARCATA_6_FCPSB1,2025-07-01 03:30:00,-31.8,3600
MTR-000677,ARCATA_6_FCPSB1,2025-07-01 04:30:00,-40.5,3600
MTR-000678,ARCATA_6_FCPSB1,2025-07-01 05:30:00,-22.0,3600
MTR-000679,ARCATA_6_FCPSB1,2025-07-01 06:30:00,-50.0,3600
MTR-000680,ARCATA_6_FCPSB1,2025-07-01 07:30:00,-39.5,3600
MTR-000681,ARCATA_6_FCPSB1,2025-07-01 08:30:00,-2.7,3600
MTR-000682,ARCATA_6_FCPSB1,2025-07-01 09:30:00,-1.2,3600
MTR-000683,ARCATA_6_FCPSB1,2025-07-01 10:30:00,-9.0,3600
MTR-000684,ARCATA_6_FCPSB1,2025-07-01 11:30:00,-7.4,3600
MTR-000685,ARCATA_6_FCPSB1,2025-07-01 12:30:00,-7.1,3600
MTR-000686,ARCATA_6_FCPSB1,2025-07-01 13:30:00,-2.5,3600
MTR-000687,ARCATA_6_FCPSB1,2025-07-01 14:30:00,7.3,3600
MTR-000688,ARCATA_6_FCPSB1,2025-07-01 15:30:00,8.0,3600
MTR-000689,ARCATA_6_FCPSB1,2025-07-01 16:30:00,84.2,3600
MTR-000690,ARCATA_6_FCPSB1,2025-07-01 17:30:00,71.5,3600
MTR-000691,ARCATA_6_FCPSB1,2025-07-01 18:30:00,50.9,3600
MTR-000692,ARCATA_6_FCPSB1,2025-07-01 19:30:00,72.2,3600
MTR-000693,ARCATA_6_FCPSB1,2025-07-01 20:30:00,82.7,3600
MTR-000694,ARCATA_6_FCPSB1,2025-07-01 21:30:00,44.4,3600
MTR-000695,ARCATA_6_FCPSB1,2025-07-01 22:30:00,2.2,3600
MTR-000696,ARCATA_6_FCPSB1,2025-07-01 23:30:00,-5.0,3600
MTR-000697,ARCATA_6_FCPSB1,2025-07-02 00:30:00,-32.6,3600
MTR-000698,ARCATA_6_FCPSB1,2025-07-02 01:30:00,-34.6,3600
MTR-000699,ARCATA_6_FCPSB1,2025-07-02 02:30:00,-38.5,3600
MTR-000700,ARCATA_6_FCPSB1,2025-07-02 03:30:00,-49.8,3600
MTR-000701,ARCATA_6_FCPSB1,2025-07-02 04:30:00,-54.6,3600
MTR-000702,ARCATA_6_FCPSB1,2025-07-02 05:30:00,-51.6,3600
MTR-000703,ARCATA_6_FCPSB1,2025-07-02 06:30:00,-59.1,3600
MTR-000704,ARCATA_6_FCPSB1,2025-07-02 07:30:00,-32.0,3600
MTR-000705,ARCATA_6_FCPSB1,2025-07-02 08:30:00,6.1,3600
MTR-000706,ARCATA_6_FCPSB1,2025-07-02 09:30:00,7.7,3600
MTR-000707,ARCATA_6_FCPSB1,2025-07-02 10:30:00,-9.9,3600
MTR-000708,ARCATA_6_FCPSB1,2025-07-02 11:30:00,-4.0,3600
MTR-000709,ARCATA_6_FCPSB1,2025-07-02 12:30:00,-7.1,3600
MTR-000710,ARCATA_6_FCPSB1,2025-07-02 13:30:00,5.2,3600
MTR-000711,ARCATA_6_FCPSB1,2025-07-02 14:30:00,-8.6,3600
MTR-000712,ARCATA_6_FCPSB1,2025-07-02 15:30:00,3.0,3600
MTR-000713,ARCATA_6_FCPSB1,2025-07-02 16:30:00,67.5,3600
MTR-000714,ARCATA_6_FCPSB1,2025-07-02 17:30:00,85.8,3600
MTR-000715,ARCATA_6_FCPSB1,2025-07-02 18:30:00,87.4,3600
MTR-000716,ARCATA_6_FCPSB1,2025-07-02 19:30:00,44.8,3600
MTR-000717,ARCATA_6_FCPSB1,2025-07-02 20:30:00,88.7,3600
MTR-000718,ARCATA_6_FCPSB1,2025-07-02 21:30:00,67.2,3600
MTR-000719,ARCATA_6_FCPSB1,2025-07-02 22:30:00,3.5,3600
MTR-000720,ARCATA_6_FCPSB1,2025-07-02 23:30:00,4.1,3600
MTR-000721,ARCATA_6_FCPSB1,2025-07-03 00:30:00,-21.9,3600
MTR-000722,ARCATA_6_FCPSB1,2025-07-03 01:30:00,-57.8,3600
MTR-000723,ARCATA_6_FCPSB1,2025-07-03 02:30:00,-20.8,3600
MTR-000724,ARCATA_6_FCPSB1,2025-07-03 03:30:00,-32.2,3600
MTR-000725,ARCATA_6_FCPSB1,2025-07-03 04:30:00,-33.7,3600
MTR-000726,ARCATA_6_FCPSB1,2025-07-03 05:30:00,-56.9,3600
MTR-000727,ARCATA_6_FCPSB1,2025-07-03 06:30:00,-35.3,3600
MTR-000728,ARCATA_6_FCPSB1,2025-07-03 07:30:00,-49.0,3600
MTR-000729,ARCATA_6_FCPSB1,2025-07-03 08:30:00,6.5,3600
MTR-000730,ARCATA_6_FCPSB1,2025-07-03 09:30:00,-8.3,3600
MTR-000731,ARCATA_6_FCPSB1,2025-07-03 10:30:00,-8.9,3600
MTR-000732,ARCATA_6_FCPSB1,2025-07-03 11:30:00,9.5,3600
MTR-000733,ARCATA_6_FCPSB1,2025-07-03 12:30:00,4.2,3600
MTR-000734,ARCATA_6_FCPSB1,2025-07-03 13:30:00,-1.5,3600
MTR-000735,ARCATA_6_FCPSB1,2025-07-03 14:30:00,4.3,3600
MTR-000736,ARCATA_6_FCPSB1,2025-07-03 15:30:00,-6.4,3600
MTR-000737,ARCATA_6_FCPSB1,2025-07-03 16:30:00,58.5,3600
MTR-000738,ARCATA_6_FCPSB1,2025-07-03 17:30:00,88.3,3600
MTR-000739,ARCATA_6_FCPSB1,2025-07-03 18:30:00,50.2,3600
MTR-000740,ARCATA_6_FCPSB1,2025-07-03 19:30:00,47.4,3600
MTR-000741,ARCATA_6_FCPSB1,2025-07-03 20:30:00,53.8,3600
MTR-000742,ARCATA_6_FCPSB1,2025-07-03 21:30:00,56.7,3600
MTR-000743,ARCATA_6_FCPSB1,2025-07-03 22:30:00,-0.1,3600
MTR-000744,ARCATA_6_FCPSB1,2025-07-03 23:30:00,-4.4,3600
MTR-000745,ARCATA_6_FCPSB1,2025-07-04 00:30:00,-34.2,3600
MTR-000746,ARCATA_6_FCPSB1,2025-07-04 01:30:00,-44.6,3600
MTR-000747,ARCATA_6_FCPSB1,2025-07-04 02:30:00,-49.2,3600
MTR-000748,ARCATA_6_FCPSB1,2025-07-04 03:30:00,-56.4,3600
MTR-000749,ARCATA_6_FCPSB1,2025-07-04 04:30:00,-47.8,3600
MTR-000750,ARCATA_6_FCPSB1,2025-07-04 05:30:00,-49.6,3600
MTR-000751,ARCATA_6_FCPSB1,2025-07-04 06:30:00,-48.3,3600
MTR-000752,ARCATA_6_FCPSB1,2025-07-04 07:30:00,-59.0,3600
MTR-000753,ARCATA_6_FCPSB1,2025-07-04 08:30:00,-5.8,3600
MTR-000754,ARCATA_6_FCPSB1,2025-07-04 09:30:00,5.1,3600
MTR-000755,ARCATA_6_FCPSB1,2025-07-04 10:30:00,-9.2,3600
MTR-000756,ARCATA_6_FCPSB1,2025-07-04 11:30:00,-6.7,3600
MTR-000757,ARCATA_6_FCPSB1,2025-07-04 12:30:00,-8.6,3600
MTR-000758,ARCATA_6_FCPSB1,2025-07-04 13:30:00,4.8,3600
MTR-000759,ARCATA_6_FCPSB1,2025-07-04 14:30:00,3.0,3600
MTR-000760,ARCATA_6_FCPSB1,2025-07-04 15:30:00,-6.3,3600
MTR-000761,ARCATA_6_FCPSB1,2025-07-04 16:30:00,87.7,3600
MTR-000762,ARCATA_6_FCPSB1,2025-07-04 17:30:00,87.8,3600
MTR-000763,ARCATA_6_FCPSB1,2025-07-04 18:30:00,78.1,3600
MTR-000764,ARCATA_6_FCPSB1,2025-07-04 19:30:00,54.6,3600
MTR-000765,ARCATA_6_FCPSB1,2025-07-04 20:30:00,50.6,3600
MTR-000766,ARCATA_6_FCPSB1,2025-07-04 21:30:00,70.6,3600
MTR-000767,ARCATA_6_FCPSB1,2025-07-04 22:30:00,1.1,3600
MTR-000768,ARCATA_6_FCPSB1,2025-07-04 23:30:00,6.6,3600
MTR-000769,ARCATA_6_FCPSB1,2025-07-05 00:30:00,-35.8,3600
MTR-000770,ARCATA_6_FCPSB1,2025-07-05 01:30:00,-40.2,3600
MTR-000771,ARCATA_6_FCPSB1,2025-07-05 02:30:00,-28.2,3600
MTR-000772,ARCATA_6_FCPSB1,2025-07-05 03:30:00,-30.3,3600
MTR-000773,ARCATA_6_FCPSB1,2025-07-05 04:30:00,-29.8,3600
MTR-000774,ARCATA_6_FCPSB1,2025-07-05 05:30:00,-32.8,3600
MTR-000775,ARCATA_6_FCPSB1,2025-07-05 06:30:00,-46.1,3600
MTR-000776,ARCATA_6_FCPSB1,2025-07-05 07:30:00,-33.8,3600
MTR-000777,ARCATA_6_FCPSB1,2025-07-05 08:30:00,-2.5,3600
MTR-000778,ARCATA_6_FCPSB1,2025-07-05 09:30:00,-0.7,3600
MTR-000779,ARCATA_6_FCPSB1,2025-07-05 10:30:00,-4.9,3600
MTR-000780,ARCATA_6_FCPSB1,2025-07-05 11:30:00,-5.2,3600
MTR-000781,ARCATA_6_FCPSB1,2025-07-05 12:30:00,-3.8,3600
MTR-000782,ARCATA_6_FCPSB1,2025-07-05 13:30:00,-8.8,3600
MTR-000783,ARCATA_6_FCPSB1,2025-07-05 14:30:00,-8.9,3600
MTR-000784,ARCATA_6_FCPSB1,2025-07-05 15:30:00,1.7,3600
MTR-000785,ARCATA_6_FCPSB1,2025-07-05 16:30:00,67.6,3600
MTR-000786,ARCATA_6_FCPSB1,2025-07-05 17:30:00,65.0,3600
MTR-000787,ARCATA_6_FCPSB1,2025-07-05 18:30:00,55.6,3600
MTR-000788,ARCATA_6_FCPSB1,2025-07-05 19:30:00,60.3,3600
MTR-000789,ARCATA_6_FCPSB1,2025-07-05 20:30:00,42.0,3600
MTR-000790,ARCATA_6_FCPSB1,2025-07-05 21:30:00,46.1,3600
MTR-000791,ARCATA_6_FCPSB1,2025-07-05 22:30:00,-2.9,3600
MTR-000792,ARCATA_6_FCPSB1,2025-07-05 23:30:00,7.0,3600
MTR-000793,ARCATA_6_FCPSB1,2025-07-06 00:30:00,-30.6,3600
MTR-000794,ARCATA_6_FCPSB1,2025-07-06 01:30:00,-34.0,3600
MTR-000795,ARCATA_6_FCPSB1,2025-07-06 02:30:00,-21.6,3600
MTR-000796,ARCATA_6_FCPSB1,2025-07-06 03:30:00,-25.4,3600
MTR-000797,ARCATA_6_FCPSB1,2025-07-06 04:30:00,-32.9,3600
MTR-000798,ARCATA_6_FCPSB1,2025-07-06 05:30:00,-48.0,3600
MTR-000799,ARCATA_6_FCPSB1,2025-07-06 06:30:00,-42.6,3600
MTR-000800,ARCATA_6_FCPSB1,2025-07-06 07:30:00,-43.1,3600
MTR-000801,ARCATA_6_FCPSB1,2025-07-06 08:30:00,-9.9,3600
MTR-000802,ARCATA_6_FCPSB1,2025-07-06 09:30:00,6.0,3600
MTR-000803,ARCATA_6_FCPSB1,2025-07-06 10:30:00,-2.8,3600
MTR-000804,ARCATA_6_FCPSB1,2025-07-06 11:30:00,6.9,3600
MTR-000805,ARCATA_6_FCPSB1,2025-07-06 12:30:00,-5.7,3600
MTR-000806,ARCATA_6_FCPSB1,2025-07-06 13:30:00,9.0,3600
MTR-000807,ARCATA_6_FCPSB1,2025-07-06 14:30:00,-0.3,3600
MTR-000808,ARCATA_6_FCPSB1,2025-07-06 15:30:00,0.7,3600
MTR-000809,ARCATA_6_FCPSB1,2025-07-06 16:30:00,89.5,3600
MTR-000810,ARCATA_6_FCPSB1,2025-07-06 17:30:00,50.7,3600
MTR-000811,ARCATA_6_FCPSB1,2025-07-06 18:30:00,46.7,3600
MTR-000812,ARCATA_6_FCPSB1,2025-07-06 19:30:00,65.0,3600
MTR-000813,ARCATA_6_FCPSB1,2025-07-06 20:30:00,82.3,3600
MTR-000814,ARCATA_6_FCPSB1,2025-07-06 21:30:00,81.6,3600
MTR-000815,ARCATA_6_FCPSB1,2025-07-06 22:30:00,-2.1,3600
MTR-000816,ARCATA_6_FCPSB1,2025-07-06 23:30:00,8.1,3600
MTR-000817,ARCATA_6_FCPSB1,2025-07-07 00:30:00,-32.5,3600
MTR-000818,ARCATA_6_FCPSB1,2025-07-07 01:30:00,-55.7,3600
MTR-000819,ARCATA_6_FCPSB1,2025-07-07 02:30:00,-24.3,3600
MTR-000820,ARCATA_6_FCPSB1,2025-07-07 03:30:00,-45.6,3600
MTR-000821,ARCATA_6_FCPSB1,2025-07-07 04:30:00,-49.0,3600
MTR-000822,ARCATA_6_FCPSB1,2025-07-07 05:30:00,-59.6,3600
MTR-000823,ARCATA_6_FCPSB1,2025-07-07 06:30:00,-49.7,3600
MTR-000824,ARCATA_6_FCPSB1,2025-07-07 07:30:00,-51.9,3600
MTR-000825,ARCATA_6_FCPSB1,2025-07-07 08:30:00,0.8,3600
MTR-000826,ARCATA_6_FCPSB1,2025-07-07 09:30:00,-9.3,3600
MTR-000827,ARCATA_6_FCPSB1,2025-07-07 10:30:00,3.6,3600
MTR-000828,ARCATA_6_FCPSB1,2025-07-07 11:30:00,-2.0,3600
MTR-000829,ARCATA_6_FCPSB1,2025-07-07 12:30:00,0.5,3600
MTR-000830,ARCATA_6_FCPSB1,2025-07-07 13:30:00,2.7,3600
MTR-000831,ARCATA_6_FCPSB1,2025-07-07 14:30:00,1.6,3600
MTR-000832,ARCATA_6_FCPSB1,2025-07-07 15:30:00,4.3,3600
MTR-000833,ARCATA_6_FCPSB1,2025-07-07 16:30:00,45.2,3600
MTR-000834,ARCATA_6_FCPSB1,2025-07-07 17:30:00,67.3,3600
MTR-000835,ARCATA_6_FCPSB1,2025-07-07 18:30:00,50.1,3600
MTR-000836,ARCATA_6_FCPSB1,2025-07-07 19:30:00,73.7,3600
MTR-000837,ARCATA_6_FCPSB1,2025-07-07 20:30:00,87.8,3600
MTR-000838,ARCATA_6_FCPSB1,2025-07-07 21:30:00,64.0,3600
MTR-000839,ARCATA_6_FCPSB1,2025-07-07 22:30:00,-5.8,3600
MTR-000840,ARCATA_6_FCPSB1,2025-07-07 23:30:00,-3.5,3600
MTR-000841,ARCATA_6_FCPSB2,2025-07-01 00:30:00,-50.1,3600
MTR-000842,ARCATA_6_FCPSB2,2025-07-01 01:30:00,-26.5,3600
MTR-000843,ARCATA_6_FCPSB2,2025-07-01 02:30:00,-56.7,3600
MTR-000844,ARCATA_6_FCPSB2,2025-07-01 03:30:00,-36.9,3600
MTR-000845,ARCATA_6_FCPSB2,2025-07-01 04:30:00,-37.1,3600
MTR-000846,ARCATA_6_FCPSB2,2025-07-01 05:30:00,-47.1,3600
MTR-000847,ARCATA_6_FCPSB2,2025-07-01 06:30:00,-44.3,3600
MTR-000848,ARCATA_6_FCPSB2,2025-07-01 07:30:00,-54.4,3600
MTR-000849,ARCATA_6_FCPSB2,2025-07-01 08:30:00,-6.8,3600
MTR-000850,ARCATA_6_FCPSB2,2025-07-01 09:30:00,-5.6,3600
MTR-000851,ARCATA_6_FCPSB2,2025-07-01 10:30:00,-0.0,3600
MTR-000852,ARCATA_6_FCPSB2,2025-07-01 11:30:00,-7.5,3600
MTR-000853,ARCATA_6_FCPSB2,2025-07-01 12:30:00,-1.3,3600
MTR-000854,ARCATA_6_FCPSB2,2025-07-01 13:30:00,-0.9,3600
MTR-000855,ARCATA_6_FCPSB2,2025-07-01 14:30:00,0.1,3600
MTR-000856,ARCATA_6_FCPSB2,2025-07-01 15:30:00,-8.0,3600
MTR-000857,ARCATA_6_FCPSB2,2025-07-01 16:30:00,47.8,3600
MTR-000858,ARCATA_6_FCPSB2,2025-07-01 17:30:00,54.8,3600
MTR-000859,ARCATA_6_FCPSB2,2025-07-01 18:30:00,83.0,3600
MTR-000860,ARCATA_6_FCPSB2,2025-07-01 19:30:00,55.5,3600
MTR-000861,ARCATA_6_FCPSB2,2025-07-01 20:30:00,66.3,3600
MTR-000862,ARCATA_6_FCPSB2,2025-07-01 21:30:00,46.3,3600
MTR-000863,ARCATA_6_FCPSB2,2025-07-01 22:30:00,-6.8,3600
MTR-000864,ARCATA_6_FCPSB2,2025-07-01 23:30:00,0.1,3600
MTR-000865,ARCATA_6_FCPSB2,2025-07-02 00:30:00,-30.8,3600
MTR-000866,ARCATA_6_FCPSB2,2025-07-02 01:30:00,-52.6,3600
MTR-000867,ARCATA_6_FCPSB2,2025-07-02 02:30:00,-38.3,3600
MTR-000868,ARCATA_6_FCPSB2,2025-07-02 03:30:00,-45.6,3600
MTR-000869,ARCATA_6_FCPSB2,2025-07-02 04:30:00,-46.3,3600
MTR-000870,ARCATA_6_FCPSB2,2025-07-02 05:30:00,-39.6,3600
MTR-000871,ARCATA_6_FCPSB2,2025-07-02 06:30:00,-38.0,3600
MTR-000872,ARCATA_6_FCPSB2,2025-07-02 07:30:00,-55.3,3600
MTR-000873,ARCATA_6_FCPSB2,2025-07-02 08:30:00,0.8,3600
MTR-000874,ARCATA_6_FCPSB2,2025-07-02 09:30:00,-1.5,3600
MTR-000875,ARCATA_6_FCPSB2,2025-07-02 10:30:00,2.3,3600
MTR-000876,ARCATA_6_FCPSB2,2025-07-02 11:30:00,-5.8,3600
MTR-000877,ARCATA_6_FCPSB2,2025-07-02 12:30:00,9.9,3600
MTR-000878,ARCATA_6_FCPSB2,2025-07-02 13:30:00,-0.7,3600
MTR-000879,ARCATA_6_FCPSB2,2025-07-02 14:30:00,-8.6,3600
MTR-000880,ARCATA_6_FCPSB2,2025-07-02 15:30:00,-3.7,3600
MTR-000881,ARCATA_6_FCPSB2,2025-07-02 16:30:00,59.8,3600
MTR-000882,ARCATA_6_FCPSB2,2025-07-02 17:30:00,41.8,3600
MTR-000883,ARCATA_6_FCPSB2,2025-07-02 18:30:00,56.3,3600
MTR-000884,ARCATA_6_FCPSB2,2025-07-02 19:30:00,48.5,3600
MTR-000885,ARCATA_6_FCPSB2,2025-07-02 20:30:00,55.2,3600
MTR-000886,ARCATA_6_FCPSB2,2025-07-02 21:30:00,70.9,3600
MTR-000887,ARCATA_6_FCPSB2,2025-07-02 22:30:00,3.7,3600
MTR-000888,ARCATA_6_FCPSB2,2025-07-02 23:30:00,5.6,3600
MTR-000889,ARCATA_6_FCPSB2,2025-07-03 00:30:00,0.1,3600
MTR-000890,ARCATA_6_FCPSB2,2025-07-03 01:30:00,0.9,3600
MTR-000891,ARCATA_6_FCPSB2,2025-07-03 02:30:00,0.2,3600
MTR-000892,ARCATA_6_FCPSB2,2025-07-03 03:30:00,-0.4,3600
MTR-000893,ARCATA_6_FCPSB2,2025-07-03 04:30:00,-0.2,3600
MTR-000894,ARCATA_6_FCPSB2,2025-07-03 05:30:00,-0.7,3600
MTR-000895,ARCATA_6_FCPSB2,2025-07-03 06:30:00,-0.7,3600
MTR-000896,ARCATA_6_FCPSB2,2025-07-03 07:30:00,-0.4,3600
MTR-000897,ARCATA_6_FCPSB2,2025-07-03 08:30:00,0.7,3600
MTR-000898,ARCATA_6_FCPSB2,2025-07-03 09:30:00,-0.2,3600
MTR-000899,ARCATA_6_FCPSB2,2025-07-03 10:30:00,0.6,3600
MTR-000900,ARCATA_6_FCPSB2,2025-07-03 11:30:00,1.0,3600
MTR-000901,ARCATA_6_FCPSB2,2025-07-03 12:30:00,0.4,3600
MTR-000902,ARCATA_6_FCPSB2,2025-07-03 13:30:00,0.8,3600
MTR-000903,ARCATA_6_FCPSB2,2025-07-03 14:30:00,-0.6,3600
MTR-000904,ARCATA_6_FCPSB2,2025-07-03 15:30:00,-0.4,3600
MTR-000905,ARCATA_6_FCPSB2,2025-07-03 16:30:00,-0.8,3600
MTR-000906,ARCATA_6_FCPSB2,2025-07-03 17:30:00,-0.6,3600
MTR-000907,ARCATA_6_FCPSB2,2025-07-03 18:30:00,0.9,3600
MTR-000908,ARCATA_6_FCPSB2,2025-07-03 19:30:00,0.1,3600
MTR-000909,ARCATA_6_FCPSB2,2025-07-03 20:30:00,0.4,3600
MTR-000910,ARCATA_6_FCPSB2,2025-07-03 21:30:00,0.3,3600
MTR-000911,ARCATA_6_FCPSB2,2025-07-03 22:30:00,0.8,3600
MTR-000912,ARCATA_6_FCPSB2,2025-07-03 23:30:00,0.9,3600
MTR-000913,ARCATA_6_FCPSB2,2025-07-04 00:30:00,-28.4,3600
MTR-000914,ARCATA_6_FCPSB2,2025-07-04 01:30:00,-37.9,3600
MTR-000915,ARCATA_6_FCPSB2,2025-07-04 02:30:00,-36.1,3600
MTR-000916,ARCATA_6_FCPSB2,2025-07-04 03:30:00,-49.0,3600
MTR-000917,ARCATA_6_FCPSB2,2025-07-04 04:30:00,-30.3,3600
MTR-000918,ARCATA_6_FCPSB2,2025-07-04 05:30:00,-22.5,3600
MTR-000919,ARCATA_6_FCPSB2,2025-07-04 06:30:00,-57.3,3600
MTR-000920,ARCATA_6_FCPSB2,2025-07-04 07:30:00,-57.5,3600
MTR-000921,ARCATA_6_FCPSB2,2025-07-04 08:30:00,1.9,3600
MTR-000922,ARCATA_6_FCPSB2,2025-07-04 09:30:00,-7.9,3600
MTR-000923,ARCATA_6_FCPSB2,2025-07-04 10:30:00,-9.0,3600
MTR-000924,ARCATA_6_FCPSB2,2025-07-04 11:30:00,2.5,3600
MTR-000925,ARCATA_6_FCPSB2,2025-07-04 12:30:00,5.5,3600
MTR-000926,ARCATA_6_FCPSB2,2025-07-04 13:30:00,-6.2,3600
MTR-000927,ARCATA_6_FCPSB2,2025-07-04 14:30:00,-0.4,3600
MTR-000928,ARCATA_6_FCPSB2,2025-07-04 15:30:00,5.7,3600
MTR-000929,ARCATA_6_FCPSB2,2025-07-04 16:30:00,43.1,3600
MTR-000930,ARCATA_6_FCPSB2,2025-07-04 17:30:00,79.8,3600
MTR-000931,ARCATA_6_FCPSB2,2025-07-04 18:30:00,85.5,3600
MTR-000932,ARCATA_6_FCPSB2,2025-07-04 19:30:00,61.9,3600
MTR-000933,ARCATA_6_FCPSB2,2025-07-04 20:30:00,52.1,3600
MTR-000934,ARCATA_6_FCPSB2,2025-07-04 21:30:00,59.5,3600
MTR-000935,ARCATA_6_FCPSB2,2025-07-04 22:30:00,-2.1,3600
MTR-000936,ARCATA_6_FCPSB2,2025-07-04 23:30:00,-5.8,3600
MTR-000937,ARCATA_6_FCPSB2,2025-07-05 00:30:00,-32.8,3600
MTR-000938,ARCATA_6_FCPSB2,2025-07-05 01:30:00,-38.8,3600
MTR-000939,ARCATA_6_FCPSB2,2025-07-05 02:30:00,-55.7,3600
MTR-000940,ARCATA_6_FCPSB2,2025-07-05 03:30:00,-52.0,3600
MTR-000941,ARCATA_6_FCPSB2,2025-07-05 04:30:00,-40.9,3600
MTR-000942,ARCATA_6_FCPSB2,2025-07-05 05:30:00,-24.7,3600
MTR-000943,ARCATA_6_FCPSB2,2025-07-05 06:30:00,-39.5,3600
MTR-000944,ARCATA_6_FCPSB2,2025-07-05 07:30:00,-42.9,3600
MTR-000945,ARCATA_6_FCPSB2,2025-07-05 08:30:00,-2.4,3600
MTR-000946,ARCATA_6_FCPSB2,2025-07-05 09:30:00,-3.8,3600
MTR-000947,ARCATA_6_FCPSB2,2025-07-05 10:30:00,-4.7,3600
MTR-000948,ARCATA_6_FCPSB2,2025-07-05 11:30:00,-4.9,3600
MTR-000949,ARCATA_6_FCPSB2,2025-07-05 12:30:00,8.4,3600
MTR-000950,ARCATA_6_FCPSB2,2025-07-05 13:30:00,6.6,3600
MTR-000951,ARCATA_6_FCPSB2,2025-07-05 14:30:00,9.0,3600
MTR-000952,ARCATA_6_FCPSB2,2025-07-05 15:30:00,7.9,3600
MTR-000953,ARCATA_6_FCPSB2,2025-07-05 16:30:00,42.6,3600
MTR-000954,ARCATA_6_FCPSB2,2025-07-05 17:30:00,50.4,3600
MTR-000955,ARCATA_6_FCPSB2,2025-07-05 18:30:00,57.8,3600
MTR-000956,ARCATA_6_FCPSB2,2025-07-05 19:30:00,44.3,3600
MTR-000957,ARCATA_6_FCPSB2,2025-07-05 20:30:00,86.2,3600
MTR-000958,ARCATA_6_FCPSB2,2025-07-05 21:30:00,41.8,3600
MTR-000959,ARCATA_6_FCPSB2,2025-07-05 22:30:00,-8.7,3600
MTR-000960,ARCATA_6_FCPSB2,2025-07-05 23:30:00,-6.0,3600
MTR-000961,ARCATA_6_FCPSB2,2025-07-06 00:30:00,-43.1,3600
MTR-000962,ARCATA_6_FCPSB2,2025-07-06 01:30:00,-26.1,3600
MTR-000963,ARCATA_6_FCPSB2,2025-07-06 02:30:00,-53.5,3600
MTR-000964,ARCATA_6_FCPSB2,2025-07-06 03:30:00,-25.6,3600
MTR-000965,ARCATA_6_FCPSB2,2025-07-06 04:30:00,-42.9,3600
MTR-000966,ARCATA_6_FCPSB2,2025-07-06 05:30:00,-35.0,3600
MTR-000967,ARCATA_6_FCPSB2,2025-07-06 06:30:00,-40.0,3600
MTR-000968,ARCATA_6_FCPSB2,2025-07-06 07:30:00,-47.5,3600
MTR-000969,ARCATA_6_FCPSB2,2025-07-06 08:30:00,-6.6,3600
MTR-000970,ARCATA_6_FCPSB2,2025-07-06 09:30:00,-7.2,3600
MTR-000971,ARCATA_6_FCPSB2,2025-07-06 10:30:00,-1.9,3600
MTR-000972,ARCATA_6_FCPSB2,2025-07-06 11:30:00,1.4,3600
MTR-000973,ARCATA_6_FCPSB2,2025-07-06 12:30:00,-2.9,3600
MTR-000974,ARCATA_6_FCPSB2,2025-07-06 13:30:00,3.4,3600
MTR-000975,ARCATA_6_FCPSB2,2025-07-06 14:30:00,1.3,3600
MTR-000976,ARCATA_6_FCPSB2,2025-07-06 15:30:00,4.5,3600
MTR-000977,ARCATA_6_FCPSB2,2025-07-06 16:30:00,46.2,3600
MTR-000978,ARCATA_6_FCPSB2,2025-07-06 17:30:00,65.5,3600
MTR-000979,ARCATA_6_FCPSB2,2025-07-06 18:30:00,63.1,3600
MTR-000980,ARCATA_6_FCPSB2,2025-07-06 19:30:00,62.9,3600
MTR-000981,ARCATA_6_FCPSB2,2025-07-06 20:30:00,78.4,3600
MTR-000982,ARCATA_6_FCPSB2,2025-07-06 21:30:00,56.7,3600
MTR-000983,ARCATA_6_FCPSB2,2025-07-06 22:30:00,8.7,3600
MTR-000984,ARCATA_6_FCPSB2,2025-07-06 23:30:00,-5.6,3600
MTR-000985,ARCATA_6_FCPSB2,2025-07-07 00:30:00,-34.5,3600
MTR-000986,ARCATA_6_FCPSB2,2025-07-07 01:30:00,-38.0,3600
MTR-000987,ARCATA_6_FCPSB2,2025-07-07 02:30:00,-24.5,3600
MTR-000988,ARCATA_6_FCPSB2,2025-07-07 03:30:00,-33.0,3600
MTR-000989,ARCATA_6_FCPSB2,2025-07-07 04:30:00,-22.6,3600
MTR-000990,ARCATA_6_FCPSB2,2025-07-07 05:30:00,-53.7,3600
MTR-000991,ARCATA_6_FCPSB2,2025-07-07 06:30:00,-23.3,3600
MTR-000992,ARCATA_6_FCPSB2,2025-07-07 07:30:00,-39.3,3600
MTR-000993,ARCATA_6_FCPSB2,2025-07-07 08:30:00,-2.6,3600
MTR-000994,ARCATA_6_FCPSB2,2025-07-07 09:30:00,-5.2,3600
MTR-000995,ARCATA_6_FCPSB2,2025-07-07 10:30:00,4.7,3600
MTR-000996,ARCATA_6_FCPSB2,2025-07-07 11:30:00,-3.2,3600
MTR-000997,ARCATA_6_FCPSB2,2025-07-07 12:30:00,-10.0,3600
MTR-000998,ARCATA_6_FCPSB2,2025-07-07 13:30:00,10.0,3600
MTR-000999,ARCATA_6_FCPSB2,2025-07-07 14:30:00,8.4,3600
MTR-001000,ARCATA_6_FCPSB2,2025-07-07 15:30:00,3.1,3600
MTR-001001,ARCATA_6_FCPSB2,2025-07-07 16:30:00,58.5,3600
MTR-001002,ARCATA_6_FCPSB2,2025-07-07 17:30:00,43.9,3600
MTR-001003,ARCATA_6_FCPSB2,2025-07-07 18:30:00,72.1,3600
MTR-001004,ARCATA_6_FCPSB2,2025-07-07 19:30:00,48.4,3600
MTR-001005,ARCATA_6_FCPSB2,2025-07-07 20:30:00,61.1,3600
MTR-001006,ARCATA_6_FCPSB2,2025-07-07 21:30:00,45.4,3600
MTR-001007,ARCATA_6_FCPSB2,2025-07-07 22:30:00,5.4,3600
MTR-001008,ARCATA_6_FCPSB2,2025-07-07 23:30:00,8.6,3600
MTR-001009,DSFLWR_2_W9CSB2,2025-07-01 00:30:00,-46.1,3600
MTR-001010,DSFLWR_2_W9CSB2,2025-07-01 01:30:00,-24.6,3600
MTR-001011,DSFLWR_2_W9CSB2,2025-07-01 02:30:00,-35.3,3600
MTR-001012,DSFLWR_2_W9CSB2,2025-07-01 03:30:00,-54.5,3600
MTR-001013,DSFLWR_2_W9CSB2,2025-07-01 04:30:00,-26.1,3600
MTR-001014,DSFLWR_2_W9CSB2,2025-07-01 05:30:00,-23.5,3600
MTR-001015,DSFLWR_2_W9CSB2,2025-07-01 06:30:00,-44.7,3600
MTR-001016,DSFLWR_2_W9CSB2,2025-07-01 07:30:00,-56.1,3600
MTR-001017,DSFLWR_2_W9CSB2,2025-07-01 08:30:00,7.0,3600
MTR-001018,DSFLWR_2_W9CSB2,2025-07-01 09:30:00,4.7,3600
MTR-001019,DSFLWR_2_W9CSB2,2025-07-01 10:30:00,-9.9,3600
MTR-001020,DSFLWR_2_W9CSB2,2025-07-01 11:30:00,-0.5,3600
MTR-001021,DSFLWR_2_W9CSB2,2025-07-01 12:30:00,-1.9,3600
MTR-001022,DSFLWR_2_W9CSB2,2025-07-01 13:30:00,-3.3,3600
MTR-001023,DSFLWR_2_W9CSB2,2025-07-01 14:30:00,-6.3,3600
MTR-001024,DSFLWR_2_W9CSB2,2025-07-01 15:30:00,9.4,3600
MTR-001025,DSFLWR_2_W9CSB2,2025-07-01 16:30:00,74.0,3600
MTR-001026,DSFLWR_2_W9CSB2,2025-07-01 17:30:00,65.0,3600
MTR-001027,DSFLWR_2_W9CSB2,2025-07-01 18:30:00,47.2,3600
MTR-001028,DSFLWR_2_W9CSB2,2025-07-01 19:30:00,74.2,3600
MTR-001029,DSFLWR_2_W9CSB2,2025-07-01 20:30:00,78.8,3600
MTR-001030,DSFLWR_2_W9CSB2,2025-07-01 21:30:00,69.2,3600
MTR-001031,DSFLWR_2_W9CSB2,2025-07-01 22:30:00,4.9,3600
MTR-001032,DSFLWR_2_W9CSB2,2025-07-01 23:30:00,-6.1,3600
MTR-001033,DSFLWR_2_W9CSB2,2025-07-02 00:30:00,-27.2,3600
MTR-001034,DSFLWR_2_W9CSB2,2025-07-02 01:30:00,-48.9,3600
MTR-001035,DSFLWR_2_W9CSB2,2025-07-02 02:30:00,-29.6,3600
MTR-001036,DSFLWR_2_W9CSB2,2025-07-02 03:30:00,-36.0,3600
MTR-001037,DSFLWR_2_W9CSB2,2025-07-02 04:30:00,-52.6,3600
MTR-001038,DSFLWR_2_W9CSB2,2025-07-02 05:30:00,-46.4,3600
MTR-001039,DSFLWR_2_W9CSB2,2025-07-02 06:30:00,-54.2,3600
MTR-001040,DSFLWR_2_W9CSB2,2025-07-02 07:30:00,-31.1,3600
MTR-001041,DSFLWR_2_W9CSB2,2025-07-02 08:30:00,-8.5,3600
MTR-001042,DSFLWR_2_W9CSB2,2025-07-02 09:30:00,5.2,3600
MTR-001043,DSFLWR_2_W9CSB2,2025-07-02 10:30:00,-6.2,3600
MTR-001044,DSFLWR_2_W9CSB2,2025-07-02 11:30:00,8.9,3600
MTR-001045,DSFLWR_2_W9CSB2,2025-07-02 12:30:00,-5.2,3600
MTR-001046,DSFLWR_2_W9CSB2,2025-07-02 13:30:00,-7.7,3600
MTR-001047,DSFLWR_2_W9CSB2,2025-07-02 14:30:00,-8.2,3600
MTR-001048,DSFLWR_2_W9CSB2,2025-07-02 15:30:00,-8.1,3600
MTR-001049,DSFLWR_2_W9CSB2,2025-07-02 16:30:00,81.0,3600
MTR-001050,DSFLWR_2_W9CSB2,2025-07-02 17:30:00,48.0,3600
MTR-001051,DSFLWR_2_W9CSB2,2025-07-02 18:30:00,41.0,3600
MTR-001052,DSFLWR_2_W9CSB2,2025-07-02 19:30:00,46.6,3600
MTR-001053,DSFLWR_2_W9CSB2,2025-07-02 20:30:00,89.4,3600
MTR-001054,DSFLWR_2_W9CSB2,2025-07-02 21:30:00,83.1,3600
MTR-001055,DSFLWR_2_W9CSB2,2025-07-02 22:30:00,2.8,3600
MTR-001056,DSFLWR_2_W9CSB2,2025-07-02 23:30:00,9.0,3600
MTR-001057,DSFLWR_2_W9CSB2,2025-07-03 00:30:00,-50.7,3600
MTR-001058,DSFLWR_2_W9CSB2,2025-07-03 01:30:00,-22.5,3600
MTR-001059,DSFLWR_2_W9CSB2,2025-07-03 02:30:00,-31.8,3600
MTR-001060,DSFLWR_2_W9CSB2,2025-07-03 03:30:00,-50.0,3600
MTR-001061,DSFLWR_2_W9CSB2,2025-07-03 04:30:00,-22.2,3600
MTR-001062,DSFLWR_2_W9CSB2,2025-07-03 05:30:00,-41.9,3600
MTR-001063,DSFLWR_2_W9CSB2,2025-07-03 06:30:00,-53.5,3600
MTR-001064,DSFLWR_2_W9CSB2,2025-07-03 07:30:00,-48.6,3600
MTR-001065,DSFLWR_2_W9CSB2,2025-07-03 08:30:00,1.8,3600
MTR-001066,DSFLWR_2_W9CSB2,2025-07-03 09:30:00,-4.5,3600
MTR-001067,DSFLWR_2_W9CSB2,2025-07-03 10:30:00,1.2,3600
MTR-001068,DSFLWR_2_W9CSB2,2025-07-03 11:30:00,7.4,3600
MTR-001069,DSFLWR_2_W9CSB2,2025-07-03 12:30:00,0.8,3600
MTR-001070,DSFLWR_2_W9CSB2,2025-07-03 13:30:00,-0.8,3600
MTR-001071,DSFLWR_2_W9CSB2,2025-07-03 14:30:00,-2.1,3600
MTR-001072,DSFLWR_2_W9CSB2,2025-07-03 15:30:00,-8.4,3600
MTR-001073,DSFLWR_2_W9CSB2,2025-07-03 16:30:00,61.3,3600
MTR-001074,DSFLWR_2_W9CSB2,2025-07-03 17:30:00,76.0,3600
MTR-001075,DSFLWR_2_W9CSB2,2025-07-03 18:30:00,86.1,3600
MTR-001076,DSFLWR_2_W9CSB2,2025-07-03 19:30:00,89.9,3600
MTR-001077,DSFLWR_2_W9CSB2,2025-07-03 20:30:00,86.1,3600
MTR-001078,DSFLWR_2_W9CSB2,2025-07-03 21:30:00,49.7,3600
MTR-001079,DSFLWR_2_W9CSB2,2025-07-03 22:30:00,6.5,3600
MTR-001080,DSFLWR_2_W9CSB2,2025-07-03 23:30:00,-1.6,3600
MTR-001081,DSFLWR_2_W9CSB2,2025-07-04 00:30:00,-22.9,3600
MTR-001082,DSFLWR_2_W9CSB2,2025-07-04 01:30:00,-21.1,3600
MTR-001083,DSFLWR_2_W9CSB2,2025-07-04 02:30:00,-58.8,3600
MTR-001084,DSFLWR_2_W9CSB2,2025-07-04 03:30:00,-31.2,3600
MTR-001085,DSFLWR_2_W9CSB2,2025-07-04 04:30:00,-53.9,3600
MTR-001086,DSFLWR_2_W9CSB2,2025-07-04 05:30:00,-56.6,3600
MTR-001087,DSFLWR_2_W9CSB2,2025-07-04 06:30:00,-21.4,3600
MTR-001088,DSFLWR_2_W9CSB2,2025-07-04 07:30:00,-50.8,3600
MTR-001089,DSFLWR_2_W9CSB2,2025-07-04 08:30:00,7.7,3600
MTR-001090,DSFLWR_2_W9CSB2,2025-07-04 09:30:00,5.0,3600
MTR-001091,DSFLWR_2_W9CSB2,2025-07-04 10:30:00,-5.8,3600
MTR-001092,DSFLWR_2_W9CSB2,2025-07-04 11:30:00,-7.9,3600
MTR-001093,DSFLWR_2_W9CSB2,2025-07-04 12:30:00,-4.5,3600
MTR-001094,DSFLWR_2_W9CSB2,2025-07-04 13:30:00,1.4,3600
MTR-001095,DSFLWR_2_W9CSB2,2025-07-04 14:30:00,-2.6,3600
MTR-001096,DSFLWR_2_W9CSB2,2025-07-04 15:30:00,-5.3,3600
MTR-001097,DSFLWR_2_W9CSB2,2025-07-04 16:30:00,75.7,3600
MTR-001098,DSFLWR_2_W9CSB2,2025-07-04 17:30:00,55.5,3600
MTR-001099,DSFLWR_2_W9CSB2,2025-07-04 18:30:00,53.4,3600
MTR-001100,DSFLWR_2_W9CSB2,2025-07-04 19:30:00,44.1,3600
MTR-001101,DSFLWR_2_W9CSB2,2025-07-04 20:30:00,71.5,3600
MTR-001102,DSFLWR_2_W9CSB2,2025-07-04 21:30:00,50.8,3600
MTR-001103,DSFLWR_2_W9CSB2,2025-07-04 22:30:00,-7.3,3600
MTR-001104,DSFLWR_2_W9CSB2,2025-07-04 23:30:00,-4.4,3600
MTR-001105,DSFLWR_2_W9CSB2,2025-07-05 00:30:00,-27.4,3600
MTR-001106,DSFLWR_2_W9CSB2,2025-07-05 01:30:00,-30.6,3600
MTR-001107,DSFLWR_2_W9CSB2,2025-07-05 02:30:00,-22.5,3600
MTR-001108,DSFLWR_2_W9CSB2,2025-07-05 03:30:00,-23.7,3600
MTR-001109,DSFLWR_2_W9CSB2,2025-07-05 04:30:00,-37.9,3600
MTR-001110,DSFLWR_2_W9CSB2,2025-07-05 05:30:00,-25.9,3600
MTR-001111,DSFLWR_2_W9CSB2,2025-07-05 06:30:00,-21.7,3600
MTR-001112,DSFLWR_2_W9CSB2,2025-07-05 07:30:00,-53.4,3600
MTR-001113,DSFLWR_2_W9CSB2,2025-07-05 08:30:00,5.6,3600
MTR-001114,DSFLWR_2_W9CSB2,2025-07-05 09:30:00,2.7,3600
MTR-001115,DSFLWR_2_W9CSB2,2025-07-05 10:30:00,-0.8,3600
MTR-001116,DSFLWR_2_W9CSB2,2025-07-05 11:30:00,-3.7,3600
MTR-001117,DSFLWR_2_W9CSB2,2025-07-05 12:30:00,6.0,3600
MTR-001118,DSFLWR_2_W9CSB2,2025-07-05 13:30:00,9.3,3600
MTR-001119,DSFLWR_2_W9CSB2,2025-07-05 14:30:00,0.2,3600
MTR-001120,DSFLWR_2_W9CSB2,2025-07-05 15:30:00,2.9,3600
MTR-001121,DSFLWR_2_W9CSB2,2025-07-05 16:30:00,65.1,3600
MTR-001122,DSFLWR_2_W9CSB2,2025-07-05 17:30:00,46.3,3600
MTR-001123,DSFLWR_2_W9CSB2,2025-07-05 18:30:00,78.6,3600
MTR-001124,DSFLWR_2_W9CSB2,2025-07-05 19:30:00,51.3,3600
MTR-001125,DSFLWR_2_W9CSB2,2025-07-05 20:30:00,43.8,3600
MTR-001126,DSFLWR_2_W9CSB2,2025-07-05 21:30:00,80.6,3600
MTR-001127,DSFLWR_2_W9CSB2,2025-07-05 22:30:00,8.9,3600
MTR-001128,DSFLWR_2_W9CSB2,2025-07-05 23:30:00,-7.0,3600
MTR-001129,DSFLWR_2_W9CSB2,2025-07-06 00:30:00,-32.6,3600
MTR-001130,DSFLWR_2_W9CSB2,2025-07-06 01:30:00,-56.5,3600
MTR-001131,DSFLWR_2_W9CSB2,2025-07-06 02:30:00,-49.6,3600
MTR-001132,DSFLWR_2_W9CSB2,2025-07-06 03:30:00,-52.9,3600
MTR-001133,DSFLWR_2_W9CSB2,2025-07-06 04:30:00,-47.6,3600
MTR-001134,DSFLWR_2_W9CSB2,2025-07-06 05:30:00,-53.5,3600
MTR-001135,DSFLWR_2_W9CSB2,2025-07-06 06:30:00,-22.3,3600
MTR-001136,DSFLWR_2_W9CSB2,2025-07-06 07:30:00,-40.4,3600
MTR-001137,DSFLWR_2_W9CSB2,2025-07-06 08:30:00,0.3,3600
MTR-001138,DSFLWR_2_W9CSB2,2025-07-06 09:30:00,3.6,3600
MTR-001139,DSFLWR_2_W9CSB2,2025-07-06 10:30:00,-6.2,3600
MTR-001140,DSFLWR_2_W9CSB2,2025-07-06 11:30:00,-6.1,3600
MTR-001141,DSFLWR_2_W9CSB2,2025-07-06 12:30:00,0.9,3600
MTR-001142,DSFLWR_2_W9CSB2,2025-07-06 13:30:00,2.3,3600
MTR-001143,DSFLWR_2_W9CSB2,2025-07-06 14:30:00,-5.5,3600
MTR-001144,DSFLWR_2_W9CSB2,2025-07-06 15:30:00,8.7,3600
MTR-001145,DSFLWR_2_W9CSB2,2025-07-06 16:30:00,71.1,3600
MTR-001146,DSFLWR_2_W9CSB2,2025-07-06 17:30:00,54.7,3600
MTR-001147,DSFLWR_2_W9CSB2,2025-07-06 18:30:00,54.2,3600
MTR-001148,DSFLWR_2_W9CSB2,2025-07-06 19:30:00,43.4,3600
MTR-001149,DSFLWR_2_W9CSB2,2025-07-06 20:30:00,76.1,3600
MTR-001150,DSFLWR_2_W9CSB2,2025-07-06 21:30:00,48.4,3600
MTR-001151,DSFLWR_2_W9CSB2,2025-07-06 22:30:00,8.8,3600
MTR-001152,DSFLWR_2_W9CSB2,2025-07-06 23:30:00,9.8,3600
MTR-001153,DSFLWR_2_W9CSB2,2025-07-07 00:30:00,-37.2,3600
MTR-001154,DSFLWR_2_W9CSB2,2025-07-07 01:30:00,-43.2,3600
MTR-001155,DSFLWR_2_W9CSB2,2025-07-07 02:30:00,-55.7,3600
MTR-001156,DSFLWR_2_W9CSB2,2025-07-07 03:30:00,-58.1,3600
MTR-001157,DSFLWR_2_W9CSB2,2025-07-07 04:30:00,-29.7,3600
MTR-001158,DSFLWR_2_W9CSB2,2025-07-07 05:30:00,-30.7,3600
MTR-001159,DSFLWR_2_W9CSB2,2025-07-07 06:30:00,-53.0,3600
MTR-001160,DSFLWR_2_W9CSB2,2025-07-07 07:30:00,-23.2,3600
MTR-001161,DSFLWR_2_W9CSB2,2025-07-07 08:30:00,-4.4,3600
MTR-001162,DSFLWR_2_W9CSB2,2025-07-07 09:30:00,-2.4,3600
MTR-001163,DSFLWR_2_W9CSB2,2025-07-07 10:30:00,-3.5,3600
MTR-001164,DSFLWR_2_W9CSB2,2025-07-07 11:30:00,-6.6,3600
MTR-001165,DSFLWR_2_W9CSB2,2025-07-07 12:30:00,-1.7,3600
MTR-001166,DSFLWR_2_W9CSB2,2025-07-07 13:30:00,0.9,3600
MTR-001167,DSFLWR_2_W9CSB2,2025-07-07 14:30:00,8.0,3600
MTR-001168,DSFLWR_2_W9CSB2,2025-07-07 15:30:00,-2.8,3600
MTR-001169,DSFLWR_2_W9CSB2,2025-07-07 16:30:00,76.7,3600
MTR-001170,DSFLWR_2_W9CSB2,2025-07-07 17:30:00,58.8,3600
MTR-001171,DSFLWR_2_W9CSB2,2025-07-07 18:30:00,70.1,3600
MTR-001172,DSFLWR_2_W9CSB2,2025-07-07 19:30:00,83.0,3600
MTR-001173,DSFLWR_2_W9CSB2,2025-07-07 20:30:00,69.0,3600
MTR-001174,DSFLWR_2_W9CSB2,2025-07-07 21:30:00,75.7,3600
MTR-001175,DSFLWR_2_W9CSB2,2025-07-07 22:30:00,-3.3,3600
MTR-001176,DSFLWR_2_W9CSB2,2025-07-07 23:30:00,2.5,3600
MTR-001177,JANCRK_6_RCABT1,2025-07-01 00:30:00,-25.5,3600
MTR-001178,JANCRK_6_RCABT1,2025-07-01 01:30:00,-48.8,3600
MTR-001179,JANCRK_6_RCABT1,2025-07-01 02:30:00,-38.0,3600
MTR-001180,JANCRK_6_RCABT1,2025-07-01 03:30:00,-29.4,3600
MTR-001181,JANCRK_6_RCABT1,2025-07-01 04:30:00,-25.4,3600
MTR-001182,JANCRK_6_RCABT1,2025-07-01 05:30:00,-49.6,3600
MTR-001183,JANCRK_6_RCABT1,2025-07-01 06:30:00,-52.0,3600
MTR-001184,JANCRK_6_RCABT1,2025-07-01 07:30:00,-44.7,3600
MTR-001185,JANCRK_6_RCABT1,2025-07-01 08:30:00,-5.7,3600
MTR-001186,JANCRK_6_RCABT1,2025-07-01 09:30:00,-7.2,3600
MTR-001187,JANCRK_6_RCABT1,2025-07-01 10:30:00,5.0,3600
MTR-001188,JANCRK_6_RCABT1,2025-07-01 11:30:00,8.6,3600
MTR-001189,JANCRK_6_RCABT1,2025-07-01 12:30:00,-7.9,3600
MTR-001190,JANCRK_6_RCABT1,2025-07-01 13:30:00,-6.6,3600
MTR-001191,JANCRK_6_RCABT1,2025-07-01 14:30:00,-8.5,3600
MTR-001192,JANCRK_6_RCABT1,2025-07-01 15:30:00,-7.7,3600
MTR-001193,JANCRK_6_RCABT1,2025-07-01 16:30:00,61.6,3600
MTR-001194,JANCRK_6_RCABT1,2025-07-01 17:30:00,66.5,3600
MTR-001195,JANCRK_6_RCABT1,2025-07-01 18:30:00,47.1,3600
MTR-001196,JANCRK_6_RCABT1,2025-07-01 19:30:00,77.2,3600
MTR-001197,JANCRK_6_RCABT1,2025-07-01 20:30:00,70.6,3600
MTR-001198,JANCRK_6_RCABT1,2025-07-01 21:30:00,62.5,3600
MTR-001199,JANCRK_6_RCABT1,2025-07-01 22:30:00,-9.5,3600
MTR-001200,JANCRK_6_RCABT1,2025-07-01 23:30:00,0.5,3600
MTR-001201,JANCRK_6_RCABT1,2025-07-02 00:30:00,-41.9,3600
MTR-001202,JANCRK_6_RCABT1,2025-07-02 01:30:00,-47.6,3600
MTR-001203,JANCRK_6_RCABT1,2025-07-02 02:30:00,-54.9,3600
MTR-001204,JANCRK_6_RCABT1,2025-07-02 03:30:00,-30.3,3600
MTR-001205,JANCRK_6_RCABT1,2025-07-02 04:30:00,-27.8,3600
MTR-001206,JANCRK_6_RCABT1,2025-07-02 05:30:00,-42.8,3600
MTR-001207,JANCRK_6_RCABT1,2025-07-02 06:30:00,-30.7,3600
MTR-001208,JANCRK_6_RCABT1,2025-07-02 07:30:00,-27.6,3600
MTR-001209,JANCRK_6_RCABT1,2025-07-02 08:30:00,5.1,3600
MTR-001210,JANCRK_6_RCABT1,2025-07-02 09:30:00,-7.5,3600
MTR-001211,JANCRK_6_RCABT1,2025-07-02 10:30:00,-5.2,3600
MTR-001212,JANCRK_6_RCABT1,2025-07-02 11:30:00,-4.2,3600
MTR-001213,JANCRK_6_RCABT1,2025-07-02 12:30:00,3.7,3600
MTR-001214,JANCRK_6_RCABT1,2025-07-02 13:30:00,8.9,3600
MTR-001215,JANCRK_6_RCABT1,2025-07-02 14:30:00,-1.8,3600
MTR-001216,JANCRK_6_RCABT1,2025-07-02 15:30:00,-4.5,3600
MTR-001217,JANCRK_6_RCABT1,2025-07-02 16:30:00,76.0,3600
MTR-001218,JANCRK_6_RCABT1,2025-07-02 17:30:00,66.1,3600
MTR-001219,JANCRK_6_RCABT1,2025-07-02 18:30:00,89.5,3600
MTR-001220,JANCRK_6_RCABT1,2025-07-02 19:30:00,62.0,3600
MTR-001221,JANCRK_6_RCABT1,2025-07-02 20:30:00,49.1,3600
MTR-001222,JANCRK_6_RCABT1,2025-07-02 21:30:00,45.8,3600
MTR-001223,JANCRK_6_RCABT1,2025-07-02 22:30:00,9.2,3600
MTR-001224,JANCRK_6_RCABT1,2025-07-02 23:30:00,-7.8,3600
MTR-001225,JANCRK_6_RCABT1,2025-07-03 00:30:00,-43.0,3600
MTR-001226,JANCRK_6_RCABT1,2025-07-03 01:30:00,-35.8,3600
MTR-001227,JANCRK_6_RCABT1,2025-07-03 02:30:00,-55.0,3600
MTR-001228,JANCRK_6_RCABT1,2025-07-03 03:30:00,-45.5,3600
MTR-001229,JANCRK_6_RCABT1,2025-07-03 04:30:00,-34.8,3600
MTR-001230,JANCRK_6_RCABT1,2025-07-03 05:30:00,-31.3,3600
MTR-001231,JANCRK_6_RCABT1,2025-07-03 06:30:00,-22.9,3600
MTR-001232,JANCRK_6_RCABT1,2025-07-03 07:30:00,-45.2,3600
MTR-001233,JANCRK_6_RCABT1,2025-07-03 08:30:00,3.4,3600
MTR-001234,JANCRK_6_RCABT1,2025-07-03 09:30:00,-1.2,3600
MTR-001235,JANCRK_6_RCABT1,2025-07-03 10:30:00,-1.2,3600
MTR-001236,JANCRK_6_RCABT1,2025-07-03 11:30:00,-8.2,3600
MTR-001237,JANCRK_6_RCABT1,2025-07-03 12:30:00,-5.2,3600
MTR-001238,JANCRK_6_RCABT1,2025-07-03 13:30:00,-0.9,3600
MTR-001239,JANCRK_6_RCABT1,2025-07-03 14:30:00,4.6,3600
MTR-001240,JANCRK_6_RCABT1,2025-07-03 15:30:00,-0.7,3600
MTR-001241,JANCRK_6_RCABT1,2025-07-03 16:30:00,80.1,3600
MTR-001242,JANCRK_6_RCABT1,2025-07-03 17:30:00,55.2,3600
MTR-001243,JANCRK_6_RCABT1,2025-07-03 18:30:00,86.1,3600
MTR-001244,JANCRK_6_RCABT1,2025-07-03 19:30:00,52.2,3600
MTR-001245,JANCRK_6_RCABT1,2025-07-03 20:30:00,60.1,3600
MTR-001246,JANCRK_6_RCABT1,2025-07-03 21:30:00,40.5,3600
MTR-001247,JANCRK_6_RCABT1,2025-07-03 22:30:00,4.9,3600
MTR-001248,JANCRK_6_RCABT1,2025-07-03 23:30:00,-7.8,3600
MTR-001249,JANCRK_6_RCABT1,2025-07-04 00:30:00,-50.5,3600
MTR-001250,JANCRK_6_RCABT1,2025-07-04 01:30:00,-38.0,3600
MTR-001251,JANCRK_6_RCABT1,2025-07-04 02:30:00,-34.5,3600
MTR-001252,JANCRK_6_RCABT1,2025-07-04 03:30:00,-25.9,3600
MTR-001253,JANCRK_6_RCABT1,2025-07-04 04:30:00,-54.4,3600
MTR-001254,JANCRK_6_RCABT1,2025-07-04 05:30:00,-55.7,3600
MTR-001255,JANCRK_6_RCABT1,2025-07-04 06:30:00,-42.5,3600
MTR-001256,JANCRK_6_RCABT1,2025-07-04 07:30:00,-35.7,3600
MTR-001257,JANCRK_6_RCABT1,2025-07-04 08:30:00,6.2,3600
MTR-001258,JANCRK_6_RCABT1,2025-07-04 09:30:00,5.9,3600
MTR-001259,JANCRK_6_RCABT1,2025-07-04 10:30:00,-9.8,3600
MTR-001260,JANCRK_6_RCABT1,2025-07-04 11:30:00,4.7,3600
MTR-001261,JANCRK_6_RCABT1,2025-07-04 12:30:00,5.6,3600
MTR-001262,JANCRK_6_RCABT1,2025-07-04 13:30:00,-6.6,3600
MTR-001263,JANCRK_6_RCABT1,2025-07-04 14:30:00,-3.7,3600
MTR-001264,JANCRK_6_RCABT1,2025-07-04 15:30:00,5.9,3600
MTR-001265,JANCRK_6_RCABT1,2025-07-04 16:30:00,62.2,3600
MTR-001266,JANCRK_6_RCABT1,2025-07-04 17:30:00,76.1,3600
MTR-001267,JANCRK_6_RCABT1,2025-07-04 18:30:00,76.5,3600
MTR-001268,JANCRK_6_RCABT1,2025-07-04 19:30:00,56.0,3600
MTR-001269,JANCRK_6_RCABT1,2025-07-04 20:30:00,47.6,3600
MTR-001270,JANCRK_6_RCABT1,2025-07-04 21:30:00,47.5,3600
MTR-001271,JANCRK_6_RCABT1,2025-07-04 22:30:00,5.8,3600
MTR-001272,JANCRK_6_RCABT1,2025-07-04 23:30:00,5.3,3600
MTR-001273,JANCRK_6_RCABT1,2025-07-05 00:30:00,-41.2,3600
MTR-001274,JANCRK_6_RCABT1,2025-07-05 01:30:00,-24.2,3600
MTR-001275,JANCRK_6_RCABT1,2025-07-05 02:30:00,-53.1,3600
MTR-001276,JANCRK_6_RCABT1,2025-07-05 03:30:00,-53.3,3600
MTR-001277,JANCRK_6_RCABT1,2025-07-05 04:30:00,-36.7,3600
MTR-001278,JANCRK_6_RCABT1,2025-07-05 05:30:00,-49.0,3600
MTR-001279,JANCRK_6_RCABT1,2025-07-05 06:30:00,-30.5,3600
MTR-001280,JANCRK_6_RCABT1,2025-07-05 07:30:00,-35.0,3600
MTR-001281,JANCRK_6_RCABT1,2025-07-05 08:30:00,-5.2,3600
MTR-001282,JANCRK_6_RCABT1,2025-07-05 09:30:00,3.9,3600
MTR-001283,JANCRK_6_RCABT1,2025-07-05 10:30:00,-5.5,3600
MTR-001284,JANCRK_6_RCABT1,2025-07-05 11:30:00,-2.1,3600
MTR-001285,JANCRK_6_RCABT1,2025-07-05 12:30:00,-9.0,3600
MTR-001286,JANCRK_6_RCABT1,2025-07-05 13:30:00,-9.2,3600
MTR-001287,JANCRK_6_RCABT1,2025-07-05 14:30:00,-0.3,3600
MTR-001288,JANCRK_6_RCABT1,2025-07-05 15:30:00,-5.9,3600
MTR-001289,JANCRK_6_RCABT1,2025-07-05 16:30:00,86.9,3600
MTR-001290,JANCRK_6_RCABT1,2025-07-05 17:30:00,47.3,3600
MTR-001291,JANCRK_6_RCABT1,2025-07-05 18:30:00,53.8,3600
MTR-001292,JANCRK_6_RCABT1,2025-07-05 19:30:00,70.3,3600
MTR-001293,JANCRK_6_RCABT1,2025-07-05 20:30:00,54.8,3600
MTR-001294,JANCRK_6_RCABT1,2025-07-05 21:30:00,87.3,3600
MTR-001295,JANCRK_6_RCABT1,2025-07-05 22:30:00,-3.8,3600
MTR-001296,JANCRK_6_RCABT1,2025-07-05 23:30:00,-5.9,3600
MTR-001297,JANCRK_6_RCABT1,2025-07-06 00:30:00,-24.5,3600
MTR-001298,JANCRK_6_RCABT1,2025-07-06 01:30:00,-35.3,3600
MTR-001299,JANCRK_6_RCABT1,2025-07-06 02:30:00,-42.6,3600
MTR-001300,JANCRK_6_RCABT1,2025-07-06 03:30:00,-34.5,3600
MTR-001301,JANCRK_6_RCABT1,2025-07-06 04:30:00,-34.6,3600
MTR-001302,JANCRK_6_RCABT1,2025-07-06 05:30:00,-51.4,3600
MTR-001303,JANCRK_6_RCABT1,2025-07-06 06:30:00,-25.5,3600
MTR-001304,JANCRK_6_RCABT1,2025-07-06 07:30:00,-25.5,3600
MTR-001305,JANCRK_6_RCABT1,2025-07-06 08:30:00,-7.6,3600
MTR-001306,JANCRK_6_RCABT1,2025-07-06 09:30:00,-9.7,3600
MTR-001307,JANCRK_6_RCABT1,2025-07-06 10:30:00,6.2,3600
MTR-001308,JANCRK_6_RCABT1,2025-07-06 11:30:00,4.9,3600
MTR-001309,JANCRK_6_RCABT1,2025-07-06 12:30:00,-6.0,3600
MTR-001310,JANCRK_6_RCABT1,2025-07-06 13:30:00,0.4,3600
MTR-001311,JANCRK_6_RCABT1,2025-07-06 14:30:00,-7.7,3600
MTR-001312,JANCRK_6_RCABT1,2025-07-06 15:30:00,-3.7,3600
MTR-001313,JANCRK_6_RCABT1,2025-07-06 16:30:00,46.1,3600
MTR-001314,JANCRK_6_RCABT1,2025-07-06 17:30:00,61.8,3600
MTR-001315,JANCRK_6_RCABT1,2025-07-06 18:30:00,42.1,3600
MTR-001316,JANCRK_6_RCABT1,2025-07-06 19:30:00,43.8,3600
MTR-001317,JANCRK_6_RCABT1,2025-07-06 20:30:00,58.2,3600
MTR-001318,JANCRK_6_RCABT1,2025-07-06 21:30:00,77.5,3600
MTR-001319,JANCRK_6_RCABT1,2025-07-06 22:30:00,-7.1,3600
MTR-001320,JANCRK_6_RCABT1,2025-07-06 23:30:00,-2.6,3600
MTR-001321,JANCRK_6_RCABT1,2025-07-07 00:30:00,-43.6,3600
MTR-001322,JANCRK_6_RCABT1,2025-07-07 01:30:00,-27.6,3600
MTR-001323,JANCRK_6_RCABT1,2025-07-07 02:30:00,-58.8,3600
MTR-001324,JANCRK_6_RCABT1,2025-07-07 03:30:00,-55.3,3600
MTR-001325,JANCRK_6_RCABT1,2025-07-07 04:30:00,-50.4,3600
MTR-001326,JANCRK_6_RCABT1,2025-07-07 05:30:00,-37.4,3600
MTR-001327,JANCRK_6_RCABT1,2025-07-07 06:30:00,-58.6,3600
MTR-001328,JANCRK_6_RCABT1,2025-07-07 07:30:00,-50.3,3600
MTR-001329,JANCRK_6_RCABT1,2025-07-07 08:30:00,0.4,3600
MTR-001330,JANCRK_6_RCABT1,2025-07-07 09:30:00,-0.7,3600
MTR-001331,JANCRK_6_RCABT1,2025-07-07 10:30:00,-9.7,3600
MTR-001332,JANCRK_6_RCABT1,2025-07-07 11:30:00,-8.0,3600
MTR-001333,JANCRK_6_RCABT1,2025-07-07 12:30:00,-1.0,3600
MTR-001334,JANCRK_6_RCABT1,2025-07-07 13:30:00,-6.1,3600
MTR-001335,JANCRK_6_RCABT1,2025-07-07 14:30:00,1.9,3600
MTR-001336,JANCRK_6_RCABT1,2025-07-07 15:30:00,-5.1,3600
MTR-001337,JANCRK_6_RCABT1,2025-07-07 16:30:00,46.8,3600
MTR-001338,JANCRK_6_RCABT1,2025-07-07 17:30:00,51.3,3600
MTR-001339,JANCRK_6_RCABT1,2025-07-07 18:30:00,72.0,3600
MTR-001340,JANCRK_6_RCABT1,2025-07-07 19:30:00,46.5,3600
MTR-001341,JANCRK_6_RCABT1,2025-07-07 20:30:00,55.8,3600
MTR-001342,JANCRK_6_RCABT1,2025-07-07 21:30:00,79.8,3600
MTR-001343,JANCRK_6_RCABT1,2025-07-07 22:30:00,-9.2,3600
MTR-001344,JANCRK_6_RCABT1,2025-07-07 23:30:00,5.2,3600
MTR-001345,PUTHCR_1_PCNSB1,2025-07-01 00:30:00,-43.7,3600
MTR-001346,PUTHCR_1_PCNSB1,2025-07-01 01:30:00,-53.4,3600
MTR-001347,PUTHCR_1_PCNSB1,2025-07-01 02:30:00,-24.7,3600
MTR-001348,PUTHCR_1_PCNSB1,2025-07-01 03:30:00,-33.4,3600
MTR-001349,PUTHCR_1_PCNSB1,2025-07-01 04:30:00,-40.7,3600
MTR-001350,PUTHCR_1_PCNSB1,2025-07-01 05:30:00,-36.6,3600
MTR-001351,PUTHCR_1_PCNSB1,2025-07-01 06:30:00,-52.3,3600
MTR-001352,PUTHCR_1_PCNSB1,2025-07-01 07:30:00,-29.3,3600
MTR-001353,PUTHCR_1_PCNSB1,2025-07-01 08:30:00,5.6,3600
MTR-001354,PUTHCR_1_PCNSB1,2025-07-01 09:30:00,-5.1,3600
MTR-001355,PUTHCR_1_PCNSB1,2025-07-01 10:30:00,-2.0,3600
MTR-001356,PUTHCR_1_PCNSB1,2025-07-01 11:30:00,5.7,3600
MTR-001357,PUTHCR_1_PCNSB1,2025-07-01 12:30:00,-9.2,3600
MTR-001358,PUTHCR_1_PCNSB1,2025-07-01 13:30:00,-5.9,3600
MTR-001359,PUTHCR_1_PCNSB1,2025-07-01 14:30:00,-2.6,3600
MTR-001360,PUTHCR_1_PCNSB1,2025-07-01 15:30:00,-1.6,3600
MTR-001361,PUTHCR_1_PCNSB1,2025-07-01 16:30:00,64.6,3600
MTR-001362,PUTHCR_1_PCNSB1,2025-07-01 17:30:00,76.1,3600
MTR-001363,PUTHCR_1_PCNSB1,2025-07-01 18:30:00,88.4,3600
MTR-001364,PUTHCR_1_PCNSB1,2025-07-01 19:30:00,69.0,3600
MTR-001365,PUTHCR_1_PCNSB1,2025-07-01 20:30:00,55.6,3600
MTR-001366,PUTHCR_1_PCNSB1,2025-07-01 21:30:00,57.2,3600
MTR-001367,PUTHCR_1_PCNSB1,2025-07-01 22:30:00,-8.2,3600
MTR-001368,PUTHCR_1_PCNSB1,2025-07-01 23:30:00,7.9,3600
MTR-001369,PUTHCR_1_PCNSB1,2025-07-02 00:30:00,-33.1,3600
MTR-001370,PUTHCR_1_PCNSB1,2025-07-02 01:30:00,-50.6,3600
MTR-001371,PUTHCR_1_PCNSB1,2025-07-02 02:30:00,-53.3,3600
MTR-001372,PUTHCR_1_PCNSB1,2025-07-02 03:30:00,-50.1,3600
MTR-001373,PUTHCR_1_PCNSB1,2025-07-02 04:30:00,-58.2,3600
MTR-001374,PUTHCR_1_PCNSB1,2025-07-02 05:30:00,-48.6,3600
MTR-001375,PUTHCR_1_PCNSB1,2025-07-02 06:30:00,-31.1,3600
MTR-001376,PUTHCR_1_PCNSB1,2025-07-02 07:30:00,-21.4,3600
MTR-001377,PUTHCR_1_PCNSB1,2025-07-02 08:30:00,-9.1,3600
MTR-001378,PUTHCR_1_PCNSB1,2025-07-02 09:30:00,-4.0,3600
MTR-001379,PUTHCR_1_PCNSB1,2025-07-02 10:30:00,0.5,3600
MTR-001380,PUTHCR_1_PCNSB1,2025-07-02 11:30:00,0.9,3600
MTR-001381,PUTHCR_1_PCNSB1,2025-07-02 12:30:00,-2.4,3600
MTR-001382,PUTHCR_1_PCNSB1,2025-07-02 13:30:00,-8.9,3600
MTR-001383,PUTHCR_1_PCNSB1,2025-07-02 14:30:00,2.5,3600
MTR-001384,PUTHCR_1_PCNSB1,2025-07-02 15:30:00,1.4,3600
MTR-001385,PUTHCR_1_PCNSB1,2025-07-02 16:30:00,59.7,3600
MTR-001386,PUTHCR_1_PCNSB1,2025-07-02 17:30:00,78.0,3600
MTR-001387,PUTHCR_1_PCNSB1,2025-07-02 18:30:00,62.8,3600
MTR-001388,PUTHCR_1_PCNSB1,2025-07-02 19:30:00,42.5,3600
MTR-001389,PUTHCR_1_PCNSB1,2025-07-02 20:30:00,70.4,3600
MTR-001390,PUTHCR_1_PCNSB1,2025-07-02 21:30:00,82.8,3600
MTR-001391,PUTHCR_1_PCNSB1,2025-07-02 22:30:00,-1.8,3600
MTR-001392,PUTHCR_1_PCNSB1,2025-07-02 23:30:00,7.7,3600
MTR-001393,PUTHCR_1_PCNSB1,2025-07-03 00:30:00,-40.9,3600
MTR-001394,PUTHCR_1_PCNSB1,2025-07-03 01:30:00,-56.6,3600
MTR-001395,PUTHCR_1_PCNSB1,2025-07-03 02:30:00,-37.2,3600
MTR-001396,PUTHCR_1_PCNSB1,2025-07-03 03:30:00,-29.2,3600
MTR-001397,PUTHCR_1_PCNSB1,2025-07-03 04:30:00,-46.4,3600
MTR-001398,PUTHCR_1_PCNSB1,2025-07-03 05:30:00,-34.9,3600
MTR-001399,PUTHCR_1_PCNSB1,2025-07-03 06:30:00,-31.3,3600
MTR-001400,PUTHCR_1_PCNSB1,2025-07-03 07:30:00,-22.3,3600
MTR-001401,PUTHCR_1_PCNSB1,2025-07-03 08:30:00,-5.2,3600
MTR-001402,PUTHCR_1_PCNSB1,2025-07-03 09:30:00,7.7,3600
MTR-001403,PUTHCR_1_PCNSB1,2025-07-03 10:30:00,6.0,3600
MTR-001404,PUTHCR_1_PCNSB1,2025-07-03 11:30:00,1.7,3600
MTR-001405,PUTHCR_1_PCNSB1,2025-07-03 12:30:00,-0.5,3600
MTR-001406,PUTHCR_1_PCNSB1,2025-07-03 13:30:00,-7.9,3600
MTR-001407,PUTHCR_1_PCNSB1,2025-07-03 14:30:00,-4.3,3600
MTR-001408,PUTHCR_1_PCNSB1,2025-07-03 15:30:00,1.4,3600
MTR-001409,PUTHCR_1_PCNSB1,2025-07-03 16:30:00,62.9,3600
MTR-001410,PUTHCR_1_PCNSB1,2025-07-03 17:30:00,75.8,3600
MTR-001411,PUTHCR_1_PCNSB1,2025-07-03 18:30:00,63.0,3600
MTR-001412,PUTHCR_1_PCNSB1,2025-07-03 19:30:00,45.3,3600
MTR-001413,PUTHCR_1_PCNSB1,2025-07-03 20:30:00,79.4,3600
MTR-001414,PUTHCR_1_PCNSB1,2025-07-03 21:30:00,83.7,3600
MTR-001415,PUTHCR_1_PCNSB1,2025-07-03 22:30:00,-4.9,3600
MTR-001416,PUTHCR_1_PCNSB1,2025-07-03 23:30:00,6.9,3600
MTR-001417,PUTHCR_1_PCNSB1,2025-07-04 00:30:00,-49.8,3600
MTR-001418,PUTHCR_1_PCNSB1,2025-07-04 01:30:00,-50.4,3600
MTR-001419,PUTHCR_1_PCNSB1,2025-07-04 02:30:00,-52.6,3600
MTR-001420,PUTHCR_1_PCNSB1,2025-07-04 03:30:00,-33.6,3600
MTR-001421,PUTHCR_1_PCNSB1,2025-07-04 04:30:00,-52.8,3600
MTR-001422,PUTHCR_1_PCNSB1,2025-07-04 05:30:00,-40.2,3600
MTR-001423,PUTHCR_1_PCNSB1,2025-07-04 06:30:00,-45.7,3600
MTR-001424,PUTHCR_1_PCNSB1,2025-07-04 07:30:00,-33.0,3600
MTR-001425,PUTHCR_1_PCNSB1,2025-07-04 08:30:00,4.6,3600
MTR-001426,PUTHCR_1_PCNSB1,2025-07-04 09:30:00,5.4,3600
MTR-001427,PUTHCR_1_PCNSB1,2025-07-04 10:30:00,2.6,3600
MTR-001428,PUTHCR_1_PCNSB1,2025-07-04 11:30:00,5.6,3600
MTR-001429,PUTHCR_1_PCNSB1,2025-07-04 12:30:00,-0.8,3600
MTR-001430,PUTHCR_1_PCNSB1,2025-07-04 13:30:00,3.6,3600
MTR-001431,PUTHCR_1_PCNSB1,2025-07-04 14:30:00,-8.7,3600
MTR-001432,PUTHCR_1_PCNSB1,2025-07-04 15:30:00,-1.1,3600
MTR-001433,PUTHCR_1_PCNSB1,2025-07-04 16:30:00,86.5,3600
MTR-001434,PUTHCR_1_PCNSB1,2025-07-04 17:30:00,52.7,3600
MTR-001435,PUTHCR_1_PCNSB1,2025-07-04 18:30:00,79.7,3600
MTR-001436,PUTHCR_1_PCNSB1,2025-07-04 19:30:00,59.3,3600
MTR-001437,PUTHCR_1_PCNSB1,2025-07-04 20:30:00,53.4,3600
MTR-001438,PUTHCR_1_PCNSB1,2025-07-04 21:30:00,53.0,3600
MTR-001439,PUTHCR_1_PCNSB1,2025-07-04 22:30:00,-1.5,3600
MTR-001440,PUTHCR_1_PCNSB1,2025-07-04 23:30:00,6.3,3600
MTR-001441,PUTHCR_1_PCNSB1,2025-07-05 00:30:00,-39.2,3600
MTR-001442,PUTHCR_1_PCNSB1,2025-07-05 01:30:00,-58.3,3600
MTR-001443,PUTHCR_1_PCNSB1,2025-07-05 02:30:00,-43.9,3600
MTR-001444,PUTHCR_1_PCNSB1,2025-07-05 03:30:00,-51.1,3600
MTR-001445,PUTHCR_1_PCNSB1,2025-07-05 04:30:00,-34.8,3600
MTR-001446,PUTHCR_1_PCNSB1,2025-07-05 05:30:00,-37.2,3600
MTR-001447,PUTHCR_1_PCNSB1,2025-07-05 06:30:00,-57.5,3600
MTR-001448,PUTHCR_1_PCNSB1,2025-07-05 07:30:00,-54.6,3600
MTR-001449,PUTHCR_1_PCNSB1,2025-07-05 08:30:00,9.7,3600
MTR-001450,PUTHCR_1_PCNSB1,2025-07-05 09:30:00,-5.3,3600
MTR-001451,PUTHCR_1_PCNSB1,2025-07-05 10:30:00,5.8,3600
MTR-001452,PUTHCR_1_PCNSB1,2025-07-05 11:30:00,8.3,3600
MTR-001453,PUTHCR_1_PCNSB1,2025-07-05 12:30:00,-7.5,3600
MTR-001454,PUTHCR_1_PCNSB1,2025-07-05 13:30:00,-5.0,3600
MTR-001455,PUTHCR_1_PCNSB1,2025-07-05 14:30:00,-2.4,3600
MTR-001456,PUTHCR_1_PCNSB1,2025-07-05 15:30:00,-0.4,3600
MTR-001457,PUTHCR_1_PCNSB1,2025-07-05 16:30:00,67.2,3600
MTR-001458,PUTHCR_1_PCNSB1,2025-07-05 17:30:00,68.6,3600
MTR-001459,PUTHCR_1_PCNSB1,2025-07-05 18:30:00,74.1,3600
MTR-001460,PUTHCR_1_PCNSB1,2025-07-05 19:30:00,84.9,3600
MTR-001461,PUTHCR_1_PCNSB1,2025-07-05 20:30:00,87.4,3600
MTR-001462,PUTHCR_1_PCNSB1,2025-07-05 21:30:00,74.9,3600
MTR-001463,PUTHCR_1_PCNSB1,2025-07-05 22:30:00,9.9,3600
MTR-001464,PUTHCR_1_PCNSB1,2025-07-05 23:30:00,-9.6,3600
MTR-001465,PUTHCR_1_PCNSB1,2025-07-06 00:30:00,-58.2,3600
MTR-001466,PUTHCR_1_PCNSB1,2025-07-06 01:30:00,-29.1,3600
MTR-001467,PUTHCR_1_PCNSB1,2025-07-06 02:30:00,-51.2,3600
MTR-001468,PUTHCR_1_PCNSB1,2025-07-06 03:30:00,-59.3,3600
MTR-001469,PUTHCR_1_PCNSB1,2025-07-06 04:30:00,-37.3,3600
MTR-001470,PUTHCR_1_PCNSB1,2025-07-06 05:30:00,-38.6,3600
MTR-001471,PUTHCR_1_PCNSB1,2025-07-06 06:30:00,-56.2,3600
MTR-001472,PUTHCR_1_PCNSB1,2025-07-06 07:30:00,-47.4,3600
MTR-001473,PUTHCR_1_PCNSB1,2025-07-06 08:30:00,8.0,3600
MTR-001474,PUTHCR_1_PCNSB1,2025-07-06 09:30:00,0.1,3600
MTR-001475,PUTHCR_1_PCNSB1,2025-07-06 10:30:00,-5.1,3600
MTR-001476,PUTHCR_1_PCNSB1,2025-07-06 11:30:00,7.3,3600
MTR-001477,PUTHCR_1_PCNSB1,2025-07-06 12:30:00,-2.4,3600
MTR-001478,PUTHCR_1_PCNSB1,2025-07-06 13:30:00,-2.9,3600
MTR-001479,PUTHCR_1_PCNSB1,2025-07-06 14:30:00,-1.3,3600
MTR-001480,PUTHCR_1_PCNSB1,2025-07-06 15:30:00,-8.5,3600
MTR-001481,PUTHCR_1_PCNSB1,2025-07-06 16:30:00,43.5,3600
MTR-001482,PUTHCR_1_PCNSB1,2025-07-06 17:30:00,70.3,3600
MTR-001483,PUTHCR_1_PCNSB1,2025-07-06 18:30:00,71.6,3600
MTR-001484,PUTHCR_1_PCNSB1,2025-07-06 19:30:00,69.6,3600
MTR-001485,PUTHCR_1_PCNSB1,2025-07-06 20:30:00,78.7,3600
MTR-001486,PUTHCR_1_PCNSB1,2025-07-06 21:30:00,44.3,3600
MTR-001487,PUTHCR_1_PCNSB1,2025-07-06 22:30:00,3.4,3600
MTR-001488,PUTHCR_1_PCNSB1,2025-07-06 23:30:00,-3.0,3600
MTR-001489,PUTHCR_1_PCNSB1,2025-07-07 00:30:00,-40.5,3600
MTR-001490,PUTHCR_1_PCNSB1,2025-07-07 01:30:00,-48.9,3600
MTR-001491,PUTHCR_1_PCNSB1,2025-07-07 02:30:00,-21.1,3600
MTR-001492,PUTHCR_1_PCNSB1,2025-07-07 03:30:00,-55.8,3600
MTR-001493,PUTHCR_1_PCNSB1,2025-07-07 04:30:00,-41.6,3600
MTR-001494,PUTHCR_1_PCNSB1,2025-07-07 05:30:00,-29.0,3600
MTR-001495,PUTHCR_1_PCNSB1,2025-07-07 06:30:00,-56.5,3600
MTR-001496,PUTHCR_1_PCNSB1,2025-07-07 07:30:00,-57.6,3600
MTR-001497,PUTHCR_1_PCNSB1,2025-07-07 08:30:00,9.7,3600
MTR-001498,PUTHCR_1_PCNSB1,2025-07-07 09:30:00,1.0,3600
MTR-001499,PUTHCR_1_PCNSB1,2025-07-07 10:30:00,-6.6,3600
MTR-001500,PUTHCR_1_PCNSB1,2025-07-07 11:30:00,8.0,3600
MTR-001501,PUTHCR_1_PCNSB1,2025-07-07 12:30:00,-8.1,3600
MTR-001502,PUTHCR_1_PCNSB1,2025-07-07 13:30:00,1.4,3600
MTR-001503,PUTHCR_1_PCNSB1,2025-07-07 14:30:00,-6.5,3600
MTR-001504,PUTHCR_1_PCNSB1,2025-07-07 15:30:00,-5.4,3600
MTR-001505,PUTHCR_1_PCNSB1,2025-07-07 16:30:00,59.0,3600
MTR-001506,PUTHCR_1_PCNSB1,2025-07-07 17:30:00,46.5,3600
MTR-001507,PUTHCR_1_PCNSB1,2025-07-07 18:30:00,88.6,3600
MTR-001508,PUTHCR_1_PCNSB1,2025-07-07 19:30:00,76.1,3600
MTR-001509,PUTHCR_1_PCNSB1,2025-07-07 20:30:00,51.4,3600
MTR-001510,PUTHCR_1_PCNSB1,2025-07-07 21:30:00,71.1,3600
MTR-001511,PUTHCR_1_PCNSB1,2025-07-07 22:30:00,7.9,3600
MTR-001512,PUTHCR_1_PCNSB1,2025-07-07 23:30:00,8.7,3600
MTR-001513,KRAMER_1_R1BX3,2025-07-01 00:30:00,-59.2,3600
MTR-001514,KRAMER_1_R1BX3,2025-07-01 01:30:00,-35.5,3600
MTR-001515,KRAMER_1_R1BX3,2025-07-01 02:30:00,-26.4,3600
MTR-001516,KRAMER_1_R1BX3,2025-07-01 03:30:00,-29.3,3600
MTR-001517,KRAMER_1_R1BX3,2025-07-01 04:30:00,-44.5,3600
MTR-001518,KRAMER_1_R1BX3,2025-07-01 05:30:00,-54.3,3600
MTR-001519,KRAMER_1_R1BX3,2025-07-01 06:30:00,-41.9,3600
MTR-001520,KRAMER_1_R1BX3,2025-07-01 07:30:00,-23.8,3600
MTR-001521,KRAMER_1_R1BX3,2025-07-01 08:30:00,-4.5,3600
MTR-001522,KRAMER_1_R1BX3,2025-07-01 09:30:00,8.5,3600
MTR-001523,KRAMER_1_R1BX3,2025-07-01 10:30:00,4.0,3600
MTR-001524,KRAMER_1_R1BX3,2025-07-01 11:30:00,7.0,3600
MTR-001525,KRAMER_1_R1BX3,2025-07-01 12:30:00,-7.6,3600
MTR-001526,KRAMER_1_R1BX3,2025-07-01 13:30:00,3.4,3600
MTR-001527,KRAMER_1_R1BX3,2025-07-01 14:30:00,-1.3,3600
MTR-001528,KRAMER_1_R1BX3,2025-07-01 15:30:00,5.0,3600
MTR-001529,KRAMER_1_R1BX3,2025-07-01 16:30:00,79.7,3600
MTR-001530,KRAMER_1_R1BX3,2025-07-01 17:30:00,57.3,3600
MTR-001531,KRAMER_1_R1BX3,2025-07-01 18:30:00,50.2,3600
MTR-001532,KRAMER_1_R1BX3,2025-07-01 19:30:00,65.1,3600
MTR-001533,KRAMER_1_R1BX3,2025-07-01 20:30:00,50.8,3600
MTR-001534,KRAMER_1_R1BX3,2025-07-01 21:30:00,75.9,3600
MTR-001535,KRAMER_1_R1BX3,2025-07-01 22:30:00,0.6,3600
MTR-001536,KRAMER_1_R1BX3,2025-07-01 23:30:00,-8.3,3600
MTR-001537,KRAMER_1_R1BX3,2025-07-02 00:30:00,-59.4,3600
MTR-001538,KRAMER_1_R1BX3,2025-07-02 01:30:00,-23.2,3600
MTR-001539,KRAMER_1_R1BX3,2025-07-02 02:30:00,-58.7,3600
MTR-001540,KRAMER_1_R1BX3,2025-07-02 03:30:00,-42.8,3600
MTR-001541,KRAMER_1_R1BX3,2025-07-02 04:30:00,-31.0,3600
MTR-001542,KRAMER_1_R1BX3,2025-07-02 05:30:00,-25.8,3600
MTR-001543,KRAMER_1_R1BX3,2025-07-02 06:30:00,-55.7,3600
MTR-001544,KRAMER_1_R1BX3,2025-07-02 07:30:00,-23.4,3600
MTR-001545,KRAMER_1_R1BX3,2025-07-02 08:30:00,8.8,3600
MTR-001546,KRAMER_1_R1BX3,2025-07-02 09:30:00,1.3,3600
MTR-001547,KRAMER_1_R1BX3,2025-07-02 10:30:00,6.8,3600
MTR-001548,KRAMER_1_R1BX3,2025-07-02 11:30:00,-0.7,3600
MTR-001549,KRAMER_1_R1BX3,2025-07-02 12:30:00,-5.7,3600
MTR-001550,KRAMER_1_R1BX3,2025-07-02 13:30:00,-9.7,3600
MTR-001551,KRAMER_1_R1BX3,2025-07-02 14:30:00,6.7,3600
MTR-001552,KRAMER_1_R1BX3,2025-07-02 15:30:00,-5.1,3600
MTR-001553,KRAMER_1_R1BX3,2025-07-02 16:30:00,82.8,3600
MTR-001554,KRAMER_1_R1BX3,2025-07-02 17:30:00,81.3,3600
MTR-001555,KRAMER_1_R1BX3,2025-07-02 18:30:00,78.0,3600
MTR-001556,KRAMER_1_R1BX3,2025-07-02 19:30:00,73.3,3600
MTR-001557,KRAMER_1_R1BX3,2025-07-02 20:30:00,86.1,3600
MTR-001558,KRAMER_1_R1BX3,2025-07-02 21:30:00,84.1,3600
MTR-001559,KRAMER_1_R1BX3,2025-07-02 22:30:00,-5.6,3600
MTR-001560,KRAMER_1_R1BX3,2025-07-02 23:30:00,6.1,3600
MTR-001561,KRAMER_1_R1BX3,2025-07-03 00:30:00,-33.2,3600
MTR-001562,KRAMER_1_R1BX3,2025-07-03 01:30:00,-36.6,3600
MTR-001563,KRAMER_1_R1BX3,2025-07-03 02:30:00,-25.5,3600
MTR-001564,KRAMER_1_R1BX3,2025-07-03 03:30:00,-41.1,3600
MTR-001565,KRAMER_1_R1BX3,2025-07-03 04:30:00,-48.2,3600
MTR-001566,KRAMER_1_R1BX3,2025-07-03 05:30:00,-35.1,3600
MTR-001567,KRAMER_1_R1BX3,2025-07-03 06:30:00,-29.7,3600
MTR-001568,KRAMER_1_R1BX3,2025-07-03 07:30:00,-36.2,3600
MTR-001569,KRAMER_1_R1BX3,2025-07-03 08:30:00,4.7,3600
MTR-001570,KRAMER_1_R1BX3,2025-07-03 09:30:00,8.0,3600
MTR-001571,KRAMER_1_R1BX3,2025-07-03 10:30:00,-8.1,3600
MTR-001572,KRAMER_1_R1BX3,2025-07-03 11:30:00,-2.1,3600
MTR-001573,KRAMER_1_R1BX3,2025-07-03 12:30:00,-6.6,3600
MTR-001574,KRAMER_1_R1BX3,2025-07-03 13:30:00,-5.8,3600
MTR-001575,KRAMER_1_R1BX3,2025-07-03 14:30:00,-8.4,3600
MTR-001576,KRAMER_1_R1BX3,2025-07-03 15:30:00,-5.7,3600
MTR-001577,KRAMER_1_R1BX3,2025-07-03 16:30:00,41.9,3600
MTR-001578,KRAMER_1_R1BX3,2025-07-03 17:30:00,59.0,3600
MTR-001579,KRAMER_1_R1BX3,2025-07-03 18:30:00,83.6,3600
MTR-001580,KRAMER_1_R1BX3,2025-07-03 19:30:00,88.4,3600
MTR-001581,KRAMER_1_R1BX3,2025-07-03 20:30:00,83.3,3600
MTR-001582,KRAMER_1_R1BX3,2025-07-03 21:30:00,55.7,3600
MTR-001583,KRAMER_1_R1BX3,2025-07-03 22:30:00,-8.9,3600
MTR-001584,KRAMER_1_R1BX3,2025-07-03 23:30:00,-1.6,3600
MTR-001585,KRAMER_1_R1BX3,2025-07-04 00:30:00,-23.9,3600
MTR-001586,KRAMER_1_R1BX3,2025-07-04 01:30:00,-30.6,3600
MTR-001587,KRAMER_1_R1BX3,2025-07-04 02:30:00,-39.3,3600
MTR-001588,KRAMER_1_R1BX3,2025-07-04 03:30:00,-34.2,3600
MTR-001589,KRAMER_1_R1BX3,2025-07-04 04:30:00,-35.1,3600
MTR-001590,KRAMER_1_R1BX3,2025-07-04 05:30:00,-53.5,3600
MTR-001591,KRAMER_1_R1BX3,2025-07-04 06:30:00,-24.4,3600
MTR-001592,KRAMER_1_R1BX3,2025-07-04 07:30:00,-24.7,3600
MTR-001593,KRAMER_1_R1BX3,2025-07-04 08:30:00,-1.6,3600
MTR-001594,KRAMER_1_R1BX3,2025-07-04 09:30:00,-6.4,3600
MTR-001595,KRAMER_1_R1BX3,2025-07-04 10:30:00,6.9,3600
MTR-001596,KRAMER_1_R1BX3,2025-07-04 11:30:00,-3.2,3600
MTR-001597,KRAMER_1_R1BX3,2025-07-04 12:30:00,-6.8,3600
MTR-001598,KRAMER_1_R1BX3,2025-07-04 13:30:00,-5.4,3600
MTR-001599,KRAMER_1_R1BX3,2025-07-04 14:30:00,-5.5,3600
MTR-001600,KRAMER_1_R1BX3,2025-07-04 15:30:00,4.8,3600
MTR-001601,KRAMER_1_R1BX3,2025-07-04 16:30:00,56.2,3600
MTR-001602,KRAMER_1_R1BX3,2025-07-04 17:30:00,48.8,3600
MTR-001603,KRAMER_1_R1BX3,2025-07-04 18:30:00,54.2,3600
MTR-001604,KRAMER_1_R1BX3,2025-07-04 19:30:00,84.0,3600
MTR-001605,KRAMER_1_R1BX3,2025-07-04 20:30:00,41.3,3600
MTR-001606,KRAMER_1_R1BX3,2025-07-04 21:30:00,57.4,3600
MTR-001607,KRAMER_1_R1BX3,2025-07-04 22:30:00,-3.6,3600
MTR-001608,KRAMER_1_R1BX3,2025-07-04 23:30:00,-8.7,3600
MTR-001609,KRAMER_1_R1BX3,2025-07-05 00:30:00,-75.8,3600
MTR-001610,KRAMER_1_R1BX3,2025-07-05 01:30:00,-78.1,3600
MTR-001611,KRAMER_1_R1BX3,2025-07-05 02:30:00,-50.4,3600
MTR-001612,KRAMER_1_R1BX3,2025-07-05 03:30:00,-56.9,3600
MTR-001613,KRAMER_1_R1BX3,2025-07-05 04:30:00,-58.4,3600
MTR-001614,KRAMER_1_R1BX3,2025-07-05 05:30:00,-48.4,3600
MTR-001615,KRAMER_1_R1BX3,2025-07-05 06:30:00,-32.4,3600
MTR-001616,KRAMER_1_R1BX3,2025-07-05 07:30:00,-51.9,3600
MTR-001617,KRAMER_1_R1BX3,2025-07-05 08:30:00,-2.2,3600
MTR-001618,KRAMER_1_R1BX3,2025-07-05 09:30:00,0.4,3600
MTR-001619,KRAMER_1_R1BX3,2025-07-05 10:30:00,-8.5,3600
MTR-001620,KRAMER_1_R1BX3,2025-07-05 11:30:00,0.5,3600
MTR-001621,KRAMER_1_R1BX3,2025-07-05 12:30:00,9.6,3600
MTR-001622,KRAMER_1_R1BX3,2025-07-05 13:30:00,6.7,3600
MTR-001623,KRAMER_1_R1BX3,2025-07-05 14:30:00,8.8,3600
MTR-001624,KRAMER_1_R1BX3,2025-07-05 15:30:00,-2.1,3600
MTR-001625,KRAMER_1_R1BX3,2025-07-05 16:30:00,53.3,3600
MTR-001626,KRAMER_1_R1BX3,2025-07-05 17:30:00,49.3,3600
MTR-001627,KRAMER_1_R1BX3,2025-07-05 18:30:00,84.5,3600
MTR-001628,KRAMER_1_R1BX3,2025-07-05 19:30:00,76.2,3600
MTR-001629,KRAMER_1_R1BX3,2025-07-05 20:30:00,69.5,3600
MTR-001630,KRAMER_1_R1BX3,2025-07-05 21:30:00,67.1,3600
MTR-001631,KRAMER_1_R1BX3,2025-07-05 22:30:00,1.5,3600
MTR-001632,KRAMER_1_R1BX3,2025-07-05 23:30:00,-1.8,3600
MTR-001633,KRAMER_1_R1BX3,2025-07-06 00:30:00,-40.4,3600
MTR-001634,KRAMER_1_R1BX3,2025-07-06 01:30:00,-53.6,3600
MTR-001635,KRAMER_1_R1BX3,2025-07-06 02:30:00,-51.1,3600
MTR-001636,KRAMER_1_R1BX3,2025-07-06 03:30:00,-31.9,3600
MTR-001637,KRAMER_1_R1BX3,2025-07-06 04:30:00,-36.7,3600
MTR-001638,KRAMER_1_R1BX3,2025-07-06 05:30:00,-53.9,3600
MTR-001639,KRAMER_1_R1BX3,2025-07-06 06:30:00,-39.6,3600
MTR-001640,KRAMER_1_R1BX3,2025-07-06 07:30:00,-41.3,3600
MTR-001641,KRAMER_1_R1BX3,2025-07-06 08:30:00,-2.4,3600
MTR-001642,KRAMER_1_R1BX3,2025-07-06 09:30:00,-1.5,3600
MTR-001643,KRAMER_1_R1BX3,2025-07-06 10:30:00,2.2,3600
MTR-001644,KRAMER_1_R1BX3,2025-07-06 11:30:00,-9.0,3600
MTR-001645,KRAMER_1_R1BX3,2025-07-06 12:30:00,-0.4,3600
MTR-001646,KRAMER_1_R1BX3,2025-07-06 13:30:00,3.3,3600
MTR-001647,KRAMER_1_R1BX3,2025-07-06 14:30:00,-7.7,3600
MTR-001648,KRAMER_1_R1BX3,2025-07-06 15:30:00,-2.6,3600
MTR-001649,KRAMER_1_R1BX3,2025-07-06 16:30:00,74.2,3600
MTR-001650,KRAMER_1_R1BX3,2025-07-06 17:30:00,50.4,3600
MTR-001651,KRAMER_1_R1BX3,2025-07-06 18:30:00,50.3,3600
MTR-001652,KRAMER_1_R1BX3,2025-07-06 19:30:00,41.8,3600
MTR-001653,KRAMER_1_R1BX3,2025-07-06 20:30:00,62.9,3600
MTR-001654,KRAMER_1_R1BX3,2025-07-06 21:30:00,42.5,3600
MTR-001655,KRAMER_1_R1BX3,2025-07-06 22:30:00,8.5,3600
MTR-001656,KRAMER_1_R1BX3,2025-07-06 23:30:00,3.8,3600
MTR-001657,KRAMER_1_R1BX3,2025-07-07 00:30:00,-56.5,3600
MTR-001658,KRAMER_1_R1BX3,2025-07-07 01:30:00,-26.8,3600
MTR-001659,KRAMER_1_R1BX3,2025-07-07 02:30:00,-22.3,3600
MTR-001660,KRAMER_1_R1BX3,2025-07-07 03:30:00,-47.1,3600
MTR-001661,KRAMER_1_R1BX3,2025-07-07 04:30:00,-47.4,3600
MTR-001662,KRAMER_1_R1BX3,2025-07-07 05:30:00,-52.7,3600
MTR-001663,KRAMER_1_R1BX3,2025-07-07 06:30:00,-53.1,3600
MTR-001664,KRAMER_1_R1BX3,2025-07-07 07:30:00,-21.3,3600
MTR-001665,KRAMER_1_R1BX3,2025-07-07 08:30:00,-1.8,3600
MTR-001666,KRAMER_1_R1BX3,2025-07-07 09:30:00,2.1,3600
MTR-001667,KRAMER_1_R1BX3,2025-07-07 10:30:00,0.4,3600
MTR-001668,KRAMER_1_R1BX3,2025-07-07 11:30:00,-3.4,3600
MTR-001669,KRAMER_1_R1BX3,2025-07-07 12:30:00,-4.8,3600
MTR-001670,KRAMER_1_R1BX3,2025-07-07 13:30:00,-3.4,3600
MTR-001671,KRAMER_1_R1BX3,2025-07-07 14:30:00,-3.4,3600
MTR-001672,KRAMER_1_R1BX3,2025-07-07 15:30:00,-3.5,3600
MTR-001673,KRAMER_1_R1BX3,2025-07-07 16:30:00,85.2,3600
MTR-001674,KRAMER_1_R1BX3,2025-07-07 17:30:00,65.0,3600
MTR-001675,KRAMER_1_R1BX3,2025-07-07 18:30:00,56.0,3600
MTR-001676,KRAMER_1_R1BX3,2025-07-07 19:30:00,76.3,3600
MTR-001677,KRAMER_1_R1BX3,2025-07-07 20:30:00,58.1,3600
MTR-001678,KRAMER_1_R1BX3,2025-07-07 21:30:00,88.3,3600
MTR-001679,KRAMER_1_R1BX3,2025-07-07 22:30:00,9.8,3600
MTR-001680,KRAMER_1_R1BX3,2025-07-07 23:30:00,2.4,3600
MTR-001681,KRAMER_1_R1PX3,2025-07-01 00:30:00,0.0,3600
MTR-001682,KRAMER_1_R1PX3,2025-07-01 01:30:00,0.0,3600
MTR-001683,KRAMER_1_R1PX3,2025-07-01 02:30:00,0.0,3600
MTR-001684,KRAMER_1_R1PX3,2025-07-01 03:30:00,0.0,3600
MTR-001685,KRAMER_1_R1PX3,2025-07-01 04:30:00,0.0,3600
MTR-001686,KRAMER_1_R1PX3,2025-07-01 05:30:00,0.0,3600
MTR-001687,KRAMER_1_R1PX3,2025-07-01 06:30:00,5.3,3600
MTR-001688,KRAMER_1_R1PX3,2025-07-01 07:30:00,19.1,3600
MTR-001689,KRAMER_1_R1PX3,2025-07-01 08:30:00,25.0,3600
MTR-001690,KRAMER_1_R1PX3,2025-07-01 09:30:00,33.3,3600
MTR-001691,KRAMER_1_R1PX3,2025-07-01 10:30:00,50.8,3600
MTR-001692,KRAMER_1_R1PX3,2025-07-01 11:30:00,59.9,3600
MTR-001693,KRAMER_1_R1PX3,2025-07-01 12:30:00,52.5,3600
MTR-001694,KRAMER_1_R1PX3,2025-07-01 13:30:00,52.7,3600
MTR-001695,KRAMER_1_R1PX3,2025-07-01 14:30:00,44.0,3600
MTR-001696,KRAMER_1_R1PX3,2025-07-01 15:30:00,41.3,3600
MTR-001697,KRAMER_1_R1PX3,2025-07-01 16:30:00,33.3,3600
MTR-001698,KRAMER_1_R1PX3,2025-07-01 17:30:00,21.0,3600
MTR-001699,KRAMER_1_R1PX3,2025-07-01 18:30:00,6.6,3600
MTR-001700,KRAMER_1_R1PX3,2025-07-01 19:30:00,0.0,3600
MTR-001701,KRAMER_1_R1PX3,2025-07-01 20:30:00,0.0,3600
MTR-001702,KRAMER_1_R1PX3,2025-07-01 21:30:00,0.0,3600
MTR-001703,KRAMER_1_R1PX3,2025-07-01 22:30:00,0.0,3600
MTR-001704,KRAMER_1_R1PX3,2025-07-01 23:30:00,0.0,3600
MTR-001705,KRAMER_1_R1PX3,2025-07-02 00:30:00,0.0,3600
MTR-001706,KRAMER_1_R1PX3,2025-07-02 01:30:00,0.0,3600
MTR-001707,KRAMER_1_R1PX3,2025-07-02 02:30:00,0.0,3600
MTR-001708,KRAMER_1_R1PX3,2025-07-02 03:30:00,0.0,3600
MTR-001709,KRAMER_1_R1PX3,2025-07-02 04:30:00,0.0,3600
MTR-001710,KRAMER_1_R1PX3,2025-07-02 05:30:00,0.0,3600
MTR-001711,KRAMER_1_R1PX3,2025-07-02 06:30:00,6.1,3600
MTR-001712,KRAMER_1_R1PX3,2025-07-02 07:30:00,15.8,3600
MTR-001713,KRAMER_1_R1PX3,2025-07-02 08:30:00,34.7,3600
MTR-001714,KRAMER_1_R1PX3,2025-07-02 09:30:00,46.2,3600
MTR-001715,KRAMER_1_R1PX3,2025-07-02 10:30:00,57.7,3600
MTR-001716,KRAMER_1_R1PX3,2025-07-02 11:30:00,63.1,3600
MTR-001717,KRAMER_1_R1PX3,2025-07-02 12:30:00,51.8,3600
MTR-001718,KRAMER_1_R1PX3,2025-07-02 13:30:00,53.2,3600
MTR-001719,KRAMER_1_R1PX3,2025-07-02 14:30:00,56.6,3600
MTR-001720,KRAMER_1_R1PX3,2025-07-02 15:30:00,33.9,3600
MTR-001721,KRAMER_1_R1PX3,2025-07-02 16:30:00,26.8,3600
MTR-001722,KRAMER_1_R1PX3,2025-07-02 17:30:00,17.9,3600
MTR-001723,KRAMER_1_R1PX3,2025-07-02 18:30:00,6.7,3600
MTR-001724,KRAMER_1_R1PX3,2025-07-02 19:30:00,0.0,3600
MTR-001725,KRAMER_1_R1PX3,2025-07-02 20:30:00,0.0,3600
MTR-001726,KRAMER_1_R1PX3,2025-07-02 21:30:00,0.0,3600
MTR-001727,KRAMER_1_R1PX3,2025-07-02 22:30:00,0.0,3600
MTR-001728,KRAMER_1_R1PX3,2025-07-02 23:30:00,0.0,3600
MTR-001729,KRAMER_1_R1PX3,2025-07-03 00:30:00,0.0,3600
MTR-001730,KRAMER_1_R1PX3,2025-07-03 01:30:00,0.0,3600
MTR-001731,KRAMER_1_R1PX3,2025-07-03 02:30:00,0.0,3600
MTR-001732,KRAMER_1_R1PX3,2025-07-03 03:30:00,0.0,3600
MTR-001733,KRAMER_1_R1PX3,2025-07-03 04:30:00,0.0,3600
MTR-001734,KRAMER_1_R1PX3,2025-07-03 05:30:00,0.0,3600
MTR-001735,KRAMER_1_R1PX3,2025-07-03 06:30:00,6.8,3600
MTR-001736,KRAMER_1_R1PX3,2025-07-03 07:30:00,16.8,3600
MTR-001737,KRAMER_1_R1PX3,2025-07-03 08:30:00,25.1,3600
MTR-001738,KRAMER_1_R1PX3,2025-07-03 09:30:00,36.0,3600
MTR-001739,KRAMER_1_R1PX3,2025-07-03 10:30:00,46.3,3600
MTR-001740,KRAMER_1_R1PX3,2025-07-03 11:30:00,45.3,3600
MTR-001741,KRAMER_1_R1PX3,2025-07-03 12:30:00,50.6,3600
MTR-001742,KRAMER_1_R1PX3,2025-07-03 13:30:00,50.1,3600
MTR-001743,KRAMER_1_R1PX3,2025-07-03 14:30:00,46.6,3600
MTR-001744,KRAMER_1_R1PX3,2025-07-03 15:30:00,46.7,3600
MTR-001745,KRAMER_1_R1PX3,2025-07-03 16:30:00,25.8,3600
MTR-001746,KRAMER_1_R1PX3,2025-07-03 17:30:00,19.1,3600
MTR-001747,KRAMER_1_R1PX3,2025-07-03 18:30:00,6.6,3600
MTR-001748,KRAMER_1_R1PX3,2025-07-03 19:30:00,0.0,3600
MTR-001749,KRAMER_1_R1PX3,2025-07-03 20:30:00,0.0,3600
MTR-001750,KRAMER_1_R1PX3,2025-07-03 21:30:00,0.0,3600
MTR-001751,KRAMER_1_R1PX3,2025-07-03 22:30:00,0.0,3600
MTR-001752,KRAMER_1_R1PX3,2025-07-03 23:30:00,0.0,3600
MTR-001753,KRAMER_1_R1PX3,2025-07-04 00:30:00,0.0,3600
MTR-001754,KRAMER_1_R1PX3,2025-07-04 01:30:00,0.0,3600
MTR-001755,KRAMER_1_R1PX3,2025-07-04 02:30:00,0.0,3600
MTR-001756,KRAMER_1_R1PX3,2025-07-04 03:30:00,0.0,3600
MTR-001757,KRAMER_1_R1PX3,2025-07-04 04:30:00,0.0,3600
MTR-001758,KRAMER_1_R1PX3,2025-07-04 05:30:00,0.0,3600
MTR-001759,KRAMER_1_R1PX3,2025-07-04 06:30:00,6.7,3600
MTR-001760,KRAMER_1_R1PX3,2025-07-04 07:30:00,17.1,3600
MTR-001761,KRAMER_1_R1PX3,2025-07-04 08:30:00,31.4,3600
MTR-001762,KRAMER_1_R1PX3,2025-07-04 09:30:00,36.4,3600
MTR-001763,KRAMER_1_R1PX3,2025-07-04 10:30:00,57.1,3600
MTR-001764,KRAMER_1_R1PX3,2025-07-04 11:30:00,49.5,3600
MTR-001765,KRAMER_1_R1PX3,2025-07-04 12:30:00,69.5,3600
MTR-001766,KRAMER_1_R1PX3,2025-07-04 13:30:00,58.3,3600
MTR-001767,KRAMER_1_R1PX3,2025-07-04 14:30:00,56.7,3600
MTR-001768,KRAMER_1_R1PX3,2025-07-04 15:30:00,33.8,3600
MTR-001769,KRAMER_1_R1PX3,2025-07-04 16:30:00,29.3,3600
MTR-001770,KRAMER_1_R1PX3,2025-07-04 17:30:00,18.9,3600
MTR-001771,KRAMER_1_R1PX3,2025-07-04 18:30:00,5.7,3600
MTR-001772,KRAMER_1_R1PX3,2025-07-04 19:30:00,0.0,3600
MTR-001773,KRAMER_1_R1PX3,2025-07-04 20:30:00,0.0,3600
MTR-001774,KRAMER_1_R1PX3,2025-07-04 21:30:00,0.0,3600
MTR-001775,KRAMER_1_R1PX3,2025-07-04 22:30:00,0.0,3600
MTR-001776,KRAMER_1_R1PX3,2025-07-04 23:30:00,0.0,3600
MTR-001777,KRAMER_1_R1PX3,2025-07-05 00:30:00,0.0,3600
MTR-001778,KRAMER_1_R1PX3,2025-07-05 01:30:00,0.0,3600
MTR-001779,KRAMER_1_R1PX3,2025-07-05 02:30:00,0.0,3600
MTR-001780,KRAMER_1_R1PX3,2025-07-05 03:30:00,0.0,3600
MTR-001781,KRAMER_1_R1PX3,2025-07-05 04:30:00,0.0,3600
MTR-001782,KRAMER_1_R1PX3,2025-07-05 05:30:00,0.0,3600
MTR-001783,KRAMER_1_R1PX3,2025-07-05 06:30:00,7.5,3600
MTR-001784,KRAMER_1_R1PX3,2025-07-05 07:30:00,16.4,3600
MTR-001785,KRAMER_1_R1PX3,2025-07-05 08:30:00,34.3,3600
MTR-001786,KRAMER_1_R1PX3,2025-07-05 09:30:00,44.3,3600
MTR-001787,KRAMER_1_R1PX3,2025-07-05 10:30:00,51.4,3600
MTR-001788,KRAMER_1_R1PX3,2025-07-05 11:30:00,50.2,3600
MTR-001789,KRAMER_1_R1PX3,2025-07-05 12:30:00,61.1,3600
MTR-001790,KRAMER_1_R1PX3,2025-07-05 13:30:00,62.0,3600
MTR-001791,KRAMER_1_R1PX3,2025-07-05 14:30:00,44.9,3600
MTR-001792,KRAMER_1_R1PX3,2025-07-05 15:30:00,40.9,3600
MTR-001793,KRAMER_1_R1PX3,2025-07-05 16:30:00,31.7,3600
MTR-001794,KRAMER_1_R1PX3,2025-07-05 17:30:00,16.9,3600
MTR-001795,KRAMER_1_R1PX3,2025-07-05 18:30:00,6.6,3600
MTR-001796,KRAMER_1_R1PX3,2025-07-05 19:30:00,0.0,3600
MTR-001797,KRAMER_1_R1PX3,2025-07-05 20:30:00,0.0,3600
MTR-001798,KRAMER_1_R1PX3,2025-07-05 21:30:00,0.0,3600
MTR-001799,KRAMER_1_R1PX3,2025-07-05 22:30:00,0.0,3600
MTR-001800,KRAMER_1_R1PX3,2025-07-05 23:30:00,0.0,3600
MTR-001801,KRAMER_1_R1PX3,2025-07-06 00:30:00,0.0,3600
MTR-001802,KRAMER_1_R1PX3,2025-07-06 01:30:00,0.0,3600
MTR-001803,KRAMER_1_R1PX3,2025-07-06 02:30:00,0.0,3600
MTR-001804,KRAMER_1_R1PX3,2025-07-06 03:30:00,0.0,3600
MTR-001805,KRAMER_1_R1PX3,2025-07-06 04:30:00,0.0,3600
MTR-001806,KRAMER_1_R1PX3,2025-07-06 05:30:00,0.0,3600
MTR-001807,KRAMER_1_R1PX3,2025-07-06 06:30:00,6.3,3600
MTR-001808,KRAMER_1_R1PX3,2025-07-06 07:30:00,13.5,3600
MTR-001809,KRAMER_1_R1PX3,2025-07-06 08:30:00,27.2,3600
MTR-001810,KRAMER_1_R1PX3,2025-07-06 09:30:00,48.7,3600
MTR-001811,KRAMER_1_R1PX3,2025-07-06 10:30:00,46.3,3600
MTR-001812,KRAMER_1_R1PX3,2025-07-06 11:30:00,66.9,3600
MTR-001813,KRAMER_1_R1PX3,2025-07-06 12:30:00,67.7,3600
MTR-001814,KRAMER_1_R1PX3,2025-07-06 13:30:00,49.5,3600
MTR-001815,KRAMER_1_R1PX3,2025-07-06 14:30:00,41.1,3600
MTR-001816,KRAMER_1_R1PX3,2025-07-06 15:30:00,43.3,3600
MTR-001817,KRAMER_1_R1PX3,2025-07-06 16:30:00,26.7,3600
MTR-001818,KRAMER_1_R1PX3,2025-07-06 17:30:00,14.5,3600
MTR-001819,KRAMER_1_R1PX3,2025-07-06 18:30:00,6.7,3600
MTR-001820,KRAMER_1_R1PX3,2025-07-06 19:30:00,0.0,3600
MTR-001821,KRAMER_1_R1PX3,2025-07-06 20:30:00,0.0,3600
MTR-001822,KRAMER_1_R1PX3,2025-07-06 21:30:00,0.0,3600
MTR-001823,KRAMER_1_R1PX3,2025-07-06 22:30:00,0.0,3600
MTR-001824,KRAMER_1_R1PX3,2025-07-06 23:30:00,0.0,3600
MTR-001825,KRAMER_1_R1PX3,2025-07-07 00:30:00,0.0,3600
MTR-001826,KRAMER_1_R1PX3,2025-07-07 01:30:00,0.0,3600
MTR-001827,KRAMER_1_R1PX3,2025-07-07 02:30:00,0.0,3600
MTR-001828,KRAMER_1_R1PX3,2025-07-07 03:30:00,0.0,3600
MTR-001829,KRAMER_1_R1PX3,2025-07-07 04:30:00,0.0,3600
MTR-001830,KRAMER_1_R1PX3,2025-07-07 05:30:00,0.0,3600
MTR-001831,KRAMER_1_R1PX3,2025-07-07 06:30:00,5.6,3600
MTR-001832,KRAMER_1_R1PX3,2025-07-07 07:30:00,14.0,3600
MTR-001833,KRAMER_1_R1PX3,2025-07-07 08:30:00,23.7,3600
MTR-001834,KRAMER_1_R1PX3,2025-07-07 09:30:00,43.9,3600
MTR-001835,KRAMER_1_R1PX3,2025-07-07 10:30:00,49.6,3600
MTR-001836,KRAMER_1_R1PX3,2025-07-07 11:30:00,61.9,3600
MTR-001837,KRAMER_1_R1PX3,2025-07-07 12:30:00,57.6,3600
MTR-001838,KRAMER_1_R1PX3,2025-07-07 13:30:00,54.8,3600
MTR-001839,KRAMER_1_R1PX3,2025-07-07 14:30:00,48.5,3600
MTR-001840,KRAMER_1_R1PX3,2025-07-07 15:30:00,42.9,3600
MTR-001841,KRAMER_1_R1PX3,2025-07-07 16:30:00,30.6,3600
MTR-001842,KRAMER_1_R1PX3,2025-07-07 17:30:00,16.9,3600
MTR-001843,KRAMER_1_R1PX3,2025-07-07 18:30:00,5.8,3600
MTR-001844,KRAMER_1_R1PX3,2025-07-07 19:30:00,0.0,3600
MTR-001845,KRAMER_1_R1PX3,2025-07-07 20:30:00,0.0,3600
MTR-001846,KRAMER_1_R1PX3,2025-07-07 21:30:00,0.0,3600
MTR-001847,KRAMER_1_R1PX3,2025-07-07 22:30:00,0.0,3600
MTR-001848,KRAMER_1_R1PX3,2025-07-07 23:30:00,0.0,3600
MTR-001849,RSMNDS_2_CSRBT1,2025-07-01 00:30:00,-56.3,3600
MTR-001850,RSMNDS_2_CSRBT1,2025-07-01 01:30:00,-53.1,3600
MTR-001851,RSMNDS_2_CSRBT1,2025-07-01 02:30:00,-24.6,3600
MTR-001852,RSMNDS_2_CSRBT1,2025-07-01 03:30:00,-55.9,3600
MTR-001853,RSMNDS_2_CSRBT1,2025-07-01 04:30:00,-33.1,3600
MTR-001854,RSMNDS_2_CSRBT1,2025-07-01 05:30:00,-55.9,3600
MTR-001855,RSMNDS_2_CSRBT1,2025-07-01 06:30:00,-26.5,3600
MTR-001856,RSMNDS_2_CSRBT1,2025-07-01 07:30:00,-47.5,3600
MTR-001857,RSMNDS_2_CSRBT1,2025-07-01 08:30:00,-9.6,3600
MTR-001858,RSMNDS_2_CSRBT1,2025-07-01 09:30:00,5.8,3600
MTR-001859,RSMNDS_2_CSRBT1,2025-07-01 10:30:00,3.7,3600
MTR-001860,RSMNDS_2_CSRBT1,2025-07-01 11:30:00,-2.1,3600
MTR-001861,RSMNDS_2_CSRBT1,2025-07-01 12:30:00,5.0,3600
MTR-001862,RSMNDS_2_CSRBT1,2025-07-01 13:30:00,-7.7,3600
MTR-001863,RSMNDS_2_CSRBT1,2025-07-01 14:30:00,3.5,3600
MTR-001864,RSMNDS_2_CSRBT1,2025-07-01 15:30:00,4.7,3600
MTR-001865,RSMNDS_2_CSRBT1,2025-07-01 16:30:00,84.5,3600
MTR-001866,RSMNDS_2_CSRBT1,2025-07-01 17:30:00,64.5,3600
MTR-001867,RSMNDS_2_CSRBT1,2025-07-01 18:30:00,62.2,3600
MTR-001868,RSMNDS_2_CSRBT1,2025-07-01 19:30:00,69.8,3600
MTR-001869,RSMNDS_2_CSRBT1,2025-07-01 20:30:00,69.9,3600
MTR-001870,RSMNDS_2_CSRBT1,2025-07-01 21:30:00,42.2,3600
MTR-001871,RSMNDS_2_CSRBT1,2025-07-01 22:30:00,-9.9,3600
MTR-001872,RSMNDS_2_CSRBT1,2025-07-01 23:30:00,7.4,3600
MTR-001873,RSMNDS_2_CSRBT1,2025-07-02 00:30:00,-39.6,3600
MTR-001874,RSMNDS_2_CSRBT1,2025-07-02 01:30:00,-24.8,3600
MTR-001875,RSMNDS_2_CSRBT1,2025-07-02 02:30:00,-50.6,3600
MTR-001876,RSMNDS_2_CSRBT1,2025-07-02 03:30:00,-40.9,3600
MTR-001877,RSMNDS_2_CSRBT1,2025-07-02 04:30:00,-54.7,3600
MTR-001878,RSMNDS_2_CSRBT1,2025-07-02 05:30:00,-24.8,3600
MTR-001879,RSMNDS_2_CSRBT1,2025-07-02 06:30:00,-45.2,3600
MTR-001880,RSMNDS_2_CSRBT1,2025-07-02 07:30:00,-22.8,3600
MTR-001881,RSMNDS_2_CSRBT1,2025-07-02 08:30:00,-4.2,3600
MTR-001882,RSMNDS_2_CSRBT1,2025-07-02 09:30:00,5.0,3600
MTR-001883,RSMNDS_2_CSRBT1,2025-07-02 10:30:00,10.0,3600
MTR-001884,RSMNDS_2_CSRBT1,2025-07-02 11:30:00,9.4,3600
MTR-001885,RSMNDS_2_CSRBT1,2025-07-02 12:30:00,4.7,3600
MTR-001886,RSMNDS_2_CSRBT1,2025-07-02 13:30:00,-0.2,3600
MTR-001887,RSMNDS_2_CSRBT1,2025-07-02 14:30:00,0.4,3600
MTR-001888,RSMNDS_2_CSRBT1,2025-07-02 15:30:00,-2.6,3600
MTR-001889,RSMNDS_2_CSRBT1,2025-07-02 16:30:00,77.7,3600
MTR-001890,RSMNDS_2_CSRBT1,2025-07-02 17:30:00,48.2,3600
MTR-001891,RSMNDS_2_CSRBT1,2025-07-02 18:30:00,78.6,3600
MTR-001892,RSMNDS_2_CSRBT1,2025-07-02 19:30:00,86.3,3600
MTR-001893,RSMNDS_2_CSRBT1,2025-07-02 20:30:00,65.0,3600
MTR-001894,RSMNDS_2_CSRBT1,2025-07-02 21:30:00,47.5,3600
MTR-001895,RSMNDS_2_CSRBT1,2025-07-02 22:30:00,9.1,3600
MTR-001896,RSMNDS_2_CSRBT1,2025-07-02 23:30:00,-3.9,3600
MTR-001897,RSMNDS_2_CSRBT1,2025-07-03 00:30:00,-53.6,3600
MTR-001898,RSMNDS_2_CSRBT1,2025-07-03 01:30:00,-48.0,3600
MTR-001899,RSMNDS_2_CSRBT1,2025-07-03 02:30:00,-22.9,3600
MTR-001900,RSMNDS_2_CSRBT1,2025-07-03 03:30:00,-27.0,3600
MTR-001901,RSMNDS_2_CSRBT1,2025-07-03 04:30:00,-57.8,3600
MTR-001902,RSMNDS_2_CSRBT1,2025-07-03 05:30:00,-27.5,3600
MTR-001903,RSMNDS_2_CSRBT1,2025-07-03 06:30:00,-51.0,3600
MTR-001904,RSMNDS_2_CSRBT1,2025-07-03 07:30:00,-54.3,3600
MTR-001905,RSMNDS_2_CSRBT1,2025-07-03 08:30:00,-2.4,3600
MTR-001906,RSMNDS_2_CSRBT1,2025-07-03 09:30:00,5.3,3600
MTR-001907,RSMNDS_2_CSRBT1,2025-07-03 10:30:00,1.5,3600
MTR-001908,RSMNDS_2_CSRBT1,2025-07-03 11:30:00,7.3,3600
MTR-001909,RSMNDS_2_CSRBT1,2025-07-03 12:30:00,-6.0,3600
MTR-001910,RSMNDS_2_CSRBT1,2025-07-03 13:30:00,5.9,3600
MTR-001911,RSMNDS_2_CSRBT1,2025-07-03 14:30:00,-2.5,3600
MTR-001912,RSMNDS_2_CSRBT1,2025-07-03 15:30:00,-5.7,3600
MTR-001913,RSMNDS_2_CSRBT1,2025-07-03 16:30:00,52.5,3600
MTR-001914,RSMNDS_2_CSRBT1,2025-07-03 17:30:00,82.9,3600
MTR-001915,RSMNDS_2_CSRBT1,2025-07-03 18:30:00,88.4,3600
MTR-001916,RSMNDS_2_CSRBT1,2025-07-03 19:30:00,86.6,3600
MTR-001917,RSMNDS_2_CSRBT1,2025-07-03 20:30:00,78.1,3600
MTR-001918,RSMNDS_2_CSRBT1,2025-07-03 21:30:00,42.5,3600
MTR-001919,RSMNDS_2_CSRBT1,2025-07-03 22:30:00,9.6,3600
MTR-001920,RSMNDS_2_CSRBT1,2025-07-03 23:30:00,4.3,3600
MTR-001921,RSMNDS_2_CSRBT1,2025-07-04 00:30:00,-42.5,3600
MTR-001922,RSMNDS_2_CSRBT1,2025-07-04 01:30:00,-38.7,3600
MTR-001923,RSMNDS_2_CSRBT1,2025-07-04 02:30:00,-31.6,3600
MTR-001924,RSMNDS_2_CSRBT1,2025-07-04 03:30:00,-40.8,3600
MTR-001925,RSMNDS_2_CSRBT1,2025-07-04 04:30:00,-25.4,3600
MTR-001926,RSMNDS_2_CSRBT1,2025-07-04 05:30:00,-24.1,3600
MTR-001927,RSMNDS_2_CSRBT1,2025-07-04 06:30:00,-48.3,3600
MTR-001928,RSMNDS_2_CSRBT1,2025-07-04 07:30:00,-45.1,3600
MTR-001929,RSMNDS_2_CSRBT1,2025-07-04 08:30:00,-6.5,3600
MTR-001930,RSMNDS_2_CSRBT1,2025-07-04 09:30:00,-2.1,3600
MTR-001931,RSMNDS_2_CSRBT1,2025-07-04 10:30:00,3.8,3600
MTR-001932,RSMNDS_2_CSRBT1,2025-07-04 11:30:00,5.2,3600
MTR-001933,RSMNDS_2_CSRBT1,2025-07-04 12:30:00,-2.9,3600
MTR-001934,RSMNDS_2_CSRBT1,2025-07-04 13:30:00,1.1,3600
MTR-001935,RSMNDS_2_CSRBT1,2025-07-04 14:30:00,2.5,3600
MTR-001936,RSMNDS_2_CSRBT1,2025-07-04 15:30:00,1.4,3600
MTR-001937,RSMNDS_2_CSRBT1,2025-07-04 16:30:00,40.6,3600
MTR-001938,RSMNDS_2_CSRBT1,2025-07-04 17:30:00,45.6,3600
MTR-001939,RSMNDS_2_CSRBT1,2025-07-04 18:30:00,65.6,3600
MTR-001940,RSMNDS_2_CSRBT1,2025-07-04 19:30:00,49.2,3600
MTR-001941,RSMNDS_2_CSRBT1,2025-07-04 20:30:00,75.6,3600
MTR-001942,RSMNDS_2_CSRBT1,2025-07-04 21:30:00,85.5,3600
MTR-001943,RSMNDS_2_CSRBT1,2025-07-04 22:30:00,2.9,3600
MTR-001944,RSMNDS_2_CSRBT1,2025-07-04 23:30:00,-8.5,3600
MTR-001945,RSMNDS_2_CSRBT1,2025-07-05 00:30:00,-40.2,3600
MTR-001946,RSMNDS_2_CSRBT1,2025-07-05 01:30:00,-52.8,3600
MTR-001947,RSMNDS_2_CSRBT1,2025-07-05 02:30:00,-35.4,3600
MTR-001948,RSMNDS_2_CSRBT1,2025-07-05 03:30:00,-23.3,3600
MTR-001949,RSMNDS_2_CSRBT1,2025-07-05 04:30:00,-59.6,3600
MTR-001950,RSMNDS_2_CSRBT1,2025-07-05 05:30:00,-37.5,3600
MTR-001951,RSMNDS_2_CSRBT1,2025-07-05 06:30:00,-52.5,3600
MTR-001952,RSMNDS_2_CSRBT1,2025-07-05 07:30:00,-20.1,3600
MTR-001953,RSMNDS_2_CSRBT1,2025-07-05 08:30:00,3.8,3600
MTR-001954,RSMNDS_2_CSRBT1,2025-07-05 09:30:00,0.1,3600
MTR-001955,RSMNDS_2_CSRBT1,2025-07-05 10:30:00,-6.7,3600
MTR-001956,RSMNDS_2_CSRBT1,2025-07-05 11:30:00,-9.3,3600
MTR-001957,RSMNDS_2_CSRBT1,2025-07-05 12:30:00,-2.4,3600
MTR-001958,RSMNDS_2_CSRBT1,2025-07-05 13:30:00,1.9,3600
MTR-001959,RSMNDS_2_CSRBT1,2025-07-05 14:30:00,-8.9,3600
MTR-001960,RSMNDS_2_CSRBT1,2025-07-05 15:30:00,-1.6,3600
MTR-001961,RSMNDS_2_CSRBT1,2025-07-05 16:30:00,87.3,3600
MTR-001962,RSMNDS_2_CSRBT1,2025-07-05 17:30:00,59.0,3600
MTR-001963,RSMNDS_2_CSRBT1,2025-07-05 18:30:00,41.7,3600
MTR-001964,RSMNDS_2_CSRBT1,2025-07-05 19:30:00,55.8,3600
MTR-001965,RSMNDS_2_CSRBT1,2025-07-05 20:30:00,78.9,3600
MTR-001966,RSMNDS_2_CSRBT1,2025-07-05 21:30:00,45.4,3600
MTR-001967,RSMNDS_2_CSRBT1,2025-07-05 22:30:00,3.7,3600
MTR-001968,RSMNDS_2_CSRBT1,2025-07-05 23:30:00,-1.0,3600
MTR-001969,RSMNDS_2_CSRBT1,2025-07-06 00:30:00,-47.6,3600
MTR-001970,RSMNDS_2_CSRBT1,2025-07-06 01:30:00,-24.2,3600
MTR-001971,RSMNDS_2_CSRBT1,2025-07-06 02:30:00,-22.4,3600
MTR-001972,RSMNDS_2_CSRBT1,2025-07-06 03:30:00,-20.7,3600
MTR-001973,RSMNDS_2_CSRBT1,2025-07-06 04:30:00,-59.4,3600
MTR-001974,RSMNDS_2_CSRBT1,2025-07-06 05:30:00,-49.7,3600
MTR-001975,RSMNDS_2_CSRBT1,2025-07-06 06:30:00,-47.2,3600
MTR-001976,RSMNDS_2_CSRBT1,2025-07-06 07:30:00,-52.1,3600
MTR-001977,RSMNDS_2_CSRBT1,2025-07-06 08:30:00,-1.0,3600
MTR-001978,RSMNDS_2_CSRBT1,2025-07-06 09:30:00,-5.4,3600
MTR-001979,RSMNDS_2_CSRBT1,2025-07-06 10:30:00,9.9,3600
MTR-001980,RSMNDS_2_CSRBT1,2025-07-06 11:30:00,-2.0,3600
MTR-001981,RSMNDS_2_CSRBT1,2025-07-06 12:30:00,-5.2,3600
MTR-001982,RSMNDS_2_CSRBT1,2025-07-06 13:30:00,2.6,3600
MTR-001983,RSMNDS_2_CSRBT1,2025-07-06 14:30:00,3.0,3600
MTR-001984,RSMNDS_2_CSRBT1,2025-07-06 15:30:00,-7.9,3600
MTR-001985,RSMNDS_2_CSRBT1,2025-07-06 16:30:00,53.1,3600
MTR-001986,RSMNDS_2_CSRBT1,2025-07-06 17:30:00,69.0,3600
MTR-001987,RSMNDS_2_CSRBT1,2025-07-06 18:30:00,40.8,3600
MTR-001988,RSMNDS_2_CSRBT1,2025-07-06 19:30:00,42.6,3600
MTR-001989,RSMNDS_2_CSRBT1,2025-07-06 20:30:00,65.7,3600
MTR-001990,RSMNDS_2_CSRBT1,2025-07-06 21:30:00,47.0,3600
MTR-001991,RSMNDS_2_CSRBT1,2025-07-06 22:30:00,4.6,3600
MTR-001992,RSMNDS_2_CSRBT1,2025-07-06 23:30:00,-9.4,3600
MTR-001993,RSMNDS_2_CSRBT1,2025-07-07 00:30:00,-45.5,3600
MTR-001994,RSMNDS_2_CSRBT1,2025-07-07 01:30:00,-36.7,3600
MTR-001995,RSMNDS_2_CSRBT1,2025-07-07 02:30:00,-59.5,3600
MTR-001996,RSMNDS_2_CSRBT1,2025-07-07 03:30:00,-45.0,3600
MTR-001997,RSMNDS_2_CSRBT1,2025-07-07 04:30:00,-49.6,3600
MTR-001998,RSMNDS_2_CSRBT1,2025-07-07 05:30:00,-49.0,3600
MTR-001999,RSMNDS_2_CSRBT1,2025-07-07 06:30:00,-23.1,3600
MTR-002000,RSMNDS_2_CSRBT1,2025-07-07 07:30:00,-34.8,3600
MTR-002001,RSMNDS_2_CSRBT1,2025-07-07 08:30:00,-8.2,3600
MTR-002002,RSMNDS_2_CSRBT1,2025-07-07 09:30:00,-8.0,3600
MTR-002003,RSMNDS_2_CSRBT1,2025-07-07 10:30:00,0.2,3600
MTR-002004,RSMNDS_2_CSRBT1,2025-07-07 11:30:00,-2.4,3600
MTR-002005,RSMNDS_2_CSRBT1,2025-07-07 12:30:00,-4.1,3600
MTR-002006,RSMNDS_2_CSRBT1,2025-07-07 13:30:00,9.7,3600
MTR-002007,RSMNDS_2_CSRBT1,2025-07-07 14:30:00,-6.8,3600
MTR-002008,RSMNDS_2_CSRBT1,2025-07-07 15:30:00,-2.2,3600
MTR-002009,RSMNDS_2_CSRBT1,2025-07-07 16:30:00,44.3,3600
MTR-002010,RSMNDS_2_CSRBT1,2025-07-07 17:30:00,74.8,3600
MTR-002011,RSMNDS_2_CSRBT1,2025-07-07 18:30:00,56.6,3600
MTR-002012,RSMNDS_2_CSRBT1,2025-07-07 19:30:00,44.1,3600
MTR-002013,RSMNDS_2_CSRBT1,2025-07-07 20:30:00,51.4,3600
MTR-002014,RSMNDS_2_CSRBT1,2025-07-07 21:30:00,83.9,3600
MTR-002015,RSMNDS_2_CSRBT1,2025-07-07 22:30:00,6.9,3600
MTR-002016,RSMNDS_2_CSRBT1,2025-07-07 23:30:00,9.1,3600
MTR-002017,RSMNDS_2_CSRSR1,2025-07-01 00:30:00,0.0,3600
MTR-002018,RSMNDS_2_CSRSR1,2025-07-01 01:30:00,0.0,3600
MTR-002019,RSMNDS_2_CSRSR1,2025-07-01 02:30:00,0.0,3600
MTR-002020,RSMNDS_2_CSRSR1,2025-07-01 03:30:00,0.0,3600
MTR-002021,RSMNDS_2_CSRSR1,2025-07-01 04:30:00,0.0,3600
MTR-002022,RSMNDS_2_CSRSR1,2025-07-01 05:30:00,0.0,3600
MTR-002023,RSMNDS_2_CSRSR1,2025-07-01 06:30:00,7.2,3600
MTR-002024,RSMNDS_2_CSRSR1,2025-07-01 07:30:00,14.5,3600
MTR-002025,RSMNDS_2_CSRSR1,2025-07-01 08:30:00,26.7,3600
MTR-002026,RSMNDS_2_CSRSR1,2025-07-01 09:30:00,39.3,3600
MTR-002027,RSMNDS_2_CSRSR1,2025-07-01 10:30:00,48.0,3600
MTR-002028,RSMNDS_2_CSRSR1,2025-07-01 11:30:00,57.2,3600
MTR-002029,RSMNDS_2_CSRSR1,2025-07-01 12:30:00,56.6,3600
MTR-002030,RSMNDS_2_CSRSR1,2025-07-01 13:30:00,56.8,3600
MTR-002031,RSMNDS_2_CSRSR1,2025-07-01 14:30:00,55.2,3600
MTR-002032,RSMNDS_2_CSRSR1,2025-07-01 15:30:00,41.4,3600
MTR-002033,RSMNDS_2_CSRSR1,2025-07-01 16:30:00,34.1,3600
MTR-002034,RSMNDS_2_CSRSR1,2025-07-01 17:30:00,15.5,3600
MTR-002035,RSMNDS_2_CSRSR1,2025-07-01 18:30:00,6.1,3600
MTR-002036,RSMNDS_2_CSRSR1,2025-07-01 19:30:00,0.0,3600
MTR-002037,RSMNDS_2_CSRSR1,2025-07-01 20:30:00,0.0,3600
MTR-002038,RSMNDS_2_CSRSR1,2025-07-01 21:30:00,0.0,3600
MTR-002039,RSMNDS_2_CSRSR1,2025-07-01 22:30:00,0.0,3600
MTR-002040,RSMNDS_2_CSRSR1,2025-07-01 23:30:00,0.0,3600
MTR-002041,RSMNDS_2_CSRSR1,2025-07-02 00:30:00,0.0,3600
MTR-002042,RSMNDS_2_CSRSR1,2025-07-02 01:30:00,0.0,3600
MTR-002043,RSMNDS_2_CSRSR1,2025-07-02 02:30:00,0.0,3600
MTR-002044,RSMNDS_2_CSRSR1,2025-07-02 03:30:00,0.0,3600
MTR-002045,RSMNDS_2_CSRSR1,2025-07-02 04:30:00,0.0,3600
MTR-002046,RSMNDS_2_CSRSR1,2025-07-02 05:30:00,0.0,3600
MTR-002047,RSMNDS_2_CSRSR1,2025-07-02 06:30:00,6.2,3600
MTR-002048,RSMNDS_2_CSRSR1,2025-07-02 07:30:00,16.2,3600
MTR-002049,RSMNDS_2_CSRSR1,2025-07-02 08:30:00,25.7,3600
MTR-002050,RSMNDS_2_CSRSR1,2025-07-02 09:30:00,15.8,3600
MTR-002051,RSMNDS_2_CSRSR1,2025-07-02 10:30:00,18.8,3600
MTR-002052,RSMNDS_2_CSRSR1,2025-07-02 11:30:00,26.1,3600
MTR-002053,RSMNDS_2_CSRSR1,2025-07-02 12:30:00,27.0,3600
MTR-002054,RSMNDS_2_CSRSR1,2025-07-02 13:30:00,28.4,3600
MTR-002055,RSMNDS_2_CSRSR1,2025-07-02 14:30:00,55.6,3600
MTR-002056,RSMNDS_2_CSRSR1,2025-07-02 15:30:00,31.8,3600
MTR-002057,RSMNDS_2_CSRSR1,2025-07-02 16:30:00,32.7,3600
MTR-002058,RSMNDS_2_CSRSR1,2025-07-02 17:30:00,19.3,3600
MTR-002059,RSMNDS_2_CSRSR1,2025-07-02 18:30:00,6.0,3600
MTR-002060,RSMNDS_2_CSRSR1,2025-07-02 19:30:00,0.0,3600
MTR-002061,RSMNDS_2_CSRSR1,2025-07-02 20:30:00,0.0,3600
MTR-002062,RSMNDS_2_CSRSR1,2025-07-02 21:30:00,0.0,3600
MTR-002063,RSMNDS_2_CSRSR1,2025-07-02 22:30:00,0.0,3600
MTR-002064,RSMNDS_2_CSRSR1,2025-07-02 23:30:00,0.0,3600
MTR-002065,RSMNDS_2_CSRSR1,2025-07-03 00:30:00,0.0,3600
MTR-002066,RSMNDS_2_CSRSR1,2025-07-03 01:30:00,0.0,3600
MTR-002067,RSMNDS_2_CSRSR1,2025-07-03 02:30:00,0.0,3600
MTR-002068,RSMNDS_2_CSRSR1,2025-07-03 03:30:00,0.0,3600
MTR-002069,RSMNDS_2_CSRSR1,2025-07-03 04:30:00,0.0,3600
MTR-002070,RSMNDS_2_CSRSR1,2025-07-03 05:30:00,0.0,3600
MTR-002071,RSMNDS_2_CSRSR1,2025-07-03 06:30:00,6.0,3600
MTR-002072,RSMNDS_2_CSRSR1,2025-07-03 07:30:00,18.8,3600
MTR-002073,RSMNDS_2_CSRSR1,2025-07-03 08:30:00,25.8,3600
MTR-002074,RSMNDS_2_CSRSR1,2025-07-03 09:30:00,33.4,3600
MTR-002075,RSMNDS_2_CSRSR1,2025-07-03 10:30:00,52.8,3600
MTR-002076,RSMNDS_2_CSRSR1,2025-07-03 11:30:00,54.0,3600
MTR-002077,RSMNDS_2_CSRSR1,2025-07-03 12:30:00,64.0,3600
MTR-002078,RSMNDS_2_CSRSR1,2025-07-03 13:30:00,69.8,3600
MTR-002079,RSMNDS_2_CSRSR1,2025-07-03 14:30:00,44.6,3600
MTR-002080,RSMNDS_2_CSRSR1,2025-07-03 15:30:00,34.0,3600
MTR-002081,RSMNDS_2_CSRSR1,2025-07-03 16:30:00,32.2,3600
MTR-002082,RSMNDS_2_CSRSR1,2025-07-03 17:30:00,18.1,3600
MTR-002083,RSMNDS_2_CSRSR1,2025-07-03 18:30:00,6.0,3600
MTR-002084,RSMNDS_2_CSRSR1,2025-07-03 19:30:00,0.0,3600
MTR-002085,RSMNDS_2_CSRSR1,2025-07-03 20:30:00,0.0,3600
MTR-002086,RSMNDS_2_CSRSR1,2025-07-03 21:30:00,0.0,3600
MTR-002087,RSMNDS_2_CSRSR1,2025-07-03 22:30:00,0.0,3600
MTR-002088,RSMNDS_2_CSRSR1,2025-07-03 23:30:00,0.0,3600
MTR-002089,RSMNDS_2_CSRSR1,2025-07-04 00:30:00,0.0,3600
MTR-002090,RSMNDS_2_CSRSR1,2025-07-04 01:30:00,0.0,3600
MTR-002091,RSMNDS_2_CSRSR1,2025-07-04 02:30:00,0.0,3600
MTR-002092,RSMNDS_2_CSRSR1,2025-07-04 03:30:00,0.0,3600
MTR-002093,RSMNDS_2_CSRSR1,2025-07-04 04:30:00,0.0,3600
MTR-002094,RSMNDS_2_CSRSR1,2025-07-04 05:30:00,0.0,3600
MTR-002095,RSMNDS_2_CSRSR1,2025-07-04 06:30:00,7.1,3600
MTR-002096,RSMNDS_2_CSRSR1,2025-07-04 07:30:00,17.1,3600
MTR-002097,RSMNDS_2_CSRSR1,2025-07-04 08:30:00,26.9,3600
MTR-002098,RSMNDS_2_CSRSR1,2025-07-04 09:30:00,47.9,3600
MTR-002099,RSMNDS_2_CSRSR1,2025-07-04 10:30:00,52.4,3600
MTR-002100,RSMNDS_2_CSRSR1,2025-07-04 11:30:00,52.1,3600
MTR-002101,RSMNDS_2_CSRSR1,2025-07-04 12:30:00,58.3,3600
MTR-002102,RSMNDS_2_CSRSR1,2025-07-04 13:30:00,66.2,3600
MTR-002103,RSMNDS_2_CSRSR1,2025-07-04 14:30:00,47.7,3600
MTR-002104,RSMNDS_2_CSRSR1,2025-07-04 15:30:00,34.0,3600
MTR-002105,RSMNDS_2_CSRSR1,2025-07-04 16:30:00,29.7,3600
MTR-002106,RSMNDS_2_CSRSR1,2025-07-04 17:30:00,16.8,3600
MTR-002107,RSMNDS_2_CSRSR1,2025-07-04 18:30:00,6.1,3600
MTR-002108,RSMNDS_2_CSRSR1,2025-07-04 19:30:00,0.0,3600
MTR-002109,RSMNDS_2_CSRSR1,2025-07-04 20:30:00,0.0,3600
MTR-002110,RSMNDS_2_CSRSR1,2025-07-04 21:30:00,0.0,3600
MTR-002111,RSMNDS_2_CSRSR1,2025-07-04 22:30:00,0.0,3600
MTR-002112,RSMNDS_2_CSRSR1,2025-07-04 23:30:00,0.0,3600
MTR-002113,RSMNDS_2_CSRSR1,2025-07-05 00:30:00,0.0,3600
MTR-002114,RSMNDS_2_CSRSR1,2025-07-05 01:30:00,0.0,3600
MTR-002115,RSMNDS_2_CSRSR1,2025-07-05 02:30:00,0.0,3600
MTR-002116,RSMNDS_2_CSRSR1,2025-07-05 03:30:00,0.0,3600
MTR-002117,RSMNDS_2_CSRSR1,2025-07-05 04:30:00,0.0,3600
MTR-002118,RSMNDS_2_CSRSR1,2025-07-05 05:30:00,0.0,3600
MTR-002119,RSMNDS_2_CSRSR1,2025-07-05 06:30:00,5.5,3600
MTR-002120,RSMNDS_2_CSRSR1,2025-07-05 07:30:00,14.8,3600
MTR-002121,RSMNDS_2_CSRSR1,2025-07-05 08:30:00,25.3,3600
MTR-002122,RSMNDS_2_CSRSR1,2025-07-05 09:30:00,46.1,3600
MTR-002123,RSMNDS_2_CSRSR1,2025-07-05 10:30:00,57.0,3600
MTR-002124,RSMNDS_2_CSRSR1,2025-07-05 11:30:00,53.9,3600
MTR-002125,RSMNDS_2_CSRSR1,2025-07-05 12:30:00,69.3,3600
MTR-002126,RSMNDS_2_CSRSR1,2025-07-05 13:30:00,56.2,3600
MTR-002127,RSMNDS_2_CSRSR1,2025-07-05 14:30:00,55.6,3600
MTR-002128,RSMNDS_2_CSRSR1,2025-07-05 15:30:00,42.0,3600
MTR-002129,RSMNDS_2_CSRSR1,2025-07-05 16:30:00,28.7,3600
MTR-002130,RSMNDS_2_CSRSR1,2025-07-05 17:30:00,15.1,3600
MTR-002131,RSMNDS_2_CSRSR1,2025-07-05 18:30:00,6.3,3600
MTR-002132,RSMNDS_2_CSRSR1,2025-07-05 19:30:00,0.0,3600
MTR-002133,RSMNDS_2_CSRSR1,2025-07-05 20:30:00,0.0,3600
MTR-002134,RSMNDS_2_CSRSR1,2025-07-05 21:30:00,0.0,3600
MTR-002135,RSMNDS_2_CSRSR1,2025-07-05 22:30:00,0.0,3600
MTR-002136,RSMNDS_2_CSRSR1,2025-07-05 23:30:00,0.0,3600
MTR-002137,RSMNDS_2_CSRSR1,2025-07-06 00:30:00,0.0,3600
MTR-002138,RSMNDS_2_CSRSR1,2025-07-06 01:30:00,0.0,3600
MTR-002139,RSMNDS_2_CSRSR1,2025-07-06 02:30:00,0.0,3600
MTR-002140,RSMNDS_2_CSRSR1,2025-07-06 03:30:00,0.0,3600
MTR-002141,RSMNDS_2_CSRSR1,2025-07-06 04:30:00,0.0,3600
MTR-002142,RSMNDS_2_CSRSR1,2025-07-06 05:30:00,0.0,3600
MTR-002143,RSMNDS_2_CSRSR1,2025-07-06 06:30:00,5.6,3600
MTR-002144,RSMNDS_2_CSRSR1,2025-07-06 07:30:00,15.0,3600
MTR-002145,RSMNDS_2_CSRSR1,2025-07-06 08:30:00,31.2,3600
MTR-002146,RSMNDS_2_CSRSR1,2025-07-06 09:30:00,42.2,3600
MTR-002147,RSMNDS_2_CSRSR1,2025-07-06 10:30:00,46.0,3600
MTR-002148,RSMNDS_2_CSRSR1,2025-07-06 11:30:00,60.6,3600
MTR-002149,RSMNDS_2_CSRSR1,2025-07-06 12:30:00,52.7,3600
MTR-002150,RSMNDS_2_CSRSR1,2025-07-06 13:30:00,49.3,3600
MTR-002151,RSMNDS_2_CSRSR1,2025-07-06 14:30:00,62.6,3600
MTR-002152,RSMNDS_2_CSRSR1,2025-07-06 15:30:00,39.6,3600
MTR-002153,RSMNDS_2_CSRSR1,2025-07-06 16:30:00,26.5,3600
MTR-002154,RSMNDS_2_CSRSR1,2025-07-06 17:30:00,16.9,3600
MTR-002155,RSMNDS_2_CSRSR1,2025-07-06 18:30:00,6.7,3600
MTR-002156,RSMNDS_2_CSRSR1,2025-07-06 19:30:00,0.0,3600
MTR-002157,RSMNDS_2_CSRSR1,2025-07-06 20:30:00,0.0,3600
MTR-002158,RSMNDS_2_CSRSR1,2025-07-06 21:30:00,0.0,3600
MTR-002159,RSMNDS_2_CSRSR1,2025-07-06 22:30:00,0.0,3600
MTR-002160,RSMNDS_2_CSRSR1,2025-07-06 23:30:00,0.0,3600
MTR-002161,RSMNDS_2_CSRSR1,2025-07-07 00:30:00,0.0,3600
MTR-002162,RSMNDS_2_CSRSR1,2025-07-07 01:30:00,0.0,3600
MTR-002163,RSMNDS_2_CSRSR1,2025-07-07 02:30:00,0.0,3600
MTR-002164,RSMNDS_2_CSRSR1,2025-07-07 03:30:00,0.0,3600
MTR-002165,RSMNDS_2_CSRSR1,2025-07-07 04:30:00,0.0,3600
MTR-002166,RSMNDS_2_CSRSR1,2025-07-07 05:30:00,0.0,3600
MTR-002167,RSMNDS_2_CSRSR1,2025-07-07 06:30:00,6.8,3600
MTR-002168,RSMNDS_2_CSRSR1,2025-07-07 07:30:00,15.8,3600
MTR-002169,RSMNDS_2_CSRSR1,2025-07-07 08:30:00,32.0,3600
MTR-002170,RSMNDS_2_CSRSR1,2025-07-07 09:30:00,39.1,3600
MTR-002171,RSMNDS_2_CSRSR1,2025-07-07 10:30:00,51.4,3600
MTR-002172,RSMNDS_2_CSRSR1,2025-07-07 11:30:00,64.6,3600
MTR-002173,RSMNDS_2_CSRSR1,2025-07-07 12:30:00,72.6,3600
MTR-002174,RSMNDS_2_CSRSR1,2025-07-07 13:30:00,48.6,3600
MTR-002175,RSMNDS_2_CSRSR1,2025-07-07 14:30:00,53.0,3600
MTR-002176,RSMNDS_2_CSRSR1,2025-07-07 15:30:00,38.2,3600
MTR-002177,RSMNDS_2_CSRSR1,2025-07-07 16:30:00,29.2,3600
MTR-002178,RSMNDS_2_CSRSR1,2025-07-07 17:30:00,16.4,3600
MTR-002179,RSMNDS_2_CSRSR1,2025-07-07 18:30:00,5.1,3600
MTR-002180,RSMNDS_2_CSRSR1,2025-07-07 19:30:00,0.0,3600
MTR-002181,RSMNDS_2_CSRSR1,2025-07-07 20:30:00,0.0,3600
MTR-002182,RSMNDS_2_CSRSR1,2025-07-07 21:30:00,0.0,3600
MTR-002183,RSMNDS_2_CSRSR1,2025-07-07 22:30:00,0.0,3600
MTR-002184,RSMNDS_2_CSRSR1,2025-07-07 23:30:00,0.0,3600
MTR-002185,SANDRN_2_SS1BT1,2025-07-01 00:30:00,-21.8,3600
MTR-002186,SANDRN_2_SS1BT1,2025-07-01 01:30:00,-28.5,3600
MTR-002187,SANDRN_2_SS1BT1,2025-07-01 02:30:00,-58.4,3600
MTR-002188,SANDRN_2_SS1BT1,2025-07-01 03:30:00,-20.1,3600
MTR-002189,SANDRN_2_SS1BT1,2025-07-01 04:30:00,-39.9,3600
MTR-002190,SANDRN_2_SS1BT1,2025-07-01 05:30:00,-44.4,3600
MTR-002191,SANDRN_2_SS1BT1,2025-07-01 06:30:00,-53.6,3600
MTR-002192,SANDRN_2_SS1BT1,2025-07-01 07:30:00,-46.9,3600
MTR-002193,SANDRN_2_SS1BT1,2025-07-01 08:30:00,-2.4,3600
MTR-002194,SANDRN_2_SS1BT1,2025-07-01 09:30:00,-3.9,3600
MTR-002195,SANDRN_2_SS1BT1,2025-07-01 10:30:00,-3.6,3600
MTR-002196,SANDRN_2_SS1BT1,2025-07-01 11:30:00,5.9,3600
MTR-002197,SANDRN_2_SS1BT1,2025-07-01 12:30:00,1.1,3600
MTR-002198,SANDRN_2_SS1BT1,2025-07-01 13:30:00,-4.9,3600
MTR-002199,SANDRN_2_SS1BT1,2025-07-01 14:30:00,9.8,3600
MTR-002200,SANDRN_2_SS1BT1,2025-07-01 15:30:00,4.9,3600
MTR-002201,SANDRN_2_SS1BT1,2025-07-01 16:30:00,73.0,3600
MTR-002202,SANDRN_2_SS1BT1,2025-07-01 17:30:00,78.1,3600
MTR-002203,SANDRN_2_SS1BT1,2025-07-01 18:30:00,81.3,3600
MTR-002204,SANDRN_2_SS1BT1,2025-07-01 19:30:00,89.9,3600
MTR-002205,SANDRN_2_SS1BT1,2025-07-01 20:30:00,54.5,3600
MTR-002206,SANDRN_2_SS1BT1,2025-07-01 21:30:00,41.7,3600
MTR-002207,SANDRN_2_SS1BT1,2025-07-01 22:30:00,1.8,3600
MTR-002208,SANDRN_2_SS1BT1,2025-07-01 23:30:00,-8.0,3600
MTR-002209,SANDRN_2_SS1BT1,2025-07-02 00:30:00,-55.1,3600
MTR-002210,SANDRN_2_SS1BT1,2025-07-02 01:30:00,-48.0,3600
MTR-002211,SANDRN_2_SS1BT1,2025-07-02 02:30:00,-43.7,3600
MTR-002212,SANDRN_2_SS1BT1,2025-07-02 03:30:00,-28.1,3600
MTR-002213,SANDRN_2_SS1BT1,2025-07-02 04:30:00,-27.6,3600
MTR-002214,SANDRN_2_SS1BT1,2025-07-02 05:30:00,-47.5,3600
MTR-002215,SANDRN_2_SS1BT1,2025-07-02 06:30:00,-53.0,3600
MTR-002216,SANDRN_2_SS1BT1,2025-07-02 07:30:00,-59.6,3600
MTR-002217,SANDRN_2_SS1BT1,2025-07-02 08:30:00,-7.9,3600
MTR-002218,SANDRN_2_SS1BT1,2025-07-02 09:30:00,0.3,3600
MTR-002219,SANDRN_2_SS1BT1,2025-07-02 10:30:00,-1.9,3600
MTR-002220,SANDRN_2_SS1BT1,2025-07-02 11:30:00,3.9,3600
MTR-002221,SANDRN_2_SS1BT1,2025-07-02 12:30:00,3.2,3600
MTR-002222,SANDRN_2_SS1BT1,2025-07-02 13:30:00,1.7,3600
MTR-002223,SANDRN_2_SS1BT1,2025-07-02 14:30:00,-0.5,3600
MTR-002224,SANDRN_2_SS1BT1,2025-07-02 15:30:00,5.0,3600
MTR-002225,SANDRN_2_SS1BT1,2025-07-02 16:30:00,42.9,3600
MTR-002226,SANDRN_2_SS1BT1,2025-07-02 17:30:00,75.1,3600
MTR-002227,SANDRN_2_SS1BT1,2025-07-02 18:30:00,79.4,3600
MTR-002228,SANDRN_2_SS1BT1,2025-07-02 19:30:00,54.1,3600
MTR-002229,SANDRN_2_SS1BT1,2025-07-02 20:30:00,46.5,3600
MTR-002230,SANDRN_2_SS1BT1,2025-07-02 21:30:00,83.9,3600
MTR-002231,SANDRN_2_SS1BT1,2025-07-02 22:30:00,0.6,3600
MTR-002232,SANDRN_2_SS1BT1,2025-07-02 23:30:00,9.6,3600
MTR-002233,SANDRN_2_SS1BT1,2025-07-03 00:30:00,-47.5,3600
MTR-002234,SANDRN_2_SS1BT1,2025-07-03 01:30:00,-59.2,3600
MTR-002235,SANDRN_2_SS1BT1,2025-07-03 02:30:00,-52.2,3600
MTR-002236,SANDRN_2_SS1BT1,2025-07-03 03:30:00,-50.7,3600
MTR-002237,SANDRN_2_SS1BT1,2025-07-03 04:30:00,-51.6,3600
MTR-002238,SANDRN_2_SS1BT1,2025-07-03 05:30:00,-36.5,3600
MTR-002239,SANDRN_2_SS1BT1,2025-07-03 06:30:00,-47.7,3600
MTR-002240,SANDRN_2_SS1BT1,2025-07-03 07:30:00,-52.7,3600
MTR-002241,SANDRN_2_SS1BT1,2025-07-03 08:30:00,5.9,3600
MTR-002242,SANDRN_2_SS1BT1,2025-07-03 09:30:00,6.8,3600
MTR-002243,SANDRN_2_SS1BT1,2025-07-03 10:30:00,0.7,3600
MTR-002244,SANDRN_2_SS1BT1,2025-07-03 11:30:00,9.5,3600
MTR-002245,SANDRN_2_SS1BT1,2025-07-03 12:30:00,-4.2,3600
MTR-002246,SANDRN_2_SS1BT1,2025-07-03 13:30:00,0.5,3600
MTR-002247,SANDRN_2_SS1BT1,2025-07-03 14:30:00,-3.3,3600
MTR-002248,SANDRN_2_SS1BT1,2025-07-03 15:30:00,-7.1,3600
MTR-002249,SANDRN_2_SS1BT1,2025-07-03 16:30:00,44.9,3600
MTR-002250,SANDRN_2_SS1BT1,2025-07-03 17:30:00,75.4,3600
MTR-002251,SANDRN_2_SS1BT1,2025-07-03 18:30:00,48.0,3600
MTR-002252,SANDRN_2_SS1BT1,2025-07-03 19:30:00,60.7,3600
MTR-002253,SANDRN_2_SS1BT1,2025-07-03 20:30:00,71.5,3600
MTR-002254,SANDRN_2_SS1BT1,2025-07-03 21:30:00,55.9,3600
MTR-002255,SANDRN_2_SS1BT1,2025-07-03 22:30:00,4.5,3600
MTR-002256,SANDRN_2_SS1BT1,2025-07-03 23:30:00,1.1,3600
MTR-002257,SANDRN_2_SS1BT1,2025-07-04 00:30:00,-50.2,3600
MTR-002258,SANDRN_2_SS1BT1,2025-07-04 01:30:00,-55.7,3600
MTR-002259,SANDRN_2_SS1BT1,2025-07-04 02:30:00,-31.6,3600
MTR-002260,SANDRN_2_SS1BT1,2025-07-04 03:30:00,-38.7,3600
MTR-002261,SANDRN_2_SS1BT1,2025-07-04 04:30:00,-40.4,3600
MTR-002262,SANDRN_2_SS1BT1,2025-07-04 05:30:00,-55.7,3600
MTR-002263,SANDRN_2_SS1BT1,2025-07-04 06:30:00,-56.7,3600
MTR-002264,SANDRN_2_SS1BT1,2025-07-04 07:30:00,-48.7,3600
MTR-002265,SANDRN_2_SS1BT1,2025-07-04 08:30:00,1.3,3600
MTR-002266,SANDRN_2_SS1BT1,2025-07-04 09:30:00,-3.1,3600
MTR-002267,SANDRN_2_SS1BT1,2025-07-04 10:30:00,-5.0,3600
MTR-002268,SANDRN_2_SS1BT1,2025-07-04 11:30:00,7.6,3600
MTR-002269,SANDRN_2_SS1BT1,2025-07-04 12:30:00,1.7,3600
MTR-002270,SANDRN_2_SS1BT1,2025-07-04 13:30:00,-2.3,3600
MTR-002271,SANDRN_2_SS1BT1,2025-07-04 14:30:00,2.7,3600
MTR-002272,SANDRN_2_SS1BT1,2025-07-04 15:30:00,-2.8,3600
MTR-002273,SANDRN_2_SS1BT1,2025-07-04 16:30:00,67.0,3600
MTR-002274,SANDRN_2_SS1BT1,2025-07-04 17:30:00,61.4,3600
MTR-002275,SANDRN_2_SS1BT1,2025-07-04 18:30:00,79.4,3600
MTR-002276,SANDRN_2_SS1BT1,2025-07-04 19:30:00,83.9,3600
MTR-002277,SANDRN_2_SS1BT1,2025-07-04 20:30:00,57.3,3600
MTR-002278,SANDRN_2_SS1BT1,2025-07-04 21:30:00,75.1,3600
MTR-002279,SANDRN_2_SS1BT1,2025-07-04 22:30:00,6.6,3600
MTR-002280,SANDRN_2_SS1BT1,2025-07-04 23:30:00,8.3,3600
MTR-002281,SANDRN_2_SS1BT1,2025-07-05 00:30:00,-56.4,3600
MTR-002282,SANDRN_2_SS1BT1,2025-07-05 01:30:00,-21.8,3600
MTR-002283,SANDRN_2_SS1BT1,2025-07-05 02:30:00,-44.7,3600
MTR-002284,SANDRN_2_SS1BT1,2025-07-05 03:30:00,-23.1,3600
MTR-002285,SANDRN_2_SS1BT1,2025-07-05 04:30:00,-45.5,3600
MTR-002286,SANDRN_2_SS1BT1,2025-07-05 05:30:00,-21.0,3600
MTR-002287,SANDRN_2_SS1BT1,2025-07-05 06:30:00,-21.4,3600
MTR-002288,SANDRN_2_SS1BT1,2025-07-05 07:30:00,-21.4,3600
MTR-002289,SANDRN_2_SS1BT1,2025-07-05 08:30:00,8.0,3600
MTR-002290,SANDRN_2_SS1BT1,2025-07-05 09:30:00,-3.8,3600
MTR-002291,SANDRN_2_SS1BT1,2025-07-05 10:30:00,-1.1,3600
MTR-002292,SANDRN_2_SS1BT1,2025-07-05 11:30:00,-1.2,3600
MTR-002293,SANDRN_2_SS1BT1,2025-07-05 12:30:00,7.4,3600
MTR-002294,SANDRN_2_SS1BT1,2025-07-05 13:30:00,-1.4,3600
MTR-002295,SANDRN_2_SS1BT1,2025-07-05 14:30:00,-0.1,3600
MTR-002296,SANDRN_2_SS1BT1,2025-07-05 15:30:00,-8.2,3600
MTR-002297,SANDRN_2_SS1BT1,2025-07-05 16:30:00,79.0,3600
MTR-002298,SANDRN_2_SS1BT1,2025-07-05 17:30:00,62.9,3600
MTR-002299,SANDRN_2_SS1BT1,2025-07-05 18:30:00,80.0,3600
MTR-002300,SANDRN_2_SS1BT1,2025-07-05 19:30:00,57.4,3600
MTR-002301,SANDRN_2_SS1BT1,2025-07-05 20:30:00,54.9,3600
MTR-002302,SANDRN_2_SS1BT1,2025-07-05 21:30:00,52.8,3600
MTR-002303,SANDRN_2_SS1BT1,2025-07-05 22:30:00,-4.0,3600
MTR-002304,SANDRN_2_SS1BT1,2025-07-05 23:30:00,6.7,3600
MTR-002305,SANDRN_2_SS1BT1,2025-07-06 00:30:00,-33.2,3600
MTR-002306,SANDRN_2_SS1BT1,2025-07-06 01:30:00,-50.8,3600
MTR-002307,SANDRN_2_SS1BT1,2025-07-06 02:30:00,-50.7,3600
MTR-002308,SANDRN_2_SS1BT1,2025-07-06 03:30:00,-46.5,3600
MTR-002309,SANDRN_2_SS1BT1,2025-07-06 04:30:00,-55.2,3600
MTR-002310,SANDRN_2_SS1BT1,2025-07-06 05:30:00,-23.1,3600
MTR-002311,SANDRN_2_SS1BT1,2025-07-06 06:30:00,-36.2,3600
MTR-002312,SANDRN_2_SS1BT1,2025-07-06 07:30:00,-39.4,3600
MTR-002313,SANDRN_2_SS1BT1,2025-07-06 08:30:00,-9.2,3600
MTR-002314,SANDRN_2_SS1BT1,2025-07-06 09:30:00,-4.9,3600
MTR-002315,SANDRN_2_SS1BT1,2025-07-06 10:30:00,1.5,3600
MTR-002316,SANDRN_2_SS1BT1,2025-07-06 11:30:00,-2.0,3600
MTR-002317,SANDRN_2_SS1BT1,2025-07-06 12:30:00,-8.5,3600
MTR-002318,SANDRN_2_SS1BT1,2025-07-06 13:30:00,-5.3,3600
MTR-002319,SANDRN_2_SS1BT1,2025-07-06 14:30:00,8.2,3600
MTR-002320,SANDRN_2_SS1BT1,2025-07-06 15:30:00,-0.3,3600
MTR-002321,SANDRN_2_SS1BT1,2025-07-06 16:30:00,87.2,3600
MTR-002322,SANDRN_2_SS1BT1,2025-07-06 17:30:00,43.3,3600
MTR-002323,SANDRN_2_SS1BT1,2025-07-06 18:30:00,50.5,3600
MTR-002324,SANDRN_2_SS1BT1,2025-07-06 19:30:00,40.8,3600
MTR-002325,SANDRN_2_SS1BT1,2025-07-06 20:30:00,71.7,3600
MTR-002326,SANDRN_2_SS1BT1,2025-07-06 21:30:00,50.5,3600
MTR-002327,SANDRN_2_SS1BT1,2025-07-06 22:30:00,6.5,3600
MTR-002328,SANDRN_2_SS1BT1,2025-07-06 23:30:00,9.6,3600
MTR-002329,SANDRN_2_SS1BT1,2025-07-07 00:30:00,-32.4,3600
MTR-002330,SANDRN_2_SS1BT1,2025-07-07 01:30:00,-50.9,3600
MTR-002331,SANDRN_2_SS1BT1,2025-07-07 02:30:00,-52.5,3600
MTR-002332,SANDRN_2_SS1BT1,2025-07-07 03:30:00,-22.4,3600
MTR-002333,SANDRN_2_SS1BT1,2025-07-07 04:30:00,-54.9,3600
MTR-002334,SANDRN_2_SS1BT1,2025-07-07 05:30:00,-26.4,3600
MTR-002335,SANDRN_2_SS1BT1,2025-07-07 06:30:00,-27.2,3600
MTR-002336,SANDRN_2_SS1BT1,2025-07-07 07:30:00,-26.8,3600
MTR-002337,SANDRN_2_SS1BT1,2025-07-07 08:30:00,9.9,3600
MTR-002338,SANDRN_2_SS1BT1,2025-07-07 09:30:00,-7.2,3600
MTR-002339,SANDRN_2_SS1BT1,2025-07-07 10:30:00,3.0,3600
MTR-002340,SANDRN_2_SS1BT1,2025-07-07 11:30:00,-8.3,3600
MTR-002341,SANDRN_2_SS1BT1,2025-07-07 12:30:00,4.2,3600
MTR-002342,SANDRN_2_SS1BT1,2025-07-07 13:30:00,9.2,3600
MTR-002343,SANDRN_2_SS1BT1,2025-07-07 14:30:00,3.6,3600
MTR-002344,SANDRN_2_SS1BT1,2025-07-07 15:30:00,-2.1,3600
MTR-002345,SANDRN_2_SS1BT1,2025-07-07 16:30:00,48.8,3600
MTR-002346,SANDRN_2_SS1BT1,2025-07-07 17:30:00,42.1,3600
MTR-002347,SANDRN_2_SS1BT1,2025-07-07 18:30:00,46.0,3600
MTR-002348,SANDRN_2_SS1BT1,2025-07-07 19:30:00,47.0,3600
MTR-002349,SANDRN_2_SS1BT1,2025-07-07 20:30:00,81.1,3600
MTR-002350,SANDRN_2_SS1BT1,2025-07-07 21:30:00,59.2,3600
MTR-002351,SANDRN_2_SS1BT1,2025-07-07 22:30:00,-2.6,3600
MTR-002352,SANDRN_2_SS1BT1,2025-07-07 23:30:00,-6.2,3600
MTR-002353,SANDRN_2_SS1SR1,2025-07-01 00:30:00,0.0,3600
MTR-002354,SANDRN_2_SS1SR1,2025-07-01 01:30:00,0.0,3600
MTR-002355,SANDRN_2_SS1SR1,2025-07-01 02:30:00,0.0,3600
MTR-002356,SANDRN_2_SS1SR1,2025-07-01 03:30:00,0.0,3600
MTR-002357,SANDRN_2_SS1SR1,2025-07-01 04:30:00,0.0,3600
MTR-002358,SANDRN_2_SS1SR1,2025-07-01 05:30:00,0.0,3600
MTR-002359,SANDRN_2_SS1SR1,2025-07-01 06:30:00,5.4,3600
MTR-002360,SANDRN_2_SS1SR1,2025-07-01 07:30:00,17.3,3600
MTR-002361,SANDRN_2_SS1SR1,2025-07-01 08:30:00,32.2,3600
MTR-002362,SANDRN_2_SS1SR1,2025-07-01 09:30:00,37.4,3600
MTR-002363,SANDRN_2_SS1SR1,2025-07-01 10:30:00,47.2,3600
MTR-002364,SANDRN_2_SS1SR1,2025-07-01 11:30:00,58.7,3600
MTR-002365,SANDRN_2_SS1SR1,2025-07-01 12:30:00,51.8,3600
MTR-002366,SANDRN_2_SS1SR1,2025-07-01 13:30:00,53.1,3600
MTR-002367,SANDRN_2_SS1SR1,2025-07-01 14:30:00,55.1,3600
MTR-002368,SANDRN_2_SS1SR1,2025-07-01 15:30:00,34.3,3600
MTR-002369,SANDRN_2_SS1SR1,2025-07-01 16:30:00,26.4,3600
MTR-002370,SANDRN_2_SS1SR1,2025-07-01 17:30:00,14.5,3600
MTR-002371,SANDRN_2_SS1SR1,2025-07-01 18:30:00,5.7,3600
MTR-002372,SANDRN_2_SS1SR1,2025-07-01 19:30:00,0.0,3600
MTR-002373,SANDRN_2_SS1SR1,2025-07-01 20:30:00,0.0,3600
MTR-002374,SANDRN_2_SS1SR1,2025-07-01 21:30:00,0.0,3600
MTR-002375,SANDRN_2_SS1SR1,2025-07-01 22:30:00,0.0,3600
MTR-002376,SANDRN_2_SS1SR1,2025-07-01 23:30:00,0.0,3600
MTR-002377,SANDRN_2_SS1SR1,2025-07-02 00:30:00,0.0,3600
MTR-002378,SANDRN_2_SS1SR1,2025-07-02 01:30:00,0.0,3600
MTR-002379,SANDRN_2_SS1SR1,2025-07-02 02:30:00,0.0,3600
MTR-002380,SANDRN_2_SS1SR1,2025-07-02 03:30:00,0.0,3600
MTR-002381,SANDRN_2_SS1SR1,2025-07-02 04:30:00,0.0,3600
MTR-002382,SANDRN_2_SS1SR1,2025-07-02 05:30:00,0.0,3600
MTR-002383,SANDRN_2_SS1SR1,2025-07-02 06:30:00,6.1,3600
MTR-002384,SANDRN_2_SS1SR1,2025-07-02 07:30:00,14.2,3600
MTR-002385,SANDRN_2_SS1SR1,2025-07-02 08:30:00,24.8,3600
MTR-002386,SANDRN_2_SS1SR1,2025-07-02 09:30:00,44.1,3600
MTR-002387,SANDRN_2_SS1SR1,2025-07-02 10:30:00,50.2,3600
MTR-002388,SANDRN_2_SS1SR1,2025-07-02 11:30:00,52.1,3600
MTR-002389,SANDRN_2_SS1SR1,2025-07-02 12:30:00,62.8,3600
MTR-002390,SANDRN_2_SS1SR1,2025-07-02 13:30:00,50.5,3600
MTR-002391,SANDRN_2_SS1SR1,2025-07-02 14:30:00,45.9,3600
MTR-002392,SANDRN_2_SS1SR1,2025-07-02 15:30:00,37.3,3600
MTR-002393,SANDRN_2_SS1SR1,2025-07-02 16:30:00,28.9,3600
MTR-002394,SANDRN_2_SS1SR1,2025-07-02 17:30:00,15.5,3600
MTR-002395,SANDRN_2_SS1SR1,2025-07-02 18:30:00,6.7,3600
MTR-002396,SANDRN_2_SS1SR1,2025-07-02 19:30:00,0.0,3600
MTR-002397,SANDRN_2_SS1SR1,2025-07-02 20:30:00,0.0,3600
MTR-002398,SANDRN_2_SS1SR1,2025-07-02 21:30:00,0.0,3600
MTR-002399,SANDRN_2_SS1SR1,2025-07-02 22:30:00,0.0,3600
MTR-002400,SANDRN_2_SS1SR1,2025-07-02 23:30:00,0.0,3600
MTR-002401,SANDRN_2_SS1SR1,2025-07-03 00:30:00,0.0,3600
MTR-002402,SANDRN_2_SS1SR1,2025-07-03 01:30:00,0.0,3600
MTR-002403,SANDRN_2_SS1SR1,2025-07-03 02:30:00,0.0,3600
MTR-002404,SANDRN_2_SS1SR1,2025-07-03 03:30:00,0.0,3600
MTR-002405,SANDRN_2_SS1SR1,2025-07-03 04:30:00,0.0,3600
MTR-002406,SANDRN_2_SS1SR1,2025-07-03 05:30:00,0.0,3600
MTR-002407,SANDRN_2_SS1SR1,2025-07-03 06:30:00,5.7,3600
MTR-002408,SANDRN_2_SS1SR1,2025-07-03 07:30:00,15.4,3600
MTR-002409,SANDRN_2_SS1SR1,2025-07-03 08:30:00,29.8,3600
MTR-002410,SANDRN_2_SS1SR1,2025-07-03 09:30:00,50.3,3600
MTR-002411,SANDRN_2_SS1SR1,2025-07-03 10:30:00,51.4,3600
MTR-002412,SANDRN_2_SS1SR1,2025-07-03 11:30:00,63.4,3600
MTR-002413,SANDRN_2_SS1SR1,2025-07-03 12:30:00,52.9,3600
MTR-002414,SANDRN_2_SS1SR1,2025-07-03 13:30:00,50.6,3600
MTR-002415,SANDRN_2_SS1SR1,2025-07-03 14:30:00,42.7,3600
MTR-002416,SANDRN_2_SS1SR1,2025-07-03 15:30:00,40.9,3600
MTR-002417,SANDRN_2_SS1SR1,2025-07-03 16:30:00,25.4,3600
MTR-002418,SANDRN_2_SS1SR1,2025-07-03 17:30:00,13.9,3600
MTR-002419,SANDRN_2_SS1SR1,2025-07-03 18:30:00,7.1,3600
MTR-002420,SANDRN_2_SS1SR1,2025-07-03 19:30:00,0.0,3600
MTR-002421,SANDRN_2_SS1SR1,2025-07-03 20:30:00,0.0,3600
MTR-002422,SANDRN_2_SS1SR1,2025-07-03 21:30:00,0.0,3600
MTR-002423,SANDRN_2_SS1SR1,2025-07-03 22:30:00,0.0,3600
MTR-002424,SANDRN_2_SS1SR1,2025-07-03 23:30:00,0.0,3600
MTR-002425,SANDRN_2_SS1SR1,2025-07-04 00:30:00,0.0,3600
MTR-002426,SANDRN_2_SS1SR1,2025-07-04 01:30:00,0.0,3600
MTR-002427,SANDRN_2_SS1SR1,2025-07-04 02:30:00,0.0,3600
MTR-002428,SANDRN_2_SS1SR1,2025-07-04 03:30:00,0.0,3600
MTR-002429,SANDRN_2_SS1SR1,2025-07-04 04:30:00,0.0,3600
MTR-002430,SANDRN_2_SS1SR1,2025-07-04 05:30:00,0.0,3600
MTR-002431,SANDRN_2_SS1SR1,2025-07-04 06:30:00,6.0,3600
MTR-002432,SANDRN_2_SS1SR1,2025-07-04 07:30:00,15.6,3600
MTR-002433,SANDRN_2_SS1SR1,2025-07-04 08:30:00,30.1,3600
MTR-002434,SANDRN_2_SS1SR1,2025-07-04 09:30:00,39.7,3600
MTR-002435,SANDRN_2_SS1SR1,2025-07-04 10:30:00,43.9,3600
MTR-002436,SANDRN_2_SS1SR1,2025-07-04 11:30:00,61.2,3600
MTR-002437,SANDRN_2_SS1SR1,2025-07-04 12:30:00,66.9,3600
MTR-002438,SANDRN_2_SS1SR1,2025-07-04 13:30:00,53.6,3600
MTR-002439,SANDRN_2_SS1SR1,2025-07-04 14:30:00,46.3,3600
MTR-002440,SANDRN_2_SS1SR1,2025-07-04 15:30:00,45.5,3600
MTR-002441,SANDRN_2_SS1SR1,2025-07-04 16:30:00,27.7,3600
MTR-002442,SANDRN_2_SS1SR1,2025-07-04 17:30:00,16.9,3600
MTR-002443,SANDRN_2_SS1SR1,2025-07-04 18:30:00,5.7,3600
MTR-002444,SANDRN_2_SS1SR1,2025-07-04 19:30:00,0.0,3600
MTR-002445,SANDRN_2_SS1SR1,2025-07-04 20:30:00,0.0,3600
MTR-002446,SANDRN_2_SS1SR1,2025-07-04 21:30:00,0.0,3600
MTR-002447,SANDRN_2_SS1SR1,2025-07-04 22:30:00,0.0,3600
MTR-002448,SANDRN_2_SS1SR1,2025-07-04 23:30:00,0.0,3600
MTR-002449,SANDRN_2_SS1SR1,2025-07-05 00:30:00,0.0,3600
MTR-002450,SANDRN_2_SS1SR1,2025-07-05 01:30:00,0.0,3600
MTR-002451,SANDRN_2_SS1SR1,2025-07-05 02:30:00,0.0,3600
MTR-002452,SANDRN_2_SS1SR1,2025-07-05 03:30:00,0.0,3600
MTR-002453,SANDRN_2_SS1SR1,2025-07-05 04:30:00,0.0,3600
MTR-002454,SANDRN_2_SS1SR1,2025-07-05 05:30:00,0.0,3600
MTR-002455,SANDRN_2_SS1SR1,2025-07-05 06:30:00,6.6,3600
MTR-002456,SANDRN_2_SS1SR1,2025-07-05 07:30:00,15.2,3600
MTR-002457,SANDRN_2_SS1SR1,2025-07-05 08:30:00,27.9,3600
MTR-002458,SANDRN_2_SS1SR1,2025-07-05 09:30:00,45.9,3600
MTR-002459,SANDRN_2_SS1SR1,2025-07-05 10:30:00,52.5,3600
MTR-002460,SANDRN_2_SS1SR1,2025-07-05 11:30:00,47.7,3600
MTR-002461,SANDRN_2_SS1SR1,2025-07-05 12:30:00,59.5,3600
MTR-002462,SANDRN_2_SS1SR1,2025-07-05 13:30:00,61.7,3600
MTR-002463,SANDRN_2_SS1SR1,2025-07-05 14:30:00,52.5,3600
MTR-002464,SANDRN_2_SS1SR1,2025-07-05 15:30:00,40.6,3600
MTR-002465,SANDRN_2_SS1SR1,2025-07-05 16:30:00,26.9,3600
MTR-002466,SANDRN_2_SS1SR1,2025-07-05 17:30:00,18.4,3600
MTR-002467,SANDRN_2_SS1SR1,2025-07-05 18:30:00,6.9,3600
MTR-002468,SANDRN_2_SS1SR1,2025-07-05 19:30:00,0.0,3600
MTR-002469,SANDRN_2_SS1SR1,2025-07-05 20:30:00,0.0,3600
MTR-002470,SANDRN_2_SS1SR1,2025-07-05 21:30:00,0.0,3600
MTR-002471,SANDRN_2_SS1SR1,2025-07-05 22:30:00,0.0,3600
MTR-002472,SANDRN_2_SS1SR1,2025-07-05 23:30:00,0.0,3600
MTR-002473,SANDRN_2_SS1SR1,2025-07-06 00:30:00,0.0,3600
MTR-002474,SANDRN_2_SS1SR1,2025-07-06 01:30:00,0.0,3600
MTR-002475,SANDRN_2_SS1SR1,2025-07-06 02:30:00,0.0,3600
MTR-002476,SANDRN_2_SS1SR1,2025-07-06 03:30:00,0.0,3600
MTR-002477,SANDRN_2_SS1SR1,2025-07-06 04:30:00,0.0,3600
MTR-002478,SANDRN_2_SS1SR1,2025-07-06 05:30:00,0.0,3600
MTR-002479,SANDRN_2_SS1SR1,2025-07-06 06:30:00,5.8,3600
MTR-002480,SANDRN_2_SS1SR1,2025-07-06 07:30:00,18.9,3600
MTR-002481,SANDRN_2_SS1SR1,2025-07-06 08:30:00,26.9,3600
MTR-002482,SANDRN_2_SS1SR1,2025-07-06 09:30:00,42.6,3600
MTR-002483,SANDRN_2_SS1SR1,2025-07-06 10:30:00,61.6,3600
MTR-002484,SANDRN_2_SS1SR1,2025-07-06 11:30:00,63.8,3600
MTR-002485,SANDRN_2_SS1SR1,2025-07-06 12:30:00,67.5,3600
MTR-002486,SANDRN_2_SS1SR1,2025-07-06 13:30:00,66.4,3600
MTR-002487,SANDRN_2_SS1SR1,2025-07-06 14:30:00,39.3,3600
MTR-002488,SANDRN_2_SS1SR1,2025-07-06 15:30:00,45.0,3600
MTR-002489,SANDRN_2_SS1SR1,2025-07-06 16:30:00,27.7,3600
MTR-002490,SANDRN_2_SS1SR1,2025-07-06 17:30:00,20.2,3600
MTR-002491,SANDRN_2_SS1SR1,2025-07-06 18:30:00,5.6,3600
MTR-002492,SANDRN_2_SS1SR1,2025-07-06 19:30:00,0.0,3600
MTR-002493,SANDRN_2_SS1SR1,2025-07-06 20:30:00,0.0,3600
MTR-002494,SANDRN_2_SS1SR1,2025-07-06 21:30:00,0.0,3600
MTR-002495,SANDRN_2_SS1SR1,2025-07-06 22:30:00,0.0,3600
MTR-002496,SANDRN_2_SS1SR1,2025-07-06 23:30:00,0.0,3600
MTR-002497,SANDRN_2_SS1SR1,2025-07-07 00:30:00,0.0,3600
MTR-002498,SANDRN_2_SS1SR1,2025-07-07 01:30:00,0.0,3600
MTR-002499,SANDRN_2_SS1SR1,2025-07-07 02:30:00,0.0,3600
MTR-002500,SANDRN_2_SS1SR1,2025-07-07 03:30:00,0.0,3600
MTR-002501,SANDRN_2_SS1SR1,2025-07-07 04:30:00,0.0,3600
MTR-002502,SANDRN_2_SS1SR1,2025-07-07 05:30:00,0.0,3600
MTR-002503,SANDRN_2_SS1SR1,2025-07-07 06:30:00,6.5,3600
MTR-002504,SANDRN_2_SS1SR1,2025-07-07 07:30:00,14.5,3600
MTR-002505,SANDRN_2_SS1SR1,2025-07-07 08:30:00,25.8,3600
MTR-002506,SANDRN_2_SS1SR1,2025-07-07 09:30:00,45.1,3600
MTR-002507,SANDRN_2_SS1SR1,2025-07-07 10:30:00,43.8,3600
MTR-002508,SANDRN_2_SS1SR1,2025-07-07 11:30:00,59.8,3600
MTR-002509,SANDRN_2_SS1SR1,2025-07-07 12:30:00,46.0,3600
MTR-002510,SANDRN_2_SS1SR1,2025-07-07 13:30:00,58.6,3600
MTR-002511,SANDRN_2_SS1SR1,2025-07-07 14:30:00,51.4,3600
MTR-002512,SANDRN_2_SS1SR1,2025-07-07 15:30:00,43.1,3600
MTR-002513,SANDRN_2_SS1SR1,2025-07-07 16:30:00,30.7,3600
MTR-002514,SANDRN_2_SS1SR1,2025-07-07 17:30:00,16.1,3600
MTR-002515,SANDRN_2_SS1SR1,2025-07-07 18:30:00,5.7,3600
MTR-002516,SANDRN_2_SS1SR1,2025-07-07 19:30:00,0.0,3600
MTR-002517,SANDRN_2_SS1SR1,2025-07-07 20:30:00,0.0,3600
MTR-002518,SANDRN_2_SS1SR1,2025-07-07 21:30:00,0.0,3600
MTR-002519,SANDRN_2_SS1SR1,2025-07-07 22:30:00,0.0,3600
MTR-002520,SANDRN_2_SS1SR1,2025-07-07 23:30:00,0.0,3600
