soc_id,resource_id,timestamp,soc_pct,soc_mwh
SOC-000001,RES-002,2025-07-01 00:30:00,56.3,225.0
SOC-000002,RES-002,2025-07-01 01:30:00,66.5,266.1
SOC-000003,RES-002,2025-07-01 02:30:00,78.6,314.4
SOC-000004,RES-002,2025-07-01 03:30:00,89.0,355.9
SOC-000005,RES-002,2025-07-01 04:30:00,98.0,392.0
SOC-000006,RES-002,2025-07-01 05:30:00,98.0,392.0
SOC-000007,RES-002,2025-07-01 06:30:00,98.0,392.0
SOC-000008,RES-002,2025-07-01 07:30:00,98.0,392.0
SOC-000009,RES-002,2025-07-01 08:30:00,95.6,382.3
SOC-000010,RES-002,2025-07-01 09:30:00,94.2,376.6
SOC-000011,RES-002,2025-07-01 10:30:00,96.6,386.5
SOC-000012,RES-002,2025-07-01 11:30:00,96.3,385.3
SOC-000013,RES-002,2025-07-01 12:30:00,95.0,380.1
SOC-000014,RES-002,2025-07-01 13:30:00,96.3,385.2
SOC-000015,RES-002,2025-07-01 14:30:00,95.0,380.1
SOC-000016,RES-002,2025-07-01 15:30:00,97.4,389.5
SOC-000017,RES-002,2025-07-01 16:30:00,86.4,345.6
SOC-000018,RES-002,2025-07-01 17:30:00,66.8,267.2
SOC-000019,RES-002,2025-07-01 18:30:00,44.5,178.1
SOC-000020,RES-002,2025-07-01 19:30:00,28.2,112.6
SOC-000021,RES-002,2025-07-01 20:30:00,14.5,58.0
SOC-000022,RES-002,2025-07-01 21:30:00,2.0,8.0
SOC-000023,RES-002,2025-07-01 22:30:00,3.4,13.8
SOC-000024,RES-002,2025-07-01 23:30:00,5.7,22.7
SOC-000025,RES-002,2025-07-02 00:30:00,64.7,258.7
SOC-000026,RES-002,2025-07-02 01:30:00,70.4,281.6
SOC-000027,RES-002,2025-07-02 02:30:00,80.5,322.0
SOC-000028,RES-002,2025-07-02 03:30:00,89.6,358.3
SOC-000029,RES-002,2025-07-02 04:30:00,98.0,392.0
SOC-000030,RES-002,2025-07-02 05:30:00,98.0,392.0
SOC-000031,RES-002,2025-07-02 06:30:00,98.0,392.0
SOC-000032,RES-002,2025-07-02 07:30:00,98.0,392.0
SOC-000033,RES-002,2025-07-02 08:30:00,98.0,392.0
SOC-000034,RES-002,2025-07-02 09:30:00,98.0,392.0
SOC-000035,RES-002,2025-07-02 10:30:00,98.0,392.0
SOC-000036,RES-002,2025-07-02 11:30:00,96.2,385.0
SOC-000037,RES-002,2025-07-02 12:30:00,97.9,391.7
SOC-000038,RES-002,2025-07-02 13:30:00,96.4,385.5
SOC-000039,RES-002,2025-07-02 14:30:00,95.8,383.1
SOC-000040,RES-002,2025-07-02 15:30:00,96.3,385.1
SOC-000041,RES-002,2025-07-02 16:30:00,77.8,311.3
SOC-000042,RES-002,2025-07-02 17:30:00,67.6,270.2
SOC-000043,RES-002,2025-07-02 18:30:00,53.0,212.2
SOC-000044,RES-002,2025-07-02 19:30:00,38.7,154.8
SOC-000045,RES-002,2025-07-02 20:30:00,25.4,101.8
SOC-000046,RES-002,2025-07-02 21:30:00,13.1,52.4
SOC-000047,RES-002,2025-07-02 22:30:00,12.2,48.8
SOC-000048,RES-002,2025-07-02 23:30:00,10.3,41.2
SOC-000049,RES-002,2025-07-03 00:30:00,56.4,225.6
SOC-000050,RES-002,2025-07-03 01:30:00,63.2,252.8
SOC-000051,RES-002,2025-07-03 02:30:00,73.4,293.7
SOC-000052,RES-002,2025-07-03 03:30:00,84.9,339.4
SOC-000053,RES-002,2025-07-03 04:30:00,98.0,392.0
SOC-000054,RES-002,2025-07-03 05:30:00,98.0,392.0
SOC-000055,RES-002,2025-07-03 06:30:00,98.0,392.0
SOC-000056,RES-002,2025-07-03 07:30:00,98.0,392.0
SOC-000057,RES-002,2025-07-03 08:30:00,97.7,390.9
SOC-000058,RES-002,2025-07-03 09:30:00,97.8,391.3
SOC-000059,RES-002,2025-07-03 10:30:00,98.0,392.0
SOC-000060,RES-002,2025-07-03 11:30:00,96.8,387.1
SOC-000061,RES-002,2025-07-03 12:30:00,97.5,390.1
SOC-000062,RES-002,2025-07-03 13:30:00,97.3,389.3
SOC-000063,RES-002,2025-07-03 14:30:00,97.3,389.2
SOC-000064,RES-002,2025-07-03 15:30:00,94.9,379.5
SOC-000065,RES-002,2025-07-03 16:30:00,83.3,333.2
SOC-000066,RES-002,2025-07-03 17:30:00,64.3,257.2
SOC-000067,RES-002,2025-07-03 18:30:00,50.5,202.0
SOC-000068,RES-002,2025-07-03 19:30:00,31.4,125.8
SOC-000069,RES-002,2025-07-03 20:30:00,16.6,66.3
SOC-000070,RES-002,2025-07-03 21:30:00,2.0,8.0
SOC-000071,RES-002,2025-07-03 22:30:00,2.2,9.0
SOC-000072,RES-002,2025-07-03 23:30:00,3.2,12.8
SOC-000073,RES-002,2025-07-04 00:30:00,53.2,212.6
SOC-000074,RES-002,2025-07-04 01:30:00,64.0,256.0
SOC-000075,RES-002,2025-07-04 02:30:00,75.0,300.1
SOC-000076,RES-002,2025-07-04 03:30:00,81.5,326.1
SOC-000077,RES-002,2025-07-04 04:30:00,90.0,360.0
SOC-000078,RES-002,2025-07-04 05:30:00,96.7,386.6
SOC-000079,RES-002,2025-07-04 06:30:00,98.0,392.0
SOC-000080,RES-002,2025-07-04 07:30:00,98.0,392.0
SOC-000081,RES-002,2025-07-04 08:30:00,96.3,385.3
SOC-000082,RES-002,2025-07-04 09:30:00,96.7,386.8
SOC-000083,RES-002,2025-07-04 10:30:00,96.2,384.8
SOC-000084,RES-002,2025-07-04 11:30:00,96.8,387.1
SOC-000085,RES-002,2025-07-04 12:30:00,96.3,385.2
SOC-000086,RES-002,2025-07-04 13:30:00,94.2,376.8
SOC-000087,RES-002,2025-07-04 14:30:00,96.0,384.0
SOC-000088,RES-002,2025-07-04 15:30:00,94.7,378.6
SOC-000089,RES-002,2025-07-04 16:30:00,76.3,305.3
SOC-000090,RES-002,2025-07-04 17:30:00,61.3,245.0
SOC-000091,RES-002,2025-07-04 18:30:00,39.1,156.4
SOC-000092,RES-002,2025-07-04 19:30:00,19.2,76.8
SOC-000093,RES-002,2025-07-04 20:30:00,7.3,29.1
SOC-000094,RES-002,2025-07-04 21:30:00,2.0,8.0
SOC-000095,RES-002,2025-07-04 22:30:00,2.0,8.0
SOC-000096,RES-002,2025-07-04 23:30:00,2.0,8.0
SOC-000097,RES-002,2025-07-05 00:30:00,64.3,257.3
SOC-000098,RES-002,2025-07-05 01:30:00,78.9,315.6
SOC-000099,RES-002,2025-07-05 02:30:00,86.8,347.1
SOC-000100,RES-002,2025-07-05 03:30:00,98.0,392.0
SOC-000101,RES-002,2025-07-05 04:30:00,98.0,392.0
SOC-000102,RES-002,2025-07-05 05:30:00,98.0,392.0
SOC-000103,RES-002,2025-07-05 06:30:00,98.0,392.0
SOC-000104,RES-002,2025-07-05 07:30:00,98.0,392.0
SOC-000105,RES-002,2025-07-05 08:30:00,98.0,392.0
SOC-000106,RES-002,2025-07-05 09:30:00,95.5,382.1
SOC-000107,RES-002,2025-07-05 10:30:00,93.8,375.1
SOC-000108,RES-002,2025-07-05 11:30:00,92.8,371.3
SOC-000109,RES-002,2025-07-05 12:30:00,94.6,378.2
SOC-000110,RES-002,2025-07-05 13:30:00,93.2,372.7
SOC-000111,RES-002,2025-07-05 14:30:00,93.2,372.9
SOC-000112,RES-002,2025-07-05 15:30:00,92.6,370.4
SOC-000113,RES-002,2025-07-05 16:30:00,75.3,301.3
SOC-000114,RES-002,2025-07-05 17:30:00,61.3,245.1
SOC-000115,RES-002,2025-07-05 18:30:00,48.5,194.2
SOC-000116,RES-002,2025-07-05 19:30:00,37.0,148.0
SOC-000117,RES-002,2025-07-05 20:30:00,15.9,63.7
SOC-000118,RES-002,2025-07-05 21:30:00,3.2,12.9
SOC-000119,RES-002,2025-07-05 22:30:00,3.8,15.2
SOC-000120,RES-002,2025-07-05 23:30:00,5.4,21.5
SOC-000121,RES-002,2025-07-06 00:30:00,65.3,261.0
SOC-000122,RES-002,2025-07-06 01:30:00,75.3,301.0
SOC-000123,RES-002,2025-07-06 02:30:00,83.1,332.3
SOC-000124,RES-002,2025-07-06 03:30:00,90.0,359.9
SOC-000125,RES-002,2025-07-06 04:30:00,98.0,392.0
SOC-000126,RES-002,2025-07-06 05:30:00,98.0,392.0
SOC-000127,RES-002,2025-07-06 06:30:00,98.0,392.0
SOC-000128,RES-002,2025-07-06 07:30:00,98.0,392.0
SOC-000129,RES-002,2025-07-06 08:30:00,98.0,392.0
SOC-000130,RES-002,2025-07-06 09:30:00,97.6,390.2
SOC-000131,RES-002,2025-07-06 10:30:00,98.0,392.0
SOC-000132,RES-002,2025-07-06 11:30:00,98.0,392.0
SOC-000133,RES-002,2025-07-06 12:30:00,98.0,392.0
SOC-000134,RES-002,2025-07-06 13:30:00,96.1,384.4
SOC-000135,RES-002,2025-07-06 14:30:00,94.5,378.1
SOC-000136,RES-002,2025-07-06 15:30:00,92.1,368.6
SOC-000137,RES-002,2025-07-06 16:30:00,70.2,280.8
SOC-000138,RES-002,2025-07-06 17:30:00,48.7,194.8
SOC-000139,RES-002,2025-07-06 18:30:00,27.9,111.5
SOC-000140,RES-002,2025-07-06 19:30:00,7.4,29.6
SOC-000141,RES-002,2025-07-06 20:30:00,2.0,8.0
SOC-000142,RES-002,2025-07-06 21:30:00,2.0,8.0
SOC-000143,RES-002,2025-07-06 22:30:00,2.0,8.0
SOC-000144,RES-002,2025-07-06 23:30:00,2.0,8.0
SOC-000145,RES-002,2025-07-07 00:30:00,49.2,196.6
SOC-000146,RES-002,2025-07-07 01:30:00,59.0,235.9
SOC-000147,RES-002,2025-07-07 02:30:00,68.1,272.5
SOC-000148,RES-002,2025-07-07 03:30:00,73.4,293.5
SOC-000149,RES-002,2025-07-07 04:30:00,79.1,316.2
SOC-000150,RES-002,2025-07-07 05:30:00,89.7,358.7
SOC-000151,RES-002,2025-07-07 06:30:00,98.0,392.0
SOC-000152,RES-002,2025-07-07 07:30:00,98.0,392.0
SOC-000153,RES-002,2025-07-07 08:30:00,98.0,392.0
SOC-000154,RES-002,2025-07-07 09:30:00,97.6,390.3
SOC-000155,RES-002,2025-07-07 10:30:00,95.6,382.4
SOC-000156,RES-002,2025-07-07 11:30:00,93.2,372.6
SOC-000157,RES-002,2025-07-07 12:30:00,95.1,380.3
SOC-000158,RES-002,2025-07-07 13:30:00,95.9,383.4
SOC-000159,RES-002,2025-07-07 14:30:00,97.8,391.0
SOC-000160,RES-002,2025-07-07 15:30:00,96.4,385.5
SOC-000161,RES-002,2025-07-07 16:30:00,78.6,314.5
SOC-000162,RES-002,2025-07-07 17:30:00,64.4,257.6
SOC-000163,RES-002,2025-07-07 18:30:00,53.9,215.4
SOC-000164,RES-002,2025-07-07 19:30:00,40.5,162.1
SOC-000165,RES-002,2025-07-07 20:30:00,30.4,121.7
SOC-000166,RES-002,2025-07-07 21:30:00,9.3,37.2
SOC-000167,RES-002,2025-07-07 22:30:00,11.0,43.8
SOC-000168,RES-002,2025-07-07 23:30:00,9.4,37.6
SOC-000169,RES-003,2025-07-01 00:30:00,48.9,97.7
SOC-000170,RES-003,2025-07-01 01:30:00,55.7,111.4
SOC-000171,RES-003,2025-07-01 02:30:00,63.0,126.0
SOC-000172,RES-003,2025-07-01 03:30:00,66.2,132.3
SOC-000173,RES-003,2025-07-01 04:30:00,70.7,141.4
SOC-000174,RES-003,2025-07-01 05:30:00,50.9,101.8
SOC-000175,RES-003,2025-07-01 06:30:00,45.3,90.6
SOC-000176,RES-003,2025-07-01 07:30:00,31.3,62.6
SOC-000177,RES-003,2025-07-01 08:30:00,26.0,52.0
SOC-000178,RES-003,2025-07-01 09:30:00,2.0,4.0
SOC-000179,RES-003,2025-07-01 10:30:00,2.0,4.0
SOC-000180,RES-003,2025-07-01 11:30:00,2.0,4.0
SOC-000181,RES-003,2025-07-01 12:30:00,2.0,4.0
SOC-000182,RES-003,2025-07-01 13:30:00,2.0,4.0
SOC-000183,RES-003,2025-07-01 14:30:00,2.0,4.0
SOC-000184,RES-003,2025-07-01 15:30:00,2.0,4.0
SOC-000185,RES-003,2025-07-01 16:30:00,2.0,4.0
SOC-000186,RES-003,2025-07-01 17:30:00,2.0,4.0
SOC-000187,RES-003,2025-07-01 18:30:00,2.0,4.0
SOC-000188,RES-003,2025-07-01 19:30:00,8.8,17.6
SOC-000189,RES-003,2025-07-01 20:30:00,14.6,29.3
SOC-000190,RES-003,2025-07-01 21:30:00,7.4,14.7
SOC-000191,RES-003,2025-07-01 22:30:00,2.0,4.0
SOC-000192,RES-003,2025-07-01 23:30:00,2.0,4.0
SOC-000193,RES-003,2025-07-02 00:30:00,68.2,136.5
SOC-000194,RES-003,2025-07-02 01:30:00,63.3,126.6
SOC-000195,RES-003,2025-07-02 02:30:00,68.4,136.9
SOC-000196,RES-003,2025-07-02 03:30:00,61.7,123.4
SOC-000197,RES-003,2025-07-02 04:30:00,52.0,104.1
SOC-000198,RES-003,2025-07-02 05:30:00,41.3,82.7
SOC-000199,RES-003,2025-07-02 06:30:00,23.8,47.7
SOC-000200,RES-003,2025-07-02 07:30:00,17.1,34.2
SOC-000201,RES-003,2025-07-02 08:30:00,2.0,4.0
SOC-000202,RES-003,2025-07-02 09:30:00,2.0,4.0
SOC-000203,RES-003,2025-07-02 10:30:00,2.0,4.0
SOC-000204,RES-003,2025-07-02 11:30:00,2.0,4.0
SOC-000205,RES-003,2025-07-02 12:30:00,2.0,4.0
SOC-000206,RES-003,2025-07-02 13:30:00,2.0,4.0
SOC-000207,RES-003,2025-07-02 14:30:00,2.0,4.0
SOC-000208,RES-003,2025-07-02 15:30:00,2.0,4.0
SOC-000209,RES-003,2025-07-02 16:30:00,2.0,4.0
SOC-000210,RES-003,2025-07-02 17:30:00,2.0,4.0
SOC-000211,RES-003,2025-07-02 18:30:00,2.0,4.0
SOC-000212,RES-003,2025-07-02 19:30:00,6.0,11.9
SOC-000213,RES-003,2025-07-02 20:30:00,3.1,6.2
SOC-000214,RES-003,2025-07-02 21:30:00,2.0,4.0
SOC-000215,RES-003,2025-07-02 22:30:00,2.0,4.0
SOC-000216,RES-003,2025-07-02 23:30:00,2.0,4.0
SOC-000217,RES-003,2025-07-03 00:30:00,48.9,97.7
SOC-000218,RES-003,2025-07-03 01:30:00,47.1,94.2
SOC-000219,RES-003,2025-07-03 02:30:00,53.9,107.8
SOC-000220,RES-003,2025-07-03 03:30:00,55.3,110.6
SOC-000221,RES-003,2025-07-03 04:30:00,64.9,129.8
SOC-000222,RES-003,2025-07-03 05:30:00,52.3,104.6
SOC-000223,RES-003,2025-07-03 06:30:00,26.7,53.4
SOC-000224,RES-003,2025-07-03 07:30:00,5.7,11.3
SOC-000225,RES-003,2025-07-03 08:30:00,2.0,4.0
SOC-000226,RES-003,2025-07-03 09:30:00,2.0,4.0
SOC-000227,RES-003,2025-07-03 10:30:00,2.0,4.0
SOC-000228,RES-003,2025-07-03 11:30:00,2.0,4.0
SOC-000229,RES-003,2025-07-03 12:30:00,2.0,4.0
SOC-000230,RES-003,2025-07-03 13:30:00,2.0,4.0
SOC-000231,RES-003,2025-07-03 14:30:00,2.0,4.0
SOC-000232,RES-003,2025-07-03 15:30:00,2.0,4.0
SOC-000233,RES-003,2025-07-03 16:30:00,2.0,4.0
SOC-000234,RES-003,2025-07-03 17:30:00,2.0,4.0
SOC-000235,RES-003,2025-07-03 18:30:00,16.2,32.4
SOC-000236,RES-003,2025-07-03 19:30:00,24.4,48.7
SOC-000237,RES-003,2025-07-03 20:30:00,23.4,46.8
SOC-000238,RES-003,2025-07-03 21:30:00,19.0,37.9
SOC-000239,RES-003,2025-07-03 22:30:00,30.5,61.0
SOC-000240,RES-003,2025-07-03 23:30:00,33.1,66.1
SOC-000241,RES-003,2025-07-04 00:30:00,59.6,119.2
SOC-000242,RES-003,2025-07-04 01:30:00,74.5,149.0
SOC-000243,RES-003,2025-07-04 02:30:00,65.7,131.4
SOC-000244,RES-003,2025-07-04 03:30:00,65.1,130.2
SOC-000245,RES-003,2025-07-04 04:30:00,72.1,144.2
SOC-000246,RES-003,2025-07-04 05:30:00,51.0,102.0
SOC-000247,RES-003,2025-07-04 06:30:00,43.4,86.7
SOC-000248,RES-003,2025-07-04 07:30:00,31.5,63.0
SOC-000249,RES-003,2025-07-04 08:30:00,19.6,39.2
SOC-000250,RES-003,2025-07-04 09:30:00,2.0,4.0
SOC-000251,RES-003,2025-07-04 10:30:00,2.0,4.0
SOC-000252,RES-003,2025-07-04 11:30:00,2.0,4.0
SOC-000253,RES-003,2025-07-04 12:30:00,2.0,4.0
SOC-000254,RES-003,2025-07-04 13:30:00,2.0,4.0
SOC-000255,RES-003,2025-07-04 14:30:00,2.0,4.0
SOC-000256,RES-003,2025-07-04 15:30:00,2.0,4.0
SOC-000257,RES-003,2025-07-04 16:30:00,2.0,4.0
SOC-000258,RES-003,2025-07-04 17:30:00,2.0,4.0
SOC-000259,RES-003,2025-07-04 18:30:00,2.0,4.0
SOC-000260,RES-003,2025-07-04 19:30:00,3.1,6.2
SOC-000261,RES-003,2025-07-04 20:30:00,2.0,4.0
SOC-000262,RES-003,2025-07-04 21:30:00,2.0,4.0
SOC-000263,RES-003,2025-07-04 22:30:00,2.0,4.0
SOC-000264,RES-003,2025-07-04 23:30:00,2.2,4.5
SOC-000265,RES-003,2025-07-05 00:30:00,51.1,102.3
SOC-000266,RES-003,2025-07-05 01:30:00,45.6,91.2
SOC-000267,RES-003,2025-07-05 02:30:00,41.1,82.2
SOC-000268,RES-003,2025-07-05 03:30:00,34.4,68.8
SOC-000269,RES-003,2025-07-05 04:30:00,33.7,67.4
SOC-000270,RES-003,2025-07-05 05:30:00,9.9,19.8
SOC-000271,RES-003,2025-07-05 06:30:00,2.0,4.0
SOC-000272,RES-003,2025-07-05 07:30:00,2.0,4.0
SOC-000273,RES-003,2025-07-05 08:30:00,2.0,4.0
SOC-000274,RES-003,2025-07-05 09:30:00,2.0,4.0
SOC-000275,RES-003,2025-07-05 10:30:00,2.0,4.0
SOC-000276,RES-003,2025-07-05 11:30:00,2.0,4.0
SOC-000277,RES-003,2025-07-05 12:30:00,2.0,4.0
SOC-000278,RES-003,2025-07-05 13:30:00,2.0,4.0
SOC-000279,RES-003,2025-07-05 14:30:00,2.0,4.0
SOC-000280,RES-003,2025-07-05 15:30:00,2.0,4.0
SOC-000281,RES-003,2025-07-05 16:30:00,2.0,4.0
SOC-000282,RES-003,2025-07-05 17:30:00,2.0,4.0
SOC-000283,RES-003,2025-07-05 18:30:00,2.0,4.0
SOC-000284,RES-003,2025-07-05 19:30:00,6.1,12.2
SOC-000285,RES-003,2025-07-05 20:30:00,18.7,37.4
SOC-000286,RES-003,2025-07-05 21:30:00,21.4,42.8
SOC-000287,RES-003,2025-07-05 22:30:00,24.1,48.2
SOC-000288,RES-003,2025-07-05 23:30:00,24.7,49.5
SOC-000289,RES-003,2025-07-06 00:30:00,51.6,103.3
SOC-000290,RES-003,2025-07-06 01:30:00,49.9,99.8
SOC-000291,RES-003,2025-07-06 02:30:00,44.6,89.2
SOC-000292,RES-003,2025-07-06 03:30:00,35.1,70.3
SOC-000293,RES-003,2025-07-06 04:30:00,46.1,92.2
SOC-000294,RES-003,2025-07-06 05:30:00,25.1,50.3
SOC-000295,RES-003,2025-07-06 06:30:00,18.4,36.8
SOC-000296,RES-003,2025-07-06 07:30:00,2.0,4.0
SOC-000297,RES-003,2025-07-06 08:30:00,2.0,4.0
SOC-000298,RES-003,2025-07-06 09:30:00,2.0,4.0
SOC-000299,RES-003,2025-07-06 10:30:00,2.0,4.0
SOC-000300,RES-003,2025-07-06 11:30:00,2.0,4.0
SOC-000301,RES-003,2025-07-06 12:30:00,2.0,4.0
SOC-000302,RES-003,2025-07-06 13:30:00,2.0,4.0
SOC-000303,RES-003,2025-07-06 14:30:00,2.0,4.0
SOC-000304,RES-003,2025-07-06 15:30:00,2.0,4.0
SOC-000305,RES-003,2025-07-06 16:30:00,2.0,4.0
SOC-000306,RES-003,2025-07-06 17:30:00,2.0,4.0
SOC-000307,RES-003,2025-07-06 18:30:00,9.7,19.4
SOC-000308,RES-003,2025-07-06 19:30:00,4.8,9.7
SOC-000309,RES-003,2025-07-06 20:30:00,12.8,25.7
SOC-000310,RES-003,2025-07-06 21:30:00,15.3,30.6
SOC-000311,RES-003,2025-07-06 22:30:00,14.3,28.6
SOC-000312,RES-003,2025-07-06 23:30:00,22.0,43.9
SOC-000313,RES-003,2025-07-07 00:30:00,44.3,88.7
SOC-000314,RES-003,2025-07-07 01:30:00,41.5,83.1
SOC-000315,RES-003,2025-07-07 02:30:00,45.9,91.9
SOC-000316,RES-003,2025-07-07 03:30:00,48.1,96.2
SOC-000317,RES-003,2025-07-07 04:30:00,59.9,119.9
SOC-000318,RES-003,2025-07-07 05:30:00,51.9,103.8
SOC-000319,RES-003,2025-07-07 06:30:00,30.4,60.9
SOC-000320,RES-003,2025-07-07 07:30:00,23.8,47.7
SOC-000321,RES-003,2025-07-07 08:30:00,13.3,26.6
SOC-000322,RES-003,2025-07-07 09:30:00,2.0,4.0
SOC-000323,RES-003,2025-07-07 10:30:00,2.0,4.0
SOC-000324,RES-003,2025-07-07 11:30:00,2.0,4.0
SOC-000325,RES-003,2025-07-07 12:30:00,2.0,4.0
SOC-000326,RES-003,2025-07-07 13:30:00,2.0,4.0
SOC-000327,RES-003,2025-07-07 14:30:00,2.0,4.0
SOC-000328,RES-003,2025-07-07 15:30:00,2.0,4.0
SOC-000329,RES-003,2025-07-07 16:30:00,2.0,4.0
SOC-000330,RES-003,2025-07-07 17:30:00,2.0,4.0
SOC-000331,RES-003,2025-07-07 18:30:00,2.0,4.0
SOC-000332,RES-003,2025-07-07 19:30:00,2.0,4.0
SOC-000333,RES-003,2025-07-07 20:30:00,5.6,11.2
SOC-000334,RES-003,2025-07-07 21:30:00,2.2,4.4
SOC-000335,RES-003,2025-07-07 22:30:00,9.0,18.1
SOC-000336,RES-003,2025-07-07 23:30:00,3.9,7.9
SOC-000337,RES-004,2025-07-01 00:30:00,49.7,74.6
SOC-000338,RES-004,2025-07-01 01:30:00,49.0,73.6
SOC-000339,RES-004,2025-07-01 02:30:00,64.3,96.5
SOC-000340,RES-004,2025-07-01 03:30:00,60.2,90.4
SOC-000341,RES-004,2025-07-01 04:30:00,51.1,76.7
SOC-000342,RES-004,2025-07-01 05:30:00,32.0,48.1
SOC-000343,RES-004,2025-07-01 06:30:00,13.4,20.1
SOC-000344,RES-004,2025-07-01 07:30:00,2.0,3.0
SOC-000345,RES-004,2025-07-01 08:30:00,2.0,3.0
SOC-000346,RES-004,2025-07-01 09:30:00,2.0,3.0
SOC-000347,RES-004,2025-07-01 10:30:00,2.0,3.0
SOC-000348,RES-004,2025-07-01 11:30:00,2.0,3.0
SOC-000349,RES-004,2025-07-01 12:30:00,2.0,3.0
SOC-000350,RES-004,2025-07-01 13:30:00,2.0,3.0
SOC-000351,RES-004,2025-07-01 14:30:00,2.0,3.0
SOC-000352,RES-004,2025-07-01 15:30:00,2.0,3.0
SOC-000353,RES-004,2025-07-01 16:30:00,2.0,3.0
SOC-000354,RES-004,2025-07-01 17:30:00,2.0,3.0
SOC-000355,RES-004,2025-07-01 18:30:00,2.0,3.0
SOC-000356,RES-004,2025-07-01 19:30:00,8.6,12.9
SOC-000357,RES-004,2025-07-01 20:30:00,23.3,34.9
SOC-000358,RES-004,2025-07-01 21:30:00,27.9,41.9
SOC-000359,RES-004,2025-07-01 22:30:00,24.2,36.3
SOC-000360,RES-004,2025-07-01 23:30:00,12.5,18.8
SOC-000361,RES-004,2025-07-02 00:30:00,42.5,63.8
SOC-000362,RES-004,2025-07-02 01:30:00,34.4,51.6
SOC-000363,RES-004,2025-07-02 02:30:00,38.1,57.2
SOC-000364,RES-004,2025-07-02 03:30:00,26.4,39.6
SOC-000365,RES-004,2025-07-02 04:30:00,37.3,55.9
SOC-000366,RES-004,2025-07-02 05:30:00,18.9,28.4
SOC-000367,RES-004,2025-07-02 06:30:00,2.5,3.7
SOC-000368,RES-004,2025-07-02 07:30:00,2.0,3.0
SOC-000369,RES-004,2025-07-02 08:30:00,2.0,3.0
SOC-000370,RES-004,2025-07-02 09:30:00,2.0,3.0
SOC-000371,RES-004,2025-07-02 10:30:00,2.0,3.0
SOC-000372,RES-004,2025-07-02 11:30:00,2.0,3.0
SOC-000373,RES-004,2025-07-02 12:30:00,2.0,3.0
SOC-000374,RES-004,2025-07-02 13:30:00,2.0,3.0
SOC-000375,RES-004,2025-07-02 14:30:00,2.0,3.0
SOC-000376,RES-004,2025-07-02 15:30:00,2.0,3.0
SOC-000377,RES-004,2025-07-02 16:30:00,2.0,3.0
SOC-000378,RES-004,2025-07-02 17:30:00,2.0,3.0
SOC-000379,RES-004,2025-07-02 18:30:00,11.7,17.5
SOC-000380,RES-004,2025-07-02 19:30:00,11.9,17.9
SOC-000381,RES-004,2025-07-02 20:30:00,11.3,17.0
SOC-000382,RES-004,2025-07-02 21:30:00,2.0,3.0
SOC-000383,RES-004,2025-07-02 22:30:00,2.0,3.0
SOC-000384,RES-004,2025-07-02 23:30:00,2.0,3.0
SOC-000385,RES-004,2025-07-03 00:30:00,53.6,80.5
SOC-000386,RES-004,2025-07-03 01:30:00,62.4,93.7
SOC-000387,RES-004,2025-07-03 02:30:00,52.3,78.5
SOC-000388,RES-004,2025-07-03 03:30:00,42.3,63.5
SOC-000389,RES-004,2025-07-03 04:30:00,35.2,52.8
SOC-000390,RES-004,2025-07-03 05:30:00,8.0,12.0
SOC-000391,RES-004,2025-07-03 06:30:00,2.0,3.0
SOC-000392,RES-004,2025-07-03 07:30:00,2.0,3.0
SOC-000393,RES-004,2025-07-03 08:30:00,2.0,3.0
SOC-000394,RES-004,2025-07-03 09:30:00,2.0,3.0
SOC-000395,RES-004,2025-07-03 10:30:00,2.0,3.0
SOC-000396,RES-004,2025-07-03 11:30:00,2.0,3.0
SOC-000397,RES-004,2025-07-03 12:30:00,2.0,3.0
SOC-000398,RES-004,2025-07-03 13:30:00,2.0,3.0
SOC-000399,RES-004,2025-07-03 14:30:00,2.0,3.0
SOC-000400,RES-004,2025-07-03 15:30:00,2.0,3.0
SOC-000401,RES-004,2025-07-03 16:30:00,2.0,3.0
SOC-000402,RES-004,2025-07-03 17:30:00,2.0,3.0
SOC-000403,RES-004,2025-07-03 18:30:00,2.0,3.0
SOC-000404,RES-004,2025-07-03 19:30:00,2.0,3.0
SOC-000405,RES-004,2025-07-03 20:30:00,10.1,15.2
SOC-000406,RES-004,2025-07-03 21:30:00,2.0,3.0
SOC-000407,RES-004,2025-07-03 22:30:00,2.0,3.0
SOC-000408,RES-004,2025-07-03 23:30:00,2.0,3.0
SOC-000409,RES-004,2025-07-04 00:30:00,50.5,75.7
SOC-000410,RES-004,2025-07-04 01:30:00,55.9,83.9
SOC-000411,RES-004,2025-07-04 02:30:00,54.5,81.8
SOC-000412,RES-004,2025-07-04 03:30:00,61.5,92.2
SOC-000413,RES-004,2025-07-04 04:30:00,81.2,121.8
SOC-000414,RES-004,2025-07-04 05:30:00,58.7,88.0
SOC-000415,RES-004,2025-07-04 06:30:00,50.1,75.1
SOC-000416,RES-004,2025-07-04 07:30:00,22.1,33.2
SOC-000417,RES-004,2025-07-04 08:30:00,3.5,5.3
SOC-000418,RES-004,2025-07-04 09:30:00,2.0,3.0
SOC-000419,RES-004,2025-07-04 10:30:00,2.0,3.0
SOC-000420,RES-004,2025-07-04 11:30:00,2.0,3.0
SOC-000421,RES-004,2025-07-04 12:30:00,2.0,3.0
SOC-000422,RES-004,2025-07-04 13:30:00,2.0,3.0
SOC-000423,RES-004,2025-07-04 14:30:00,2.0,3.0
SOC-000424,RES-004,2025-07-04 15:30:00,2.0,3.0
SOC-000425,RES-004,2025-07-04 16:30:00,2.0,3.0
SOC-000426,RES-004,2025-07-04 17:30:00,2.0,3.0
SOC-000427,RES-004,2025-07-04 18:30:00,2.7,4.0
SOC-000428,RES-004,2025-07-04 19:30:00,2.0,3.0
SOC-000429,RES-004,2025-07-04 20:30:00,15.3,23.0
SOC-000430,RES-004,2025-07-04 21:30:00,32.9,49.3
SOC-000431,RES-004,2025-07-04 22:30:00,35.5,53.3
SOC-000432,RES-004,2025-07-04 23:30:00,26.4,39.6
SOC-000433,RES-004,2025-07-05 00:30:00,43.6,65.4
SOC-000434,RES-004,2025-07-05 01:30:00,52.1,78.1
SOC-000435,RES-004,2025-07-05 02:30:00,56.0,84.0
SOC-000436,RES-004,2025-07-05 03:30:00,74.4,111.6
SOC-000437,RES-004,2025-07-05 04:30:00,90.1,135.2
SOC-000438,RES-004,2025-07-05 05:30:00,75.2,112.8
SOC-000439,RES-004,2025-07-05 06:30:00,48.2,72.3
SOC-000440,RES-004,2025-07-05 07:30:00,37.1,55.7
SOC-000441,RES-004,2025-07-05 08:30:00,14.4,21.6
SOC-000442,RES-004,2025-07-05 09:30:00,2.0,3.0
SOC-000443,RES-004,2025-07-05 10:30:00,2.0,3.0
SOC-000444,RES-004,2025-07-05 11:30:00,2.0,3.0
SOC-000445,RES-004,2025-07-05 12:30:00,2.0,3.0
SOC-000446,RES-004,2025-07-05 13:30:00,2.0,3.0
SOC-000447,RES-004,2025-07-05 14:30:00,2.0,3.0
SOC-000448,RES-004,2025-07-05 15:30:00,2.0,3.0
SOC-000449,RES-004,2025-07-05 16:30:00,2.0,3.0
SOC-000450,RES-004,2025-07-05 17:30:00,2.0,3.0
SOC-000451,RES-004,2025-07-05 18:30:00,2.0,3.0
SOC-000452,RES-004,2025-07-05 19:30:00,2.0,3.0
SOC-000453,RES-004,2025-07-05 20:30:00,4.1,6.2
SOC-000454,RES-004,2025-07-05 21:30:00,2.0,3.0
SOC-000455,RES-004,2025-07-05 22:30:00,2.0,3.0
SOC-000456,RES-004,2025-07-05 23:30:00,2.0,3.0
SOC-000457,RES-004,2025-07-06 00:30:00,57.2,85.9
SOC-000458,RES-004,2025-07-06 01:30:00,63.6,95.4
SOC-000459,RES-004,2025-07-06 02:30:00,57.6,86.5
SOC-000460,RES-004,2025-07-06 03:30:00,63.4,95.2
SOC-000461,RES-004,2025-07-06 04:30:00,51.6,77.4
SOC-000462,RES-004,2025-07-06 05:30:00,28.9,43.4
SOC-000463,RES-004,2025-07-06 06:30:00,19.4,29.2
SOC-000464,RES-004,2025-07-06 07:30:00,2.0,3.0
SOC-000465,RES-004,2025-07-06 08:30:00,2.0,3.0
SOC-000466,RES-004,2025-07-06 09:30:00,2.0,3.0
SOC-000467,RES-004,2025-07-06 10:30:00,2.0,3.0
SOC-000468,RES-004,2025-07-06 11:30:00,2.0,3.0
SOC-000469,RES-004,2025-07-06 12:30:00,2.0,3.0
SOC-000470,RES-004,2025-07-06 13:30:00,2.0,3.0
SOC-000471,RES-004,2025-07-06 14:30:00,2.0,3.0
SOC-000472,RES-004,2025-07-06 15:30:00,2.0,3.0
SOC-000473,RES-004,2025-07-06 16:30:00,2.0,3.0
SOC-000474,RES-004,2025-07-06 17:30:00,2.0,3.0
SOC-000475,RES-004,2025-07-06 18:30:00,21.9,32.8
SOC-000476,RES-004,2025-07-06 19:30:00,30.5,45.8
SOC-000477,RES-004,2025-07-06 20:30:00,44.5,66.8
SOC-000478,RES-004,2025-07-06 21:30:00,33.7,50.5
SOC-000479,RES-004,2025-07-06 22:30:00,40.8,61.2
SOC-000480,RES-004,2025-07-06 23:30:00,56.3,84.4
SOC-000481,RES-004,2025-07-07 00:30:00,68.7,103.0
SOC-000482,RES-004,2025-07-07 01:30:00,57.4,86.1
SOC-000483,RES-004,2025-07-07 02:30:00,61.0,91.4
SOC-000484,RES-004,2025-07-07 03:30:00,66.0,98.9
SOC-000485,RES-004,2025-07-07 04:30:00,71.9,107.8
SOC-000486,RES-004,2025-07-07 05:30:00,52.1,78.1
SOC-000487,RES-004,2025-07-07 06:30:00,30.6,45.8
SOC-000488,RES-004,2025-07-07 07:30:00,7.8,11.6
SOC-000489,RES-004,2025-07-07 08:30:00,2.0,3.0
SOC-000490,RES-004,2025-07-07 09:30:00,2.0,3.0
SOC-000491,RES-004,2025-07-07 10:30:00,2.0,3.0
SOC-000492,RES-004,2025-07-07 11:30:00,2.0,3.0
SOC-000493,RES-004,2025-07-07 12:30:00,2.0,3.0
SOC-000494,RES-004,2025-07-07 13:30:00,2.0,3.0
SOC-000495,RES-004,2025-07-07 14:30:00,2.0,3.0
SOC-000496,RES-004,2025-07-07 15:30:00,2.0,3.0
SOC-000497,RES-004,2025-07-07 16:30:00,2.0,3.0
SOC-000498,RES-004,2025-07-07 17:30:00,2.0,3.0
SOC-000499,RES-004,2025-07-07 18:30:00,4.1,6.1
SOC-000500,RES-004,2025-07-07 19:30:00,7.0,10.5
SOC-000501,RES-004,2025-07-07 20:30:00,2.0,3.0
SOC-000502,RES-004,2025-07-07 21:30:00,7.3,11.0
SOC-000503,RES-004,2025-07-07 22:30:00,10.0,15.0
SOC-000504,RES-004,2025-07-07 23:30:00,5.3,7.9
SOC-000505,ARCATA_6_FCPSB1,2025-07-01 00:30:00,61.8,247.0
SOC-000506,ARCATA_6_FCPSB1,2025-07-01 01:30:00,72.1,288.2
SOC-000507,ARCATA_6_FCPSB1,2025-07-01 02:30:00,84.1,336.5
SOC-000508,ARCATA_6_FCPSB1,2025-07-01 03:30:00,92.1,368.3
SOC-000509,ARCATA_6_FCPSB1,2025-07-01 04:30:00,98.0,392.0
SOC-000510,ARCATA_6_FCPSB1,2025-07-01 05:30:00,98.0,392.0
SOC-000511,ARCATA_6_FCPSB1,2025-07-01 06:30:00,98.0,392.0
SOC-000512,ARCATA_6_FCPSB1,2025-07-01 07:30:00,98.0,392.0
SOC-000513,ARCATA_6_FCPSB1,2025-07-01 08:30:00,98.0,392.0
SOC-000514,ARCATA_6_FCPSB1,2025-07-01 09:30:00,98.0,392.0
SOC-000515,ARCATA_6_FCPSB1,2025-07-01 10:30:00,98.0,392.0
SOC-000516,ARCATA_6_FCPSB1,2025-07-01 11:30:00,98.0,392.0
SOC-000517,ARCATA_6_FCPSB1,2025-07-01 12:30:00,98.0,392.0
SOC-000518,ARCATA_6_FCPSB1,2025-07-01 13:30:00,98.0,392.0
SOC-000519,ARCATA_6_FCPSB1,2025-07-01 14:30:00,96.2,384.7
SOC-000520,ARCATA_6_FCPSB1,2025-07-01 15:30:00,94.2,376.7
SOC-000521,ARCATA_6_FCPSB1,2025-07-01 16:30:00,73.1,292.5
SOC-000522,ARCATA_6_FCPSB1,2025-07-01 17:30:00,55.2,221.0
SOC-000523,ARCATA_6_FCPSB1,2025-07-01 18:30:00,42.5,170.1
SOC-000524,ARCATA_6_FCPSB1,2025-07-01 19:30:00,24.5,97.9
SOC-000525,ARCATA_6_FCPSB1,2025-07-01 20:30:00,3.8,15.2
SOC-000526,ARCATA_6_FCPSB1,2025-07-01 21:30:00,2.0,8.0
SOC-000527,ARCATA_6_FCPSB1,2025-07-01 22:30:00,2.0,8.0
SOC-000528,ARCATA_6_FCPSB1,2025-07-01 23:30:00,3.2,13.0
SOC-000529,ARCATA_6_FCPSB1,2025-07-02 00:30:00,58.4,233.7
SOC-000530,ARCATA_6_FCPSB1,2025-07-02 01:30:00,67.1,268.3
SOC-000531,ARCATA_6_FCPSB1,2025-07-02 02:30:00,76.7,306.8
SOC-000532,ARCATA_6_FCPSB1,2025-07-02 03:30:00,89.1,356.6
SOC-000533,ARCATA_6_FCPSB1,2025-07-02 04:30:00,98.0,392.0
SOC-000534,ARCATA_6_FCPSB1,2025-07-02 05:30:00,98.0,392.0
SOC-000535,ARCATA_6_FCPSB1,2025-07-02 06:30:00,98.0,392.0
SOC-000536,ARCATA_6_FCPSB1,2025-07-02 07:30:00,98.0,392.0
SOC-000537,ARCATA_6_FCPSB1,2025-07-02 08:30:00,96.5,385.9
SOC-000538,ARCATA_6_FCPSB1,2025-07-02 09:30:00,94.6,378.2
SOC-000539,ARCATA_6_FCPSB1,2025-07-02 10:30:00,97.0,388.1
SOC-000540,ARCATA_6_FCPSB1,2025-07-02 11:30:00,98.0,392.0
SOC-000541,ARCATA_6_FCPSB1,2025-07-02 12:30:00,98.0,392.0
SOC-000542,ARCATA_6_FCPSB1,2025-07-02 13:30:00,96.7,386.8
SOC-000543,ARCATA_6_FCPSB1,2025-07-02 14:30:00,98.0,392.0
SOC-000544,ARCATA_6_FCPSB1,2025-07-02 15:30:00,97.2,389.0
SOC-000545,ARCATA_6_FCPSB1,2025-07-02 16:30:00,80.4,321.5
SOC-000546,ARCATA_6_FCPSB1,2025-07-02 17:30:00,58.9,235.7
SOC-000547,ARCATA_6_FCPSB1,2025-07-02 18:30:00,37.1,148.3
SOC-000548,ARCATA_6_FCPSB1,2025-07-02 19:30:00,25.9,103.5
SOC-000549,ARCATA_6_FCPSB1,2025-07-02 20:30:00,3.7,14.8
SOC-000550,ARCATA_6_FCPSB1,2025-07-02 21:30:00,2.0,8.0
SOC-000551,ARCATA_6_FCPSB1,2025-07-02 22:30:00,2.0,8.0
SOC-000552,ARCATA_6_FCPSB1,2025-07-02 23:30:00,2.0,8.0
SOC-000553,ARCATA_6_FCPSB1,2025-07-03 00:30:00,64.2,256.8
SOC-000554,ARCATA_6_FCPSB1,2025-07-03 01:30:00,78.7,314.6
SOC-000555,ARCATA_6_FCPSB1,2025-07-03 02:30:00,83.9,335.4
SOC-000556,ARCATA_6_FCPSB1,2025-07-03 03:30:00,91.9,367.6
SOC-000557,ARCATA_6_FCPSB1,2025-07-03 04:30:00,98.0,392.0
SOC-000558,ARCATA_6_FCPSB1,2025-07-03 05:30:00,98.0,392.0
SOC-000559,ARCATA_6_FCPSB1,2025-07-03 06:30:00,98.0,392.0
SOC-000560,ARCATA_6_FCPSB1,2025-07-03 07:30:00,98.0,392.0
SOC-000561,ARCATA_6_FCPSB1,2025-07-03 08:30:00,96.4,385.5
SOC-000562,ARCATA_6_FCPSB1,2025-07-03 09:30:00,98.0,392.0
SOC-000563,ARCATA_6_FCPSB1,2025-07-03 10:30:00,98.0,392.0
SOC-000564,ARCATA_6_FCPSB1,2025-07-03 11:30:00,95.6,382.5
SOC-000565,ARCATA_6_FCPSB1,2025-07-03 12:30:00,94.6,378.3
SOC-000566,ARCATA_6_FCPSB1,2025-07-03 13:30:00,95.0,379.8
SOC-000567,ARCATA_6_FCPSB1,2025-07-03 14:30:00,93.9,375.5
SOC-000568,ARCATA_6_FCPSB1,2025-07-03 15:30:00,95.5,381.9
SOC-000569,ARCATA_6_FCPSB1,2025-07-03 16:30:00,80.8,323.4
SOC-000570,ARCATA_6_FCPSB1,2025-07-03 17:30:00,58.8,235.1
SOC-000571,ARCATA_6_FCPSB1,2025-07-03 18:30:00,46.2,184.9
SOC-000572,ARCATA_6_FCPSB1,2025-07-03 19:30:00,34.4,137.5
SOC-000573,ARCATA_6_FCPSB1,2025-07-03 20:30:00,20.9,83.7
SOC-000574,ARCATA_6_FCPSB1,2025-07-03 21:30:00,6.7,27.0
SOC-000575,ARCATA_6_FCPSB1,2025-07-03 22:30:00,6.8,27.1
SOC-000576,ARCATA_6_FCPSB1,2025-07-03 23:30:00,7.9,31.5
SOC-000577,ARCATA_6_FCPSB1,2025-07-04 00:30:00,56.9,227.5
SOC-000578,ARCATA_6_FCPSB1,2025-07-04 01:30:00,68.0,272.1
SOC-000579,ARCATA_6_FCPSB1,2025-07-04 02:30:00,80.3,321.3
SOC-000580,ARCATA_6_FCPSB1,2025-07-04 03:30:00,94.4,377.7
SOC-000581,ARCATA_6_FCPSB1,2025-07-04 04:30:00,98.0,392.0
SOC-000582,ARCATA_6_FCPSB1,2025-07-04 05:30:00,98.0,392.0
SOC-000583,ARCATA_6_FCPSB1,2025-07-04 06:30:00,98.0,392.0
SOC-000584,ARCATA_6_FCPSB1,2025-07-04 07:30:00,98.0,392.0
SOC-000585,ARCATA_6_FCPSB1,2025-07-04 08:30:00,98.0,392.0
SOC-000586,ARCATA_6_FCPSB1,2025-07-04 09:30:00,96.7,386.9
SOC-000587,ARCATA_6_FCPSB1,2025-07-04 10:30:00,98.0,392.0
SOC-000588,ARCATA_6_FCPSB1,2025-07-04 11:30:00,98.0,392.0
SOC-000589,ARCATA_6_FCPSB1,2025-07-04 12:30:00,98.0,392.0
SOC-000590,ARCATA_6_FCPSB1,2025-07-04 13:30:00,96.8,387.2
SOC-000591,ARCATA_6_FCPSB1,2025-07-04 14:30:00,96.0,384.2
SOC-000592,ARCATA_6_FCPSB1,2025-07-04 15:30:00,97.6,390.5
SOC-000593,ARCATA_6_FCPSB1,2025-07-04 16:30:00,75.7,302.8
SOC-000594,ARCATA_6_FCPSB1,2025-07-04 17:30:00,53.8,215.0
SOC-000595,ARCATA_6_FCPSB1,2025-07-04 18:30:00,34.2,136.9
SOC-000596,ARCATA_6_FCPSB1,2025-07-04 19:30:00,20.6,82.3
SOC-000597,ARCATA_6_FCPSB1,2025-07-04 20:30:00,7.9,31.7
SOC-000598,ARCATA_6_FCPSB1,2025-07-04 21:30:00,2.0,8.0
SOC-000599,ARCATA_6_FCPSB1,2025-07-04 22:30:00,2.0,8.0
SOC-000600,ARCATA_6_FCPSB1,2025-07-04 23:30:00,2.0,8.0
SOC-000601,ARCATA_6_FCPSB1,2025-07-05 00:30:00,58.4,233.4
SOC-000602,ARCATA_6_FCPSB1,2025-07-05 01:30:00,68.4,273.6
SOC-000603,ARCATA_6_FCPSB1,2025-07-05 02:30:00,75.5,301.8
SOC-000604,ARCATA_6_FCPSB1,2025-07-05 03:30:00,83.0,332.1
SOC-000605,ARCATA_6_FCPSB1,2025-07-05 04:30:00,90.5,361.9
SOC-000606,ARCATA_6_FCPSB1,2025-07-05 05:30:00,98.0,392.0
SOC-000607,ARCATA_6_FCPSB1,2025-07-05 06:30:00,98.0,392.0
SOC-000608,ARCATA_6_FCPSB1,2025-07-05 07:30:00,98.0,392.0
SOC-000609,ARCATA_6_FCPSB1,2025-07-05 08:30:00,98.0,392.0
SOC-000610,ARCATA_6_FCPSB1,2025-07-05 09:30:00,98.0,392.0
SOC-000611,ARCATA_6_FCPSB1,2025-07-05 10:30:00,98.0,392.0
SOC-000612,ARCATA_6_FCPSB1,2025-07-05 11:30:00,98.0,392.0
SOC-000613,ARCATA_6_FCPSB1,2025-07-05 12:30:00,98.0,392.0
SOC-000614,ARCATA_6_FCPSB1,2025-07-05 13:30:00,98.0,392.0
SOC-000615,ARCATA_6_FCPSB1,2025-07-05 14:30:00,98.0,392.0
SOC-000616,ARCATA_6_FCPSB1,2025-07-05 15:30:00,97.6,390.3
SOC-000617,ARCATA_6_FCPSB1,2025-07-05 16:30:00,80.7,322.7
SOC-000618,ARCATA_6_FCPSB1,2025-07-05 17:30:00,64.4,257.7
SOC-000619,ARCATA_6_FCPSB1,2025-07-05 18:30:00,50.5,202.1
SOC-000620,ARCATA_6_FCPSB1,2025-07-05 19:30:00,35.4,141.8
SOC-000621,ARCATA_6_FCPSB1,2025-07-05 20:30:00,25.0,99.8
SOC-000622,ARCATA_6_FCPSB1,2025-07-05 21:30:00,13.4,53.7
SOC-000623,ARCATA_6_FCPSB1,2025-07-05 22:30:00,14.2,56.6
SOC-000624,ARCATA_6_FCPSB1,2025-07-05 23:30:00,12.4,49.6
SOC-000625,ARCATA_6_FCPSB1,2025-07-06 00:30:00,50.1,200.5
SOC-000626,ARCATA_6_FCPSB1,2025-07-06 01:30:00,58.6,234.5
SOC-000627,ARCATA_6_FCPSB1,2025-07-06 02:30:00,64.0,256.1
SOC-000628,ARCATA_6_FCPSB1,2025-07-06 03:30:00,70.4,281.5
SOC-000629,ARCATA_6_FCPSB1,2025-07-06 04:30:00,78.6,314.4
SOC-000630,ARCATA_6_FCPSB1,2025-07-06 05:30:00,90.6,362.4
SOC-000631,ARCATA_6_FCPSB1,2025-07-06 06:30:00,98.0,392.0
SOC-000632,ARCATA_6_FCPSB1,2025-07-06 07:30:00,98.0,392.0
SOC-000633,ARCATA_6_FCPSB1,2025-07-06 08:30:00,98.0,392.0
SOC-000634,ARCATA_6_FCPSB1,2025-07-06 09:30:00,96.5,386.0
SOC-000635,ARCATA_6_FCPSB1,2025-07-06 10:30:00,97.2,388.8
SOC-000636,ARCATA_6_FCPSB1,2025-07-06 11:30:00,95.5,381.9
SOC-000637,ARCATA_6_FCPSB1,2025-07-06 12:30:00,96.9,387.6
SOC-000638,ARCATA_6_FCPSB1,2025-07-06 13:30:00,94.6,378.6
SOC-000639,ARCATA_6_FCPSB1,2025-07-06 14:30:00,94.7,378.9
SOC-000640,ARCATA_6_FCPSB1,2025-07-06 15:30:00,94.6,378.2
SOC-000641,ARCATA_6_FCPSB1,2025-07-06 16:30:00,72.2,288.7
SOC-000642,ARCATA_6_FCPSB1,2025-07-06 17:30:00,59.5,238.0
SOC-000643,ARCATA_6_FCPSB1,2025-07-06 18:30:00,47.8,191.3
SOC-000644,ARCATA_6_FCPSB1,2025-07-06 19:30:00,31.6,126.3
SOC-000645,ARCATA_6_FCPSB1,2025-07-06 20:30:00,11.0,44.0
SOC-000646,ARCATA_6_FCPSB1,2025-07-06 21:30:00,2.0,8.0
SOC-000647,ARCATA_6_FCPSB1,2025-07-06 22:30:00,2.5,10.1
SOC-000648,ARCATA_6_FCPSB1,2025-07-06 23:30:00,2.0,8.0
SOC-000649,ARCATA_6_FCPSB1,2025-07-07 00:30:00,55.1,220.4
SOC-000650,ARCATA_6_FCPSB1,2025-07-07 01:30:00,69.0,276.1
SOC-000651,ARCATA_6_FCPSB1,2025-07-07 02:30:00,75.1,300.4
SOC-000652,ARCATA_6_FCPSB1,2025-07-07 03:30:00,86.5,346.0
SOC-000653,ARCATA_6_FCPSB1,2025-07-07 04:30:00,98.0,392.0
SOC-000654,ARCATA_6_FCPSB1,2025-07-07 05:30:00,98.0,392.0
SOC-000655,ARCATA_6_FCPSB1,2025-07-07 06:30:00,98.0,392.0
SOC-000656,ARCATA_6_FCPSB1,2025-07-07 07:30:00,98.0,392.0
SOC-000657,ARCATA_6_FCPSB1,2025-07-07 08:30:00,97.8,391.2
SOC-000658,ARCATA_6_FCPSB1,2025-07-07 09:30:00,98.0,392.0
SOC-000659,ARCATA_6_FCPSB1,2025-07-07 10:30:00,97.1,388.4
SOC-000660,ARCATA_6_FCPSB1,2025-07-07 11:30:00,97.6,390.4
SOC-000661,ARCATA_6_FCPSB1,2025-07-07 12:30:00,97.5,389.9
SOC-000662,ARCATA_6_FCPSB1,2025-07-07 13:30:00,96.8,387.2
SOC-000663,ARCATA_6_FCPSB1,2025-07-07 14:30:00,96.4,385.6
SOC-000664,ARCATA_6_FCPSB1,2025-07-07 15:30:00,95.3,381.3
SOC-000665,ARCATA_6_FCPSB1,2025-07-07 16:30:00,84.0,336.1
SOC-000666,ARCATA_6_FCPSB1,2025-07-07 17:30:00,67.2,268.8
SOC-000667,ARCATA_6_FCPSB1,2025-07-07 18:30:00,54.7,218.7
SOC-000668,ARCATA_6_FCPSB1,2025-07-07 19:30:00,36.2,145.0
SOC-000669,ARCATA_6_FCPSB1,2025-07-07 20:30:00,14.3,57.2
SOC-000670,ARCATA_6_FCPSB1,2025-07-07 21:30:00,2.0,8.0
SOC-000671,ARCATA_6_FCPSB1,2025-07-07 22:30:00,3.4,13.8
SOC-000672,ARCATA_6_FCPSB1,2025-07-07 23:30:00,4.3,17.3
SOC-000673,ARCATA_6_FCPSB2,2025-07-01 00:30:00,54.9,219.7
SOC-000674,ARCATA_6_FCPSB2,2025-07-01 01:30:00,61.5,246.2
SOC-000675,ARCATA_6_FCPSB2,2025-07-01 02:30:00,75.7,302.9
SOC-000676,ARCATA_6_FCPSB2,2025-07-01 03:30:00,84.9,339.8
SOC-000677,ARCATA_6_FCPSB2,2025-07-01 04:30:00,94.2,376.9
SOC-000678,ARCATA_6_FCPSB2,2025-07-01 05:30:00,98.0,392.0
SOC-000679,ARCATA_6_FCPSB2,2025-07-01 06:30:00,98.0,392.0
SOC-000680,ARCATA_6_FCPSB2,2025-07-01 07:30:00,98.0,392.0
SOC-000681,ARCATA_6_FCPSB2,2025-07-01 08:30:00,98.0,392.0
SOC-000682,ARCATA_6_FCPSB2,2025-07-01 09:30:00,98.0,392.0
SOC-000683,ARCATA_6_FCPSB2,2025-07-01 10:30:00,98.0,392.0
SOC-000684,ARCATA_6_FCPSB2,2025-07-01 11:30:00,98.0,392.0
SOC-000685,ARCATA_6_FCPSB2,2025-07-01 12:30:00,98.0,392.0
SOC-000686,ARCATA_6_FCPSB2,2025-07-01 13:30:00,98.0,392.0
SOC-000687,ARCATA_6_FCPSB2,2025-07-01 14:30:00,98.0,391.9
SOC-000688,ARCATA_6_FCPSB2,2025-07-01 15:30:00,98.0,392.0
SOC-000689,ARCATA_6_FCPSB2,2025-07-01 16:30:00,86.0,344.2
SOC-000690,ARCATA_6_FCPSB2,2025-07-01 17:30:00,72.4,289.4
SOC-000691,ARCATA_6_FCPSB2,2025-07-01 18:30:00,51.6,206.4
SOC-000692,ARCATA_6_FCPSB2,2025-07-01 19:30:00,37.7,150.9
SOC-000693,ARCATA_6_FCPSB2,2025-07-01 20:30:00,21.1,84.6
SOC-000694,ARCATA_6_FCPSB2,2025-07-01 21:30:00,9.6,38.3
SOC-000695,ARCATA_6_FCPSB2,2025-07-01 22:30:00,11.3,45.1
SOC-000696,ARCATA_6_FCPSB2,2025-07-01 23:30:00,11.2,45.0
SOC-000697,ARCATA_6_FCPSB2,2025-07-02 00:30:00,48.1,192.5
SOC-000698,ARCATA_6_FCPSB2,2025-07-02 01:30:00,61.3,245.1
SOC-000699,ARCATA_6_FCPSB2,2025-07-02 02:30:00,70.9,283.4
SOC-000700,ARCATA_6_FCPSB2,2025-07-02 03:30:00,82.3,329.0
SOC-000701,ARCATA_6_FCPSB2,2025-07-02 04:30:00,93.8,375.3
SOC-000702,ARCATA_6_FCPSB2,2025-07-02 05:30:00,98.0,392.0
SOC-000703,ARCATA_6_FCPSB2,2025-07-02 06:30:00,98.0,392.0
SOC-000704,ARCATA_6_FCPSB2,2025-07-02 07:30:00,98.0,392.0
SOC-000705,ARCATA_6_FCPSB2,2025-07-02 08:30:00,97.8,391.2
SOC-000706,ARCATA_6_FCPSB2,2025-07-02 09:30:00,98.0,392.0
SOC-000707,ARCATA_6_FCPSB2,2025-07-02 10:30:00,97.4,389.7
SOC-000708,ARCATA_6_FCPSB2,2025-07-02 11:30:00,98.0,392.0
SOC-000709,ARCATA_6_FCPSB2,2025-07-02 12:30:00,95.5,382.1
SOC-000710,ARCATA_6_FCPSB2,2025-07-02 13:30:00,95.7,382.8
SOC-000711,ARCATA_6_FCPSB2,2025-07-02 14:30:00,97.9,391.4
SOC-000712,ARCATA_6_FCPSB2,2025-07-02 15:30:00,98.0,392.0
SOC-000713,ARCATA_6_FCPSB2,2025-07-02 16:30:00,83.0,332.2
SOC-000714,ARCATA_6_FCPSB2,2025-07-02 17:30:00,72.6,290.4
SOC-000715,ARCATA_6_FCPSB2,2025-07-02 18:30:00,58.5,234.1
SOC-000716,ARCATA_6_FCPSB2,2025-07-02 19:30:00,46.4,185.6
SOC-000717,ARCATA_6_FCPSB2,2025-07-02 20:30:00,32.6,130.4
SOC-000718,ARCATA_6_FCPSB2,2025-07-02 21:30:00,14.9,59.5
SOC-000719,ARCATA_6_FCPSB2,2025-07-02 22:30:00,13.9,55.8
SOC-000720,ARCATA_6_FCPSB2,2025-07-02 23:30:00,12.5,50.2
SOC-000721,ARCATA_6_FCPSB2,2025-07-03 00:30:00,54.9,219.6
SOC-000722,ARCATA_6_FCPSB2,2025-07-03 01:30:00,54.7,218.7
SOC-000723,ARCATA_6_FCPSB2,2025-07-03 02:30:00,54.6,218.5
SOC-000724,ARCATA_6_FCPSB2,2025-07-03 03:30:00,54.7,218.9
SOC-000725,ARCATA_6_FCPSB2,2025-07-03 04:30:00,54.8,219.1
SOC-000726,ARCATA_6_FCPSB2,2025-07-03 05:30:00,55.0,219.8
SOC-000727,ARCATA_6_FCPSB2,2025-07-03 06:30:00,55.1,220.5
SOC-000728,ARCATA_6_FCPSB2,2025-07-03 07:30:00,55.2,220.9
SOC-000729,ARCATA_6_FCPSB2,2025-07-03 08:30:00,55.1,220.2
SOC-000730,ARCATA_6_FCPSB2,2025-07-03 09:30:00,55.1,220.4
SOC-000731,ARCATA_6_FCPSB2,2025-07-03 10:30:00,55.0,219.8
SOC-000732,ARCATA_6_FCPSB2,2025-07-03 11:30:00,54.7,218.8
SOC-000733,ARCATA_6_FCPSB2,2025-07-03 12:30:00,54.6,218.4
SOC-000734,ARCATA_6_FCPSB2,2025-07-03 13:30:00,54.4,217.6
SOC-000735,ARCATA_6_FCPSB2,2025-07-03 14:30:00,54.6,218.2
SOC-000736,ARCATA_6_FCPSB2,2025-07-03 15:30:00,54.7,218.6
SOC-000737,ARCATA_6_FCPSB2,2025-07-03 16:30:00,54.9,219.4
SOC-000738,ARCATA_6_FCPSB2,2025-07-03 17:30:00,55.0,220.0
SOC-000739,ARCATA_6_FCPSB2,2025-07-03 18:30:00,54.8,219.1
SOC-000740,ARCATA_6_FCPSB2,2025-07-03 19:30:00,54.8,219.0
SOC-000741,ARCATA_6_FCPSB2,2025-07-03 20:30:00,54.7,218.6
SOC-000742,ARCATA_6_FCPSB2,2025-07-03 21:30:00,54.6,218.3
SOC-000743,ARCATA_6_FCPSB2,2025-07-03 22:30:00,54.4,217.5
SOC-000744,ARCATA_6_FCPSB2,2025-07-03 23:30:00,54.2,216.6
SOC-000745,ARCATA_6_FCPSB2,2025-07-04 00:30:00,50.3,201.1
SOC-000746,ARCATA_6_FCPSB2,2025-07-04 01:30:00,59.7,239.0
SOC-000747,ARCATA_6_FCPSB2,2025-07-04 02:30:00,68.8,275.1
SOC-000748,ARCATA_6_FCPSB2,2025-07-04 03:30:00,81.0,324.1
SOC-000749,ARCATA_6_FCPSB2,2025-07-04 04:30:00,88.6,354.4
SOC-000750,ARCATA_6_FCPSB2,2025-07-04 05:30:00,94.2,376.9
SOC-000751,ARCATA_6_FCPSB2,2025-07-04 06:30:00,98.0,392.0
SOC-000752,ARCATA_6_FCPSB2,2025-07-04 07:30:00,98.0,392.0
SOC-000753,ARCATA_6_FCPSB2,2025-07-04 08:30:00,97.5,390.1
SOC-000754,ARCATA_6_FCPSB2,2025-07-04 09:30:00,98.0,392.0
SOC-000755,ARCATA_6_FCPSB2,2025-07-04 10:30:00,98.0,392.0
SOC-000756,ARCATA_6_FCPSB2,2025-07-04 11:30:00,97.4,389.5
SOC-000757,ARCATA_6_FCPSB2,2025-07-04 12:30:00,96.0,384.0
SOC-000758,ARCATA_6_FCPSB2,2025-07-04 13:30:00,97.6,390.2
SOC-000759,ARCATA_6_FCPSB2,2025-07-04 14:30:00,97.6,390.6
SOC-000760,ARCATA_6_FCPSB2,2025-07-04 15:30:00,96.2,384.9
SOC-000761,ARCATA_6_FCPSB2,2025-07-04 16:30:00,85.4,341.8
SOC-000762,ARCATA_6_FCPSB2,2025-07-04 17:30:00,65.5,262.0
SOC-000763,ARCATA_6_FCPSB2,2025-07-04 18:30:00,44.1,176.5
SOC-000764,ARCATA_6_FCPSB2,2025-07-04 19:30:00,28.6,114.6
SOC-000765,ARCATA_6_FCPSB2,2025-07-04 20:30:00,15.6,62.5
SOC-000766,ARCATA_6_FCPSB2,2025-07-04 21:30:00,2.0,8.0
SOC-000767,ARCATA_6_FCPSB2,2025-07-04 22:30:00,2.5,10.1
SOC-000768,ARCATA_6_FCPSB2,2025-07-04 23:30:00,4.0,15.9
SOC-000769,ARCATA_6_FCPSB2,2025-07-05 00:30:00,57.0,227.9
SOC-000770,ARCATA_6_FCPSB2,2025-07-05 01:30:00,66.7,266.7
SOC-000771,ARCATA_6_FCPSB2,2025-07-05 02:30:00,80.6,322.4
SOC-000772,ARCATA_6_FCPSB2,2025-07-05 03:30:00,93.6,374.4
SOC-000773,ARCATA_6_FCPSB2,2025-07-05 04:30:00,98.0,392.0
SOC-000774,ARCATA_6_FCPSB2,2025-07-05 05:30:00,98.0,392.0
SOC-000775,ARCATA_6_FCPSB2,2025-07-05 06:30:00,98.0,392.0
SOC-000776,ARCATA_6_FCPSB2,2025-07-05 07:30:00,98.0,392.0
SOC-000777,ARCATA_6_FCPSB2,2025-07-05 08:30:00,98.0,392.0
SOC-000778,ARCATA_6_FCPSB2,2025-07-05 09:30:00,98.0,392.0
SOC-000779,ARCATA_6_FCPSB2,2025-07-05 10:30:00,98.0,392.0
SOC-000780,ARCATA_6_FCPSB2,2025-07-05 11:30:00,98.0,392.0
SOC-000781,ARCATA_6_FCPSB2,2025-07-05 12:30:00,95.9,383.6
SOC-000782,ARCATA_6_FCPSB2,2025-07-05 13:30:00,94.2,377.0
SOC-000783,ARCATA_6_FCPSB2,2025-07-05 14:30:00,92.0,368.0
SOC-000784,ARCATA_6_FCPSB2,2025-07-05 15:30:00,90.0,360.1
SOC-000785,ARCATA_6_FCPSB2,2025-07-05 16:30:00,79.4,317.5
SOC-000786,ARCATA_6_FCPSB2,2025-07-05 17:30:00,66.8,267.1
SOC-000787,ARCATA_6_FCPSB2,2025-07-05 18:30:00,52.3,209.3
SOC-000788,ARCATA_6_FCPSB2,2025-07-05 19:30:00,41.2,165.0
SOC-000789,ARCATA_6_FCPSB2,2025-07-05 20:30:00,19.7,78.8
SOC-000790,ARCATA_6_FCPSB2,2025-07-05 21:30:00,9.2,37.0
SOC-000791,ARCATA_6_FCPSB2,2025-07-05 22:30:00,11.4,45.7
SOC-000792,ARCATA_6_FCPSB2,2025-07-05 23:30:00,12.9,51.7
SOC-000793,ARCATA_6_FCPSB2,2025-07-06 00:30:00,53.5,214.1
SOC-000794,ARCATA_6_FCPSB2,2025-07-06 01:30:00,60.1,240.2
SOC-000795,ARCATA_6_FCPSB2,2025-07-06 02:30:00,73.4,293.7
SOC-000796,ARCATA_6_FCPSB2,2025-07-06 03:30:00,79.8,319.3
SOC-000797,ARCATA_6_FCPSB2,2025-07-06 04:30:00,90.6,362.2
SOC-000798,ARCATA_6_FCPSB2,2025-07-06 05:30:00,98.0,392.0
SOC-000799,ARCATA_6_FCPSB2,2025-07-06 06:30:00,98.0,392.0
SOC-000800,ARCATA_6_FCPSB2,2025-07-06 07:30:00,98.0,392.0
SOC-000801,ARCATA_6_FCPSB2,2025-07-06 08:30:00,98.0,392.0
SOC-000802,ARCATA_6_FCPSB2,2025-07-06 09:30:00,98.0,392.0
SOC-000803,ARCATA_6_FCPSB2,2025-07-06 10:30:00,98.0,392.0
SOC-000804,ARCATA_6_FCPSB2,2025-07-06 11:30:00,97.6,390.6
SOC-000805,ARCATA_6_FCPSB2,2025-07-06 12:30:00,98.0,392.0
SOC-000806,ARCATA_6_FCPSB2,2025-07-06 13:30:00,97.2,388.6
SOC-000807,ARCATA_6_FCPSB2,2025-07-06 14:30:00,96.8,387.3
SOC-000808,ARCATA_6_FCPSB2,2025-07-06 15:30:00,95.7,382.8
SOC-000809,ARCATA_6_FCPSB2,2025-07-06 16:30:00,84.2,336.6
SOC-000810,ARCATA_6_FCPSB2,2025-07-06 17:30:00,67.8,271.1
SOC-000811,ARCATA_6_FCPSB2,2025-07-06 18:30:00,52.0,208.0
SOC-000812,ARCATA_6_FCPSB2,2025-07-06 19:30:00,36.3,145.1
SOC-000813,ARCATA_6_FCPSB2,2025-07-06 20:30:00,16.7,66.7
SOC-000814,ARCATA_6_FCPSB2,2025-07-06 21:30:00,2.5,10.0
SOC-000815,ARCATA_6_FCPSB2,2025-07-06 22:30:00,2.0,8.0
SOC-000816,ARCATA_6_FCPSB2,2025-07-06 23:30:00,3.4,13.6
SOC-000817,ARCATA_6_FCPSB2,2025-07-07 00:30:00,59.5,238.0
SOC-000818,ARCATA_6_FCPSB2,2025-07-07 01:30:00,69.0,276.0
SOC-000819,ARCATA_6_FCPSB2,2025-07-07 02:30:00,75.1,300.5
SOC-000820,ARCATA_6_FCPSB2,2025-07-07 03:30:00,83.4,333.5
SOC-000821,ARCATA_6_FCPSB2,2025-07-07 04:30:00,89.0,356.1
SOC-000822,ARCATA_6_FCPSB2,2025-07-07 05:30:00,98.0,392.0
SOC-000823,ARCATA_6_FCPSB2,2025-07-07 06:30:00,98.0,392.0
SOC-000824,ARCATA_6_FCPSB2,2025-07-07 07:30:00,98.0,392.0
SOC-000825,ARCATA_6_FCPSB2,2025-07-07 08:30:00,98.0,392.0
SOC-000826,ARCATA_6_FCPSB2,2025-07-07 09:30:00,98.0,392.0
SOC-000827,ARCATA_6_FCPSB2,2025-07-07 10:30:00,96.8,387.3
SOC-000828,ARCATA_6_FCPSB2,2025-07-07 11:30:00,97.6,390.5
SOC-000829,ARCATA_6_FCPSB2,2025-07-07 12:30:00,98.0,392.0
SOC-000830,ARCATA_6_FCPSB2,2025-07-07 13:30:00,95.5,382.0
SOC-000831,ARCATA_6_FCPSB2,2025-07-07 14:30:00,93.4,373.6
SOC-000832,ARCATA_6_FCPSB2,2025-07-07 15:30:00,92.6,370.5
SOC-000833,ARCATA_6_FCPSB2,2025-07-07 16:30:00,78.0,312.0
SOC-000834,ARCATA_6_FCPSB2,2025-07-07 17:30:00,67.0,268.1
SOC-000835,ARCATA_6_FCPSB2,2025-07-07 18:30:00,49.0,196.0
SOC-000836,ARCATA_6_FCPSB2,2025-07-07 19:30:00,36.9,147.6
SOC-000837,ARCATA_6_FCPSB2,2025-07-07 20:30:00,21.6,86.5
SOC-000838,ARCATA_6_FCPSB2,2025-07-07 21:30:00,10.3,41.1
SOC-000839,ARCATA_6_FCPSB2,2025-07-07 22:30:00,8.9,35.7
SOC-000840,ARCATA_6_FCPSB2,2025-07-07 23:30:00,6.8,27.1
SOC-000841,DSFLWR_2_W9CSB2,2025-07-01 00:30:00,71.2,284.8
SOC-000842,DSFLWR_2_W9CSB2,2025-07-01 01:30:00,77.4,309.4
SOC-000843,DSFLWR_2_W9CSB2,2025-07-01 02:30:00,86.2,344.7
SOC-000844,DSFLWR_2_W9CSB2,2025-07-01 03:30:00,98.0,392.0
SOC-000845,DSFLWR_2_W9CSB2,2025-07-01 04:30:00,98.0,392.0
SOC-000846,DSFLWR_2_W9CSB2,2025-07-01 05:30:00,98.0,392.0
SOC-000847,DSFLWR_2_W9CSB2,2025-07-01 06:30:00,98.0,392.0
SOC-000848,DSFLWR_2_W9CSB2,2025-07-01 07:30:00,98.0,392.0
SOC-000849,DSFLWR_2_W9CSB2,2025-07-01 08:30:00,96.2,385.0
SOC-000850,DSFLWR_2_W9CSB2,2025-07-01 09:30:00,95.1,380.3
SOC-000851,DSFLWR_2_W9CSB2,2025-07-01 10:30:00,97.6,390.2
SOC-000852,DSFLWR_2_W9CSB2,2025-07-01 11:30:00,97.7,390.7
SOC-000853,DSFLWR_2_W9CSB2,2025-07-01 12:30:00,98.0,392.0
SOC-000854,DSFLWR_2_W9CSB2,2025-07-01 13:30:00,98.0,392.0
SOC-000855,DSFLWR_2_W9CSB2,2025-07-01 14:30:00,98.0,392.0
SOC-000856,DSFLWR_2_W9CSB2,2025-07-01 15:30:00,95.6,382.6
SOC-000857,DSFLWR_2_W9CSB2,2025-07-01 16:30:00,77.2,308.6
SOC-000858,DSFLWR_2_W9CSB2,2025-07-01 17:30:00,60.9,243.6
SOC-000859,DSFLWR_2_W9CSB2,2025-07-01 18:30:00,49.1,196.4
SOC-000860,DSFLWR_2_W9CSB2,2025-07-01 19:30:00,30.6,122.2
SOC-000861,DSFLWR_2_W9CSB2,2025-07-01 20:30:00,10.9,43.4
SOC-000862,DSFLWR_2_W9CSB2,2025-07-01 21:30:00,2.0,8.0
SOC-000863,DSFLWR_2_W9CSB2,2025-07-01 22:30:00,2.0,8.0
SOC-000864,DSFLWR_2_W9CSB2,2025-07-01 23:30:00,3.5,14.1
SOC-000865,DSFLWR_2_W9CSB2,2025-07-02 00:30:00,63.1,252.5
SOC-000866,DSFLWR_2_W9CSB2,2025-07-02 01:30:00,75.3,301.4
SOC-000867,DSFLWR_2_W9CSB2,2025-07-02 02:30:00,82.7,331.0
SOC-000868,DSFLWR_2_W9CSB2,2025-07-02 03:30:00,91.7,367.0
SOC-000869,DSFLWR_2_W9CSB2,2025-07-02 04:30:00,98.0,392.0
SOC-000870,DSFLWR_2_W9CSB2,2025-07-02 05:30:00,98.0,392.0
SOC-000871,DSFLWR_2_W9CSB2,2025-07-02 06:30:00,98.0,392.0
SOC-000872,DSFLWR_2_W9CSB2,2025-07-02 07:30:00,98.0,392.0
SOC-000873,DSFLWR_2_W9CSB2,2025-07-02 08:30:00,98.0,392.0
SOC-000874,DSFLWR_2_W9CSB2,2025-07-02 09:30:00,96.7,386.8
SOC-000875,DSFLWR_2_W9CSB2,2025-07-02 10:30:00,98.0,392.0
SOC-000876,DSFLWR_2_W9CSB2,2025-07-02 11:30:00,95.8,383.1
SOC-000877,DSFLWR_2_W9CSB2,2025-07-02 12:30:00,97.1,388.3
SOC-000878,DSFLWR_2_W9CSB2,2025-07-02 13:30:00,98.0,392.0
SOC-000879,DSFLWR_2_W9CSB2,2025-07-02 14:30:00,98.0,392.0
SOC-000880,DSFLWR_2_W9CSB2,2025-07-02 15:30:00,98.0,392.0
SOC-000881,DSFLWR_2_W9CSB2,2025-07-02 16:30:00,77.8,311.0
SOC-000882,DSFLWR_2_W9CSB2,2025-07-02 17:30:00,65.8,263.0
SOC-000883,DSFLWR_2_W9CSB2,2025-07-02 18:30:00,55.5,222.0
SOC-000884,DSFLWR_2_W9CSB2,2025-07-02 19:30:00,43.8,175.4
SOC-000885,DSFLWR_2_W9CSB2,2025-07-02 20:30:00,21.5,86.0
SOC-000886,DSFLWR_2_W9CSB2,2025-07-02 21:30:00,2.0,8.0
SOC-000887,DSFLWR_2_W9CSB2,2025-07-02 22:30:00,2.0,8.0
SOC-000888,DSFLWR_2_W9CSB2,2025-07-02 23:30:00,2.0,8.0
SOC-000889,DSFLWR_2_W9CSB2,2025-07-03 00:30:00,58.9,235.7
SOC-000890,DSFLWR_2_W9CSB2,2025-07-03 01:30:00,64.5,258.2
SOC-000891,DSFLWR_2_W9CSB2,2025-07-03 02:30:00,72.5,290.0
SOC-000892,DSFLWR_2_W9CSB2,2025-07-03 03:30:00,85.0,340.0
SOC-000893,DSFLWR_2_W9CSB2,2025-07-03 04:30:00,90.5,362.2
SOC-000894,DSFLWR_2_W9CSB2,2025-07-03 05:30:00,98.0,392.0
SOC-000895,DSFLWR_2_W9CSB2,2025-07-03 06:30:00,98.0,392.0
SOC-000896,DSFLWR_2_W9CSB2,2025-07-03 07:30:00,98.0,392.0
SOC-000897,DSFLWR_2_W9CSB2,2025-07-03 08:30:00,97.6,390.2
SOC-000898,DSFLWR_2_W9CSB2,2025-07-03 09:30:00,98.0,392.0
SOC-000899,DSFLWR_2_W9CSB2,2025-07-03 10:30:00,97.7,390.8
SOC-000900,DSFLWR_2_W9CSB2,2025-07-03 11:30:00,95.9,383.4
SOC-000901,DSFLWR_2_W9CSB2,2025-07-03 12:30:00,95.6,382.6
SOC-000902,DSFLWR_2_W9CSB2,2025-07-03 13:30:00,95.9,383.4
SOC-000903,DSFLWR_2_W9CSB2,2025-07-03 14:30:00,96.4,385.5
SOC-000904,DSFLWR_2_W9CSB2,2025-07-03 15:30:00,98.0,392.0
SOC-000905,DSFLWR_2_W9CSB2,2025-07-03 16:30:00,82.7,330.7
SOC-000906,DSFLWR_2_W9CSB2,2025-07-03 17:30:00,63.7,254.7
SOC-000907,DSFLWR_2_W9CSB2,2025-07-03 18:30:00,42.2,168.6
SOC-000908,DSFLWR_2_W9CSB2,2025-07-03 19:30:00,19.7,78.7
SOC-000909,DSFLWR_2_W9CSB2,2025-07-03 20:30:00,2.0,8.0
SOC-000910,DSFLWR_2_W9CSB2,2025-07-03 21:30:00,2.0,8.0
SOC-000911,DSFLWR_2_W9CSB2,2025-07-03 22:30:00,2.0,8.0
SOC-000912,DSFLWR_2_W9CSB2,2025-07-03 23:30:00,2.4,9.6
SOC-000913,DSFLWR_2_W9CSB2,2025-07-04 00:30:00,64.6,258.4
SOC-000914,DSFLWR_2_W9CSB2,2025-07-04 01:30:00,69.9,279.5
SOC-000915,DSFLWR_2_W9CSB2,2025-07-04 02:30:00,84.6,338.3
SOC-000916,DSFLWR_2_W9CSB2,2025-07-04 03:30:00,92.4,369.5
SOC-000917,DSFLWR_2_W9CSB2,2025-07-04 04:30:00,98.0,392.0
SOC-000918,DSFLWR_2_W9CSB2,2025-07-04 05:30:00,98.0,392.0
SOC-000919,DSFLWR_2_W9CSB2,2025-07-04 06:30:00,98.0,392.0
SOC-000920,DSFLWR_2_W9CSB2,2025-07-04 07:30:00,98.0,392.0
SOC-000921,DSFLWR_2_W9CSB2,2025-07-04 08:30:00,96.1,384.3
SOC-000922,DSFLWR_2_W9CSB2,2025-07-04 09:30:00,94.8,379.3
SOC-000923,DSFLWR_2_W9CSB2,2025-07-04 10:30:00,96.3,385.1
SOC-000924,DSFLWR_2_W9CSB2,2025-07-04 11:30:00,98.0,392.0
SOC-000925,DSFLWR_2_W9CSB2,2025-07-04 12:30:00,98.0,392.0
SOC-000926,DSFLWR_2_W9CSB2,2025-07-04 13:30:00,97.6,390.6
SOC-000927,DSFLWR_2_W9CSB2,2025-07-04 14:30:00,98.0,392.0
SOC-000928,DSFLWR_2_W9CSB2,2025-07-04 15:30:00,98.0,392.0
SOC-000929,DSFLWR_2_W9CSB2,2025-07-04 16:30:00,79.1,316.3
SOC-000930,DSFLWR_2_W9CSB2,2025-07-04 17:30:00,65.2,260.8
SOC-000931,DSFLWR_2_W9CSB2,2025-07-04 18:30:00,51.8,207.4
SOC-000932,DSFLWR_2_W9CSB2,2025-07-04 19:30:00,40.8,163.3
SOC-000933,DSFLWR_2_W9CSB2,2025-07-04 20:30:00,23.0,91.8
SOC-000934,DSFLWR_2_W9CSB2,2025-07-04 21:30:00,10.3,41.0
SOC-000935,DSFLWR_2_W9CSB2,2025-07-04 22:30:00,12.1,48.3
SOC-000936,DSFLWR_2_W9CSB2,2025-07-04 23:30:00,13.2,52.7
SOC-000937,DSFLWR_2_W9CSB2,2025-07-05 00:30:00,66.1,264.5
SOC-000938,DSFLWR_2_W9CSB2,2025-07-05 01:30:00,73.8,295.1
SOC-000939,DSFLWR_2_W9CSB2,2025-07-05 02:30:00,79.4,317.6
SOC-000940,DSFLWR_2_W9CSB2,2025-07-05 03:30:00,85.3,341.3
SOC-000941,DSFLWR_2_W9CSB2,2025-07-05 04:30:00,94.8,379.2
SOC-000942,DSFLWR_2_W9CSB2,2025-07-05 05:30:00,98.0,392.0
SOC-000943,DSFLWR_2_W9CSB2,2025-07-05 06:30:00,98.0,392.0
SOC-000944,DSFLWR_2_W9CSB2,2025-07-05 07:30:00,98.0,392.0
SOC-000945,DSFLWR_2_W9CSB2,2025-07-05 08:30:00,96.6,386.4
SOC-000946,DSFLWR_2_W9CSB2,2025-07-05 09:30:00,95.9,383.7
SOC-000947,DSFLWR_2_W9CSB2,2025-07-05 10:30:00,96.1,384.5
SOC-000948,DSFLWR_2_W9CSB2,2025-07-05 11:30:00,97.0,388.2
SOC-000949,DSFLWR_2_W9CSB2,2025-07-05 12:30:00,95.6,382.2
SOC-000950,DSFLWR_2_W9CSB2,2025-07-05 13:30:00,93.2,372.9
SOC-000951,DSFLWR_2_W9CSB2,2025-07-05 14:30:00,93.2,372.7
SOC-000952,DSFLWR_2_W9CSB2,2025-07-05 15:30:00,92.4,369.8
SOC-000953,DSFLWR_2_W9CSB2,2025-07-05 16:30:00,76.2,304.7
SOC-000954,DSFLWR_2_W9CSB2,2025-07-05 17:30:00,64.6,258.4
SOC-000955,DSFLWR_2_W9CSB2,2025-07-05 18:30:00,45.0,179.8
SOC-000956,DSFLWR_2_W9CSB2,2025-07-05 19:30:00,32.1,128.5
SOC-000957,DSFLWR_2_W9CSB2,2025-07-05 20:30:00,21.2,84.7
SOC-000958,DSFLWR_2_W9CSB2,2025-07-05 21:30:00,2.0,8.0
SOC-000959,DSFLWR_2_W9CSB2,2025-07-05 22:30:00,2.0,8.0
SOC-000960,DSFLWR_2_W9CSB2,2025-07-05 23:30:00,3.8,15.0
SOC-000961,DSFLWR_2_W9CSB2,2025-07-06 00:30:00,61.3,245.2
SOC-000962,DSFLWR_2_W9CSB2,2025-07-06 01:30:00,75.4,301.7
SOC-000963,DSFLWR_2_W9CSB2,2025-07-06 02:30:00,87.8,351.3
SOC-000964,DSFLWR_2_W9CSB2,2025-07-06 03:30:00,98.0,392.0
SOC-000965,DSFLWR_2_W9CSB2,2025-07-06 04:30:00,98.0,392.0
SOC-000966,DSFLWR_2_W9CSB2,2025-07-06 05:30:00,98.0,392.0
SOC-000967,DSFLWR_2_W9CSB2,2025-07-06 06:30:00,98.0,392.0
SOC-000968,DSFLWR_2_W9CSB2,2025-07-06 07:30:00,98.0,392.0
SOC-000969,DSFLWR_2_W9CSB2,2025-07-06 08:30:00,97.9,391.7
SOC-000970,DSFLWR_2_W9CSB2,2025-07-06 09:30:00,97.0,388.1
SOC-000971,DSFLWR_2_W9CSB2,2025-07-06 10:30:00,98.0,392.0
SOC-000972,DSFLWR_2_W9CSB2,2025-07-06 11:30:00,98.0,392.0
SOC-000973,DSFLWR_2_W9CSB2,2025-07-06 12:30:00,97.8,391.1
SOC-000974,DSFLWR_2_W9CSB2,2025-07-06 13:30:00,97.2,388.8
SOC-000975,DSFLWR_2_W9CSB2,2025-07-06 14:30:00,98.0,392.0
SOC-000976,DSFLWR_2_W9CSB2,2025-07-06 15:30:00,95.8,383.3
SOC-000977,DSFLWR_2_W9CSB2,2025-07-06 16:30:00,78.1,312.2
SOC-000978,DSFLWR_2_W9CSB2,2025-07-06 17:30:00,64.4,257.5
SOC-000979,DSFLWR_2_W9CSB2,2025-07-06 18:30:00,50.8,203.3
SOC-000980,DSFLWR_2_W9CSB2,2025-07-06 19:30:00,40.0,159.9
SOC-000981,DSFLWR_2_W9CSB2,2025-07-06 20:30:00,21.0,83.8
SOC-000982,DSFLWR_2_W9CSB2,2025-07-06 21:30:00,8.9,35.4
SOC-000983,DSFLWR_2_W9CSB2,2025-07-06 22:30:00,6.7,26.6
SOC-000984,DSFLWR_2_W9CSB2,2025-07-06 23:30:00,4.2,16.8
SOC-000985,DSFLWR_2_W9CSB2,2025-07-07 00:30:00,50.7,202.8
SOC-000986,DSFLWR_2_W9CSB2,2025-07-07 01:30:00,61.5,246.0
SOC-000987,DSFLWR_2_W9CSB2,2025-07-07 02:30:00,75.4,301.7
SOC-000988,DSFLWR_2_W9CSB2,2025-07-07 03:30:00,90.0,359.8
SOC-000989,DSFLWR_2_W9CSB2,2025-07-07 04:30:00,97.4,389.5
SOC-000990,DSFLWR_2_W9CSB2,2025-07-07 05:30:00,98.0,392.0
SOC-000991,DSFLWR_2_W9CSB2,2025-07-07 06:30:00,98.0,392.0
SOC-000992,DSFLWR_2_W9CSB2,2025-07-07 07:30:00,98.0,392.0
SOC-000993,DSFLWR_2_W9CSB2,2025-07-07 08:30:00,98.0,392.0
SOC-000994,DSFLWR_2_W9CSB2,2025-07-07 09:30:00,98.0,392.0
SOC-000995,DSFLWR_2_W9CSB2,2025-07-07 10:30:00,98.0,392.0
SOC-000996,DSFLWR_2_W9CSB2,2025-07-07 11:30:00,98.0,392.0
SOC-000997,DSFLWR_2_W9CSB2,2025-07-07 12:30:00,98.0,392.0
SOC-000998,DSFLWR_2_W9CSB2,2025-07-07 13:30:00,97.8,391.1
SOC-000999,DSFLWR_2_W9CSB2,2025-07-07 14:30:00,95.8,383.1
SOC-001000,DSFLWR_2_W9CSB2,2025-07-07 15:30:00,96.5,385.9
SOC-001001,DSFLWR_2_W9CSB2,2025-07-07 16:30:00,77.3,309.2
SOC-001002,DSFLWR_2_W9CSB2,2025-07-07 17:30:00,62.6,250.4
SOC-001003,DSFLWR_2_W9CSB2,2025-07-07 18:30:00,45.1,180.3
SOC-001004,DSFLWR_2_W9CSB2,2025-07-07 19:30:00,24.3,97.3
SOC-001005,DSFLWR_2_W9CSB2,2025-07-07 20:30:00,7.1,28.3
SOC-001006,DSFLWR_2_W9CSB2,2025-07-07 21:30:00,2.0,8.0
SOC-001007,DSFLWR_2_W9CSB2,2025-07-07 22:30:00,2.8,11.3
SOC-001008,DSFLWR_2_W9CSB2,2025-07-07 23:30:00,2.2,8.8
SOC-001009,JANCRK_6_RCABT1,2025-07-01 00:30:00,60.3,241.2
SOC-001010,JANCRK_6_RCABT1,2025-07-01 01:30:00,72.5,290.0
SOC-001011,JANCRK_6_RCABT1,2025-07-01 02:30:00,82.0,328.0
SOC-001012,JANCRK_6_RCABT1,2025-07-01 03:30:00,89.3,357.4
SOC-001013,JANCRK_6_RCABT1,2025-07-01 04:30:00,95.7,382.8
SOC-001014,JANCRK_6_RCABT1,2025-07-01 05:30:00,98.0,392.0
SOC-001015,JANCRK_6_RCABT1,2025-07-01 06:30:00,98.0,392.0
SOC-001016,JANCRK_6_RCABT1,2025-07-01 07:30:00,98.0,392.0
SOC-001017,JANCRK_6_RCABT1,2025-07-01 08:30:00,98.0,392.0
SOC-001018,JANCRK_6_RCABT1,2025-07-01 09:30:00,98.0,392.0
SOC-001019,JANCRK_6_RCABT1,2025-07-01 10:30:00,96.8,387.0
SOC-001020,JANCRK_6_RCABT1,2025-07-01 11:30:00,94.6,378.4
SOC-001021,JANCRK_6_RCABT1,2025-07-01 12:30:00,96.6,386.3
SOC-001022,JANCRK_6_RCABT1,2025-07-01 13:30:00,98.0,392.0
SOC-001023,JANCRK_6_RCABT1,2025-07-01 14:30:00,98.0,392.0
SOC-001024,JANCRK_6_RCABT1,2025-07-01 15:30:00,98.0,392.0
SOC-001025,JANCRK_6_RCABT1,2025-07-01 16:30:00,82.6,330.4
SOC-001026,JANCRK_6_RCABT1,2025-07-01 17:30:00,66.0,263.9
SOC-001027,JANCRK_6_RCABT1,2025-07-01 18:30:00,54.2,216.8
SOC-001028,JANCRK_6_RCABT1,2025-07-01 19:30:00,34.9,139.6
SOC-001029,JANCRK_6_RCABT1,2025-07-01 20:30:00,17.2,69.0
SOC-001030,JANCRK_6_RCABT1,2025-07-01 21:30:00,2.0,8.0
SOC-001031,JANCRK_6_RCABT1,2025-07-01 22:30:00,4.4,17.5
SOC-001032,JANCRK_6_RCABT1,2025-07-01 23:30:00,4.2,17.0
SOC-001033,JANCRK_6_RCABT1,2025-07-02 00:30:00,51.2,204.8
SOC-001034,JANCRK_6_RCABT1,2025-07-02 01:30:00,63.1,252.4
SOC-001035,JANCRK_6_RCABT1,2025-07-02 02:30:00,76.8,307.3
SOC-001036,JANCRK_6_RCABT1,2025-07-02 03:30:00,84.4,337.6
SOC-001037,JANCRK_6_RCABT1,2025-07-02 04:30:00,91.3,365.4
SOC-001038,JANCRK_6_RCABT1,2025-07-02 05:30:00,98.0,392.0
SOC-001039,JANCRK_6_RCABT1,2025-07-02 06:30:00,98.0,392.0
SOC-001040,JANCRK_6_RCABT1,2025-07-02 07:30:00,98.0,392.0
SOC-001041,JANCRK_6_RCABT1,2025-07-02 08:30:00,96.7,386.9
SOC-001042,JANCRK_6_RCABT1,2025-07-02 09:30:00,98.0,392.0
SOC-001043,JANCRK_6_RCABT1,2025-07-02 10:30:00,98.0,392.0
SOC-001044,JANCRK_6_RCABT1,2025-07-02 11:30:00,98.0,392.0
SOC-001045,JANCRK_6_RCABT1,2025-07-02 12:30:00,97.1,388.3
SOC-001046,JANCRK_6_RCABT1,2025-07-02 13:30:00,94.9,379.4
SOC-001047,JANCRK_6_RCABT1,2025-07-02 14:30:00,95.3,381.2
SOC-001048,JANCRK_6_RCABT1,2025-07-02 15:30:00,96.4,385.7
SOC-001049,JANCRK_6_RCABT1,2025-07-02 16:30:00,77.4,309.7
SOC-001050,JANCRK_6_RCABT1,2025-07-02 17:30:00,60.9,243.6
SOC-001051,JANCRK_6_RCABT1,2025-07-02 18:30:00,38.5,154.1
SOC-001052,JANCRK_6_RCABT1,2025-07-02 19:30:00,23.0,92.1
SOC-001053,JANCRK_6_RCABT1,2025-07-02 20:30:00,10.8,43.0
SOC-001054,JANCRK_6_RCABT1,2025-07-02 21:30:00,2.0,8.0
SOC-001055,JANCRK_6_RCABT1,2025-07-02 22:30:00,2.0,8.0
SOC-001056,JANCRK_6_RCABT1,2025-07-02 23:30:00,4.0,15.8
SOC-001057,JANCRK_6_RCABT1,2025-07-03 00:30:00,69.6,278.4
SOC-001058,JANCRK_6_RCABT1,2025-07-03 01:30:00,78.6,314.2
SOC-001059,JANCRK_6_RCABT1,2025-07-03 02:30:00,92.3,369.2
SOC-001060,JANCRK_6_RCABT1,2025-07-03 03:30:00,98.0,392.0
SOC-001061,JANCRK_6_RCABT1,2025-07-03 04:30:00,98.0,392.0
SOC-001062,JANCRK_6_RCABT1,2025-07-03 05:30:00,98.0,392.0
SOC-001063,JANCRK_6_RCABT1,2025-07-03 06:30:00,98.0,392.0
SOC-001064,JANCRK_6_RCABT1,2025-07-03 07:30:00,98.0,392.0
SOC-001065,JANCRK_6_RCABT1,2025-07-03 08:30:00,97.2,388.6
SOC-001066,JANCRK_6_RCABT1,2025-07-03 09:30:00,97.4,389.8
SOC-001067,JANCRK_6_RCABT1,2025-07-03 10:30:00,97.8,391.0
SOC-001068,JANCRK_6_RCABT1,2025-07-03 11:30:00,98.0,392.0
SOC-001069,JANCRK_6_RCABT1,2025-07-03 12:30:00,98.0,392.0
SOC-001070,JANCRK_6_RCABT1,2025-07-03 13:30:00,98.0,392.0
SOC-001071,JANCRK_6_RCABT1,2025-07-03 14:30:00,96.8,387.4
SOC-001072,JANCRK_6_RCABT1,2025-07-03 15:30:00,97.0,388.1
SOC-001073,JANCRK_6_RCABT1,2025-07-03 16:30:00,77.0,308.0
SOC-001074,JANCRK_6_RCABT1,2025-07-03 17:30:00,63.2,252.8
SOC-001075,JANCRK_6_RCABT1,2025-07-03 18:30:00,41.7,166.7
SOC-001076,JANCRK_6_RCABT1,2025-07-03 19:30:00,28.6,114.5
SOC-001077,JANCRK_6_RCABT1,2025-07-03 20:30:00,13.6,54.4
SOC-001078,JANCRK_6_RCABT1,2025-07-03 21:30:00,3.5,13.9
SOC-001079,JANCRK_6_RCABT1,2025-07-03 22:30:00,2.3,9.0
SOC-001080,JANCRK_6_RCABT1,2025-07-03 23:30:00,4.2,16.8
SOC-001081,JANCRK_6_RCABT1,2025-07-04 00:30:00,65.8,263.1
SOC-001082,JANCRK_6_RCABT1,2025-07-04 01:30:00,75.3,301.1
SOC-001083,JANCRK_6_RCABT1,2025-07-04 02:30:00,83.9,335.6
SOC-001084,JANCRK_6_RCABT1,2025-07-04 03:30:00,90.4,361.5
SOC-001085,JANCRK_6_RCABT1,2025-07-04 04:30:00,98.0,392.0
SOC-001086,JANCRK_6_RCABT1,2025-07-04 05:30:00,98.0,392.0
SOC-001087,JANCRK_6_RCABT1,2025-07-04 06:30:00,98.0,392.0
SOC-001088,JANCRK_6_RCABT1,2025-07-04 07:30:00,98.0,392.0
SOC-001089,JANCRK_6_RCABT1,2025-07-04 08:30:00,96.4,385.8
SOC-001090,JANCRK_6_RCABT1,2025-07-04 09:30:00,95.0,379.9
SOC-001091,JANCRK_6_RCABT1,2025-07-04 10:30:00,97.4,389.7
SOC-001092,JANCRK_6_RCABT1,2025-07-04 11:30:00,96.3,385.0
SOC-001093,JANCRK_6_RCABT1,2025-07-04 12:30:00,94.9,379.4
SOC-001094,JANCRK_6_RCABT1,2025-07-04 13:30:00,96.5,386.0
SOC-001095,JANCRK_6_RCABT1,2025-07-04 14:30:00,97.4,389.7
SOC-001096,JANCRK_6_RCABT1,2025-07-04 15:30:00,96.0,383.8
SOC-001097,JANCRK_6_RCABT1,2025-07-04 16:30:00,80.4,321.6
SOC-001098,JANCRK_6_RCABT1,2025-07-04 17:30:00,61.4,245.5
SOC-001099,JANCRK_6_RCABT1,2025-07-04 18:30:00,42.3,169.0
SOC-001100,JANCRK_6_RCABT1,2025-07-04 19:30:00,28.3,113.0
SOC-001101,JANCRK_6_RCABT1,2025-07-04 20:30:00,16.4,65.4
SOC-001102,JANCRK_6_RCABT1,2025-07-04 21:30:00,4.5,17.9
SOC-001103,JANCRK_6_RCABT1,2025-07-04 22:30:00,3.0,12.1
SOC-001104,JANCRK_6_RCABT1,2025-07-04 23:30:00,2.0,8.0
SOC-001105,JANCRK_6_RCABT1,2025-07-05 00:30:00,55.6,222.3
SOC-001106,JANCRK_6_RCABT1,2025-07-05 01:30:00,61.6,246.5
SOC-001107,JANCRK_6_RCABT1,2025-07-05 02:30:00,74.9,299.6
SOC-001108,JANCRK_6_RCABT1,2025-07-05 03:30:00,88.2,352.9
SOC-001109,JANCRK_6_RCABT1,2025-07-05 04:30:00,97.4,389.6
SOC-001110,JANCRK_6_RCABT1,2025-07-05 05:30:00,98.0,392.0
SOC-001111,JANCRK_6_RCABT1,2025-07-05 06:30:00,98.0,392.0
SOC-001112,JANCRK_6_RCABT1,2025-07-05 07:30:00,98.0,392.0
SOC-001113,JANCRK_6_RCABT1,2025-07-05 08:30:00,98.0,392.0
SOC-001114,JANCRK_6_RCABT1,2025-07-05 09:30:00,97.0,388.1
SOC-001115,JANCRK_6_RCABT1,2025-07-05 10:30:00,98.0,392.0
SOC-001116,JANCRK_6_RCABT1,2025-07-05 11:30:00,98.0,392.0
SOC-001117,JANCRK_6_RCABT1,2025-07-05 12:30:00,98.0,392.0
SOC-001118,JANCRK_6_RCABT1,2025-07-05 13:30:00,98.0,392.0
SOC-001119,JANCRK_6_RCABT1,2025-07-05 14:30:00,98.0,392.0
SOC-001120,JANCRK_6_RCABT1,2025-07-05 15:30:00,98.0,392.0
SOC-001121,JANCRK_6_RCABT1,2025-07-05 16:30:00,76.3,305.1
SOC-001122,JANCRK_6_RCABT1,2025-07-05 17:30:00,64.4,257.8
SOC-001123,JANCRK_6_RCABT1,2025-07-05 18:30:00,51.0,204.0
SOC-001124,JANCRK_6_RCABT1,2025-07-05 19:30:00,33.4,133.7
SOC-001125,JANCRK_6_RCABT1,2025-07-05 20:30:00,19.7,78.9
SOC-001126,JANCRK_6_RCABT1,2025-07-05 21:30:00,2.0,8.0
SOC-001127,JANCRK_6_RCABT1,2025-07-05 22:30:00,3.0,11.8
SOC-001128,JANCRK_6_RCABT1,2025-07-05 23:30:00,4.4,17.7
SOC-001129,JANCRK_6_RCABT1,2025-07-06 00:30:00,46.7,186.7
SOC-001130,JANCRK_6_RCABT1,2025-07-06 01:30:00,55.5,222.0
SOC-001131,JANCRK_6_RCABT1,2025-07-06 02:30:00,66.1,264.6
SOC-001132,JANCRK_6_RCABT1,2025-07-06 03:30:00,74.8,299.1
SOC-001133,JANCRK_6_RCABT1,2025-07-06 04:30:00,83.4,333.7
SOC-001134,JANCRK_6_RCABT1,2025-07-06 05:30:00,96.3,385.1
SOC-001135,JANCRK_6_RCABT1,2025-07-06 06:30:00,98.0,392.0
SOC-001136,JANCRK_6_RCABT1,2025-07-06 07:30:00,98.0,392.0
SOC-001137,JANCRK_6_RCABT1,2025-07-06 08:30:00,98.0,392.0
SOC-001138,JANCRK_6_RCABT1,2025-07-06 09:30:00,98.0,392.0
SOC-001139,JANCRK_6_RCABT1,2025-07-06 10:30:00,96.4,385.8
SOC-001140,JANCRK_6_RCABT1,2025-07-06 11:30:00,95.2,380.9
SOC-001141,JANCRK_6_RCABT1,2025-07-06 12:30:00,96.7,386.9
SOC-001142,JANCRK_6_RCABT1,2025-07-06 13:30:00,96.6,386.5
SOC-001143,JANCRK_6_RCABT1,2025-07-06 14:30:00,98.0,392.0
SOC-001144,JANCRK_6_RCABT1,2025-07-06 15:30:00,98.0,392.0
SOC-001145,JANCRK_6_RCABT1,2025-07-06 16:30:00,86.5,345.9
SOC-001146,JANCRK_6_RCABT1,2025-07-06 17:30:00,71.0,284.1
SOC-001147,JANCRK_6_RCABT1,2025-07-06 18:30:00,60.5,242.0
SOC-001148,JANCRK_6_RCABT1,2025-07-06 19:30:00,49.6,198.2
SOC-001149,JANCRK_6_RCABT1,2025-07-06 20:30:00,35.0,140.0
SOC-001150,JANCRK_6_RCABT1,2025-07-06 21:30:00,15.6,62.5
SOC-001151,JANCRK_6_RCABT1,2025-07-06 22:30:00,17.4,69.6
SOC-001152,JANCRK_6_RCABT1,2025-07-06 23:30:00,18.0,72.2
SOC-001153,JANCRK_6_RCABT1,2025-07-07 00:30:00,51.4,205.8
SOC-001154,JANCRK_6_RCABT1,2025-07-07 01:30:00,58.3,233.4
SOC-001155,JANCRK_6_RCABT1,2025-07-07 02:30:00,73.0,292.2
SOC-001156,JANCRK_6_RCABT1,2025-07-07 03:30:00,86.9,347.5
SOC-001157,JANCRK_6_RCABT1,2025-07-07 04:30:00,98.0,392.0
SOC-001158,JANCRK_6_RCABT1,2025-07-07 05:30:00,98.0,392.0
SOC-001159,JANCRK_6_RCABT1,2025-07-07 06:30:00,98.0,392.0
SOC-001160,JANCRK_6_RCABT1,2025-07-07 07:30:00,98.0,392.0
SOC-001161,JANCRK_6_RCABT1,2025-07-07 08:30:00,97.9,391.6
SOC-001162,JANCRK_6_RCABT1,2025-07-07 09:30:00,98.0,392.0
SOC-001163,JANCRK_6_RCABT1,2025-07-07 10:30:00,98.0,392.0
SOC-001164,JANCRK_6_RCABT1,2025-07-07 11:30:00,98.0,392.0
SOC-001165,JANCRK_6_RCABT1,2025-07-07 12:30:00,98.0,392.0
SOC-001166,JANCRK_6_RCABT1,2025-07-07 13:30:00,98.0,392.0
SOC-001167,JANCRK_6_RCABT1,2025-07-07 14:30:00,97.5,390.1
SOC-001168,JANCRK_6_RCABT1,2025-07-07 15:30:00,98.0,392.0
SOC-001169,JANCRK_6_RCABT1,2025-07-07 16:30:00,86.3,345.2
SOC-001170,JANCRK_6_RCABT1,2025-07-07 17:30:00,73.5,293.9
SOC-001171,JANCRK_6_RCABT1,2025-07-07 18:30:00,55.5,221.9
SOC-001172,JANCRK_6_RCABT1,2025-07-07 19:30:00,43.8,175.4
SOC-001173,JANCRK_6_RCABT1,2025-07-07 20:30:00,29.9,119.6
SOC-001174,JANCRK_6_RCABT1,2025-07-07 21:30:00,9.9,39.8
SOC-001175,JANCRK_6_RCABT1,2025-07-07 22:30:00,12.2,49.0
SOC-001176,JANCRK_6_RCABT1,2025-07-07 23:30:00,10.9,43.8
SOC-001177,PUTHCR_1_PCNSB1,2025-07-01 00:30:00,55.3,221.2
SOC-001178,PUTHCR_1_PCNSB1,2025-07-01 01:30:00,68.6,274.6
SOC-001179,PUTHCR_1_PCNSB1,2025-07-01 02:30:00,74.8,299.3
SOC-001180,PUTHCR_1_PCNSB1,2025-07-01 03:30:00,83.2,332.7
SOC-001181,PUTHCR_1_PCNSB1,2025-07-01 04:30:00,93.3,373.4
SOC-001182,PUTHCR_1_PCNSB1,2025-07-01 05:30:00,98.0,392.0
SOC-001183,PUTHCR_1_PCNSB1,2025-07-01 06:30:00,98.0,392.0
SOC-001184,PUTHCR_1_PCNSB1,2025-07-01 07:30:00,98.0,392.0
SOC-001185,PUTHCR_1_PCNSB1,2025-07-01 08:30:00,96.6,386.4
SOC-001186,PUTHCR_1_PCNSB1,2025-07-01 09:30:00,97.9,391.5
SOC-001187,PUTHCR_1_PCNSB1,2025-07-01 10:30:00,98.0,392.0
SOC-001188,PUTHCR_1_PCNSB1,2025-07-01 11:30:00,96.6,386.3
SOC-001189,PUTHCR_1_PCNSB1,2025-07-01 12:30:00,98.0,392.0
SOC-001190,PUTHCR_1_PCNSB1,2025-07-01 13:30:00,98.0,392.0
SOC-001191,PUTHCR_1_PCNSB1,2025-07-01 14:30:00,98.0,392.0
SOC-001192,PUTHCR_1_PCNSB1,2025-07-01 15:30:00,98.0,392.0
SOC-001193,PUTHCR_1_PCNSB1,2025-07-01 16:30:00,81.8,327.4
SOC-001194,PUTHCR_1_PCNSB1,2025-07-01 17:30:00,62.8,251.3
SOC-001195,PUTHCR_1_PCNSB1,2025-07-01 18:30:00,40.7,162.9
SOC-001196,PUTHCR_1_PCNSB1,2025-07-01 19:30:00,23.5,93.9
SOC-001197,PUTHCR_1_PCNSB1,2025-07-01 20:30:00,9.6,38.3
SOC-001198,PUTHCR_1_PCNSB1,2025-07-01 21:30:00,2.0,8.0
SOC-001199,PUTHCR_1_PCNSB1,2025-07-01 22:30:00,4.0,16.2
SOC-001200,PUTHCR_1_PCNSB1,2025-07-01 23:30:00,2.1,8.3
SOC-001201,PUTHCR_1_PCNSB1,2025-07-02 00:30:00,54.5,217.9
SOC-001202,PUTHCR_1_PCNSB1,2025-07-02 01:30:00,67.1,268.5
SOC-001203,PUTHCR_1_PCNSB1,2025-07-02 02:30:00,80.5,321.8
SOC-001204,PUTHCR_1_PCNSB1,2025-07-02 03:30:00,93.0,371.9
SOC-001205,PUTHCR_1_PCNSB1,2025-07-02 04:30:00,98.0,392.0
SOC-001206,PUTHCR_1_PCNSB1,2025-07-02 05:30:00,98.0,392.0
SOC-001207,PUTHCR_1_PCNSB1,2025-07-02 06:30:00,98.0,392.0
SOC-001208,PUTHCR_1_PCNSB1,2025-07-02 07:30:00,98.0,392.0
SOC-001209,PUTHCR_1_PCNSB1,2025-07-02 08:30:00,98.0,392.0
SOC-001210,PUTHCR_1_PCNSB1,2025-07-02 09:30:00,98.0,392.0
SOC-001211,PUTHCR_1_PCNSB1,2025-07-02 10:30:00,97.9,391.5
SOC-001212,PUTHCR_1_PCNSB1,2025-07-02 11:30:00,97.6,390.6
SOC-001213,PUTHCR_1_PCNSB1,2025-07-02 12:30:00,98.0,392.0
SOC-001214,PUTHCR_1_PCNSB1,2025-07-02 13:30:00,98.0,392.0
SOC-001215,PUTHCR_1_PCNSB1,2025-07-02 14:30:00,97.4,389.5
SOC-001216,PUTHCR_1_PCNSB1,2025-07-02 15:30:00,97.0,388.1
SOC-001217,PUTHCR_1_PCNSB1,2025-07-02 16:30:00,82.1,328.4
SOC-001218,PUTHCR_1_PCNSB1,2025-07-02 17:30:00,62.6,250.4
SOC-001219,PUTHCR_1_PCNSB1,2025-07-02 18:30:00,46.9,187.6
SOC-001220,PUTHCR_1_PCNSB1,2025-07-02 19:30:00,36.3,145.1
SOC-001221,PUTHCR_1_PCNSB1,2025-07-02 20:30:00,18.7,74.7
SOC-001222,PUTHCR_1_PCNSB1,2025-07-02 21:30:00,2.0,8.0
SOC-001223,PUTHCR_1_PCNSB1,2025-07-02 22:30:00,2.4,9.8
SOC-001224,PUTHCR_1_PCNSB1,2025-07-02 23:30:00,2.0,8.0
SOC-001225,PUTHCR_1_PCNSB1,2025-07-03 00:30:00,69.5,277.9
SOC-001226,PUTHCR_1_PCNSB1,2025-07-03 01:30:00,83.6,334.5
SOC-001227,PUTHCR_1_PCNSB1,2025-07-03 02:30:00,92.9,371.7
SOC-001228,PUTHCR_1_PCNSB1,2025-07-03 03:30:00,98.0,392.0
SOC-001229,PUTHCR_1_PCNSB1,2025-07-03 04:30:00,98.0,392.0
SOC-001230,PUTHCR_1_PCNSB1,2025-07-03 05:30:00,98.0,392.0
SOC-001231,PUTHCR_1_PCNSB1,2025-07-03 06:30:00,98.0,392.0
SOC-001232,PUTHCR_1_PCNSB1,2025-07-03 07:30:00,98.0,392.0
SOC-001233,PUTHCR_1_PCNSB1,2025-07-03 08:30:00,98.0,392.0
SOC-001234,PUTHCR_1_PCNSB1,2025-07-03 09:30:00,96.1,384.3
SOC-001235,PUTHCR_1_PCNSB1,2025-07-03 10:30:00,94.6,378.3
SOC-001236,PUTHCR_1_PCNSB1,2025-07-03 11:30:00,94.2,376.6
SOC-001237,PUTHCR_1_PCNSB1,2025-07-03 12:30:00,94.3,377.1
SOC-001238,PUTHCR_1_PCNSB1,2025-07-03 13:30:00,96.2,385.0
SOC-001239,PUTHCR_1_PCNSB1,2025-07-03 14:30:00,97.3,389.3
SOC-001240,PUTHCR_1_PCNSB1,2025-07-03 15:30:00,97.0,387.9
SOC-001241,PUTHCR_1_PCNSB1,2025-07-03 16:30:00,81.3,325.0
SOC-001242,PUTHCR_1_PCNSB1,2025-07-03 17:30:00,62.3,249.2
SOC-001243,PUTHCR_1_PCNSB1,2025-07-03 18:30:00,46.6,186.2
SOC-001244,PUTHCR_1_PCNSB1,2025-07-03 19:30:00,35.2,140.9
SOC-001245,PUTHCR_1_PCNSB1,2025-07-03 20:30:00,15.4,61.5
SOC-001246,PUTHCR_1_PCNSB1,2025-07-03 21:30:00,2.0,8.0
SOC-001247,PUTHCR_1_PCNSB1,2025-07-03 22:30:00,3.2,12.9
SOC-001248,PUTHCR_1_PCNSB1,2025-07-03 23:30:00,2.0,8.0
SOC-001249,PUTHCR_1_PCNSB1,2025-07-04 00:30:00,52.6,210.3
SOC-001250,PUTHCR_1_PCNSB1,2025-07-04 01:30:00,65.2,260.7
SOC-001251,PUTHCR_1_PCNSB1,2025-07-04 02:30:00,78.3,313.3
SOC-001252,PUTHCR_1_PCNSB1,2025-07-04 03:30:00,86.7,346.9
SOC-001253,PUTHCR_1_PCNSB1,2025-07-04 04:30:00,98.0,392.0
SOC-001254,PUTHCR_1_PCNSB1,2025-07-04 05:30:00,98.0,392.0
SOC-001255,PUTHCR_1_PCNSB1,2025-07-04 06:30:00,98.0,392.0
SOC-001256,PUTHCR_1_PCNSB1,2025-07-04 07:30:00,98.0,392.0
SOC-001257,PUTHCR_1_PCNSB1,2025-07-04 08:30:00,96.8,387.4
SOC-001258,PUTHCR_1_PCNSB1,2025-07-04 09:30:00,95.5,382.0
SOC-001259,PUTHCR_1_PCNSB1,2025-07-04 10:30:00,94.8,379.4
SOC-001260,PUTHCR_1_PCNSB1,2025-07-04 11:30:00,93.4,373.8
SOC-001261,PUTHCR_1_PCNSB1,2025-07-04 12:30:00,93.6,374.6
SOC-001262,PUTHCR_1_PCNSB1,2025-07-04 13:30:00,92.7,371.0
SOC-001263,PUTHCR_1_PCNSB1,2025-07-04 14:30:00,94.9,379.7
SOC-001264,PUTHCR_1_PCNSB1,2025-07-04 15:30:00,95.2,380.8
SOC-001265,PUTHCR_1_PCNSB1,2025-07-04 16:30:00,73.6,294.3
SOC-001266,PUTHCR_1_PCNSB1,2025-07-04 17:30:00,60.4,241.6
SOC-001267,PUTHCR_1_PCNSB1,2025-07-04 18:30:00,40.5,161.9
SOC-001268,PUTHCR_1_PCNSB1,2025-07-04 19:30:00,25.6,102.6
SOC-001269,PUTHCR_1_PCNSB1,2025-07-04 20:30:00,12.3,49.2
SOC-001270,PUTHCR_1_PCNSB1,2025-07-04 21:30:00,2.0,8.0
SOC-001271,PUTHCR_1_PCNSB1,2025-07-04 22:30:00,2.4,9.5
SOC-001272,PUTHCR_1_PCNSB1,2025-07-04 23:30:00,2.0,8.0
SOC-001273,PUTHCR_1_PCNSB1,2025-07-05 00:30:00,55.4,221.5
SOC-001274,PUTHCR_1_PCNSB1,2025-07-05 01:30:00,69.9,279.8
SOC-001275,PUTHCR_1_PCNSB1,2025-07-05 02:30:00,80.9,323.7
SOC-001276,PUTHCR_1_PCNSB1,2025-07-05 03:30:00,93.7,374.8
SOC-001277,PUTHCR_1_PCNSB1,2025-07-05 04:30:00,98.0,392.0
SOC-001278,PUTHCR_1_PCNSB1,2025-07-05 05:30:00,98.0,392.0
SOC-001279,PUTHCR_1_PCNSB1,2025-07-05 06:30:00,98.0,392.0
SOC-001280,PUTHCR_1_PCNSB1,2025-07-05 07:30:00,98.0,392.0
SOC-001281,PUTHCR_1_PCNSB1,2025-07-05 08:30:00,95.6,382.3
SOC-001282,PUTHCR_1_PCNSB1,2025-07-05 09:30:00,96.9,387.6
SOC-001283,PUTHCR_1_PCNSB1,2025-07-05 10:30:00,95.4,381.8
SOC-001284,PUTHCR_1_PCNSB1,2025-07-05 11:30:00,93.4,373.5
SOC-001285,PUTHCR_1_PCNSB1,2025-07-05 12:30:00,95.2,381.0
SOC-001286,PUTHCR_1_PCNSB1,2025-07-05 13:30:00,96.5,386.0
SOC-001287,PUTHCR_1_PCNSB1,2025-07-05 14:30:00,97.1,388.4
SOC-001288,PUTHCR_1_PCNSB1,2025-07-05 15:30:00,97.2,388.8
SOC-001289,PUTHCR_1_PCNSB1,2025-07-05 16:30:00,80.4,321.6
SOC-001290,PUTHCR_1_PCNSB1,2025-07-05 17:30:00,63.2,253.0
SOC-001291,PUTHCR_1_PCNSB1,2025-07-05 18:30:00,44.7,178.9
SOC-001292,PUTHCR_1_PCNSB1,2025-07-05 19:30:00,23.5,94.0
SOC-001293,PUTHCR_1_PCNSB1,2025-07-05 20:30:00,2.0,8.0
SOC-001294,PUTHCR_1_PCNSB1,2025-07-05 21:30:00,2.0,8.0
SOC-001295,PUTHCR_1_PCNSB1,2025-07-05 22:30:00,2.0,8.0
SOC-001296,PUTHCR_1_PCNSB1,2025-07-05 23:30:00,4.4,17.6
SOC-001297,PUTHCR_1_PCNSB1,2025-07-06 00:30:00,63.2,253.0
SOC-001298,PUTHCR_1_PCNSB1,2025-07-06 01:30:00,70.5,282.1
SOC-001299,PUTHCR_1_PCNSB1,2025-07-06 02:30:00,83.3,333.3
SOC-001300,PUTHCR_1_PCNSB1,2025-07-06 03:30:00,98.0,392.0
SOC-001301,PUTHCR_1_PCNSB1,2025-07-06 04:30:00,98.0,392.0
SOC-001302,PUTHCR_1_PCNSB1,2025-07-06 05:30:00,98.0,392.0
SOC-001303,PUTHCR_1_PCNSB1,2025-07-06 06:30:00,98.0,392.0
SOC-001304,PUTHCR_1_PCNSB1,2025-07-06 07:30:00,98.0,392.0
SOC-001305,PUTHCR_1_PCNSB1,2025-07-06 08:30:00,96.0,384.0
SOC-001306,PUTHCR_1_PCNSB1,2025-07-06 09:30:00,96.0,383.9
SOC-001307,PUTHCR_1_PCNSB1,2025-07-06 10:30:00,97.2,389.0
SOC-001308,PUTHCR_1_PCNSB1,2025-07-06 11:30:00,95.4,381.7
SOC-001309,PUTHCR_1_PCNSB1,2025-07-06 12:30:00,96.0,384.1
SOC-001310,PUTHCR_1_PCNSB1,2025-07-06 13:30:00,96.7,387.0
SOC-001311,PUTHCR_1_PCNSB1,2025-07-06 14:30:00,97.1,388.3
SOC-001312,PUTHCR_1_PCNSB1,2025-07-06 15:30:00,98.0,392.0
SOC-001313,PUTHCR_1_PCNSB1,2025-07-06 16:30:00,87.1,348.5
SOC-001314,PUTHCR_1_PCNSB1,2025-07-06 17:30:00,69.6,278.2
SOC-001315,PUTHCR_1_PCNSB1,2025-07-06 18:30:00,51.6,206.6
SOC-001316,PUTHCR_1_PCNSB1,2025-07-06 19:30:00,34.2,137.0
SOC-001317,PUTHCR_1_PCNSB1,2025-07-06 20:30:00,14.6,58.3
SOC-001318,PUTHCR_1_PCNSB1,2025-07-06 21:30:00,3.5,14.0
SOC-001319,PUTHCR_1_PCNSB1,2025-07-06 22:30:00,2.6,10.6
SOC-001320,PUTHCR_1_PCNSB1,2025-07-06 23:30:00,3.4,13.6
SOC-001321,PUTHCR_1_PCNSB1,2025-07-07 00:30:00,54.0,216.1
SOC-001322,PUTHCR_1_PCNSB1,2025-07-07 01:30:00,66.2,265.0
SOC-001323,PUTHCR_1_PCNSB1,2025-07-07 02:30:00,71.5,286.1
SOC-001324,PUTHCR_1_PCNSB1,2025-07-07 03:30:00,85.5,341.9
SOC-001325,PUTHCR_1_PCNSB1,2025-07-07 04:30:00,95.9,383.5
SOC-001326,PUTHCR_1_PCNSB1,2025-07-07 05:30:00,98.0,392.0
SOC-001327,PUTHCR_1_PCNSB1,2025-07-07 06:30:00,98.0,392.0
SOC-001328,PUTHCR_1_PCNSB1,2025-07-07 07:30:00,98.0,392.0
SOC-001329,PUTHCR_1_PCNSB1,2025-07-07 08:30:00,95.6,382.3
SOC-001330,PUTHCR_1_PCNSB1,2025-07-07 09:30:00,95.3,381.3
SOC-001331,PUTHCR_1_PCNSB1,2025-07-07 10:30:00,97.0,387.9
SOC-001332,PUTHCR_1_PCNSB1,2025-07-07 11:30:00,95.0,379.9
SOC-001333,PUTHCR_1_PCNSB1,2025-07-07 12:30:00,97.0,388.0
SOC-001334,PUTHCR_1_PCNSB1,2025-07-07 13:30:00,96.7,386.6
SOC-001335,PUTHCR_1_PCNSB1,2025-07-07 14:30:00,98.0,392.0
SOC-001336,PUTHCR_1_PCNSB1,2025-07-07 15:30:00,98.0,392.0
SOC-001337,PUTHCR_1_PCNSB1,2025-07-07 16:30:00,83.2,333.0
SOC-001338,PUTHCR_1_PCNSB1,2025-07-07 17:30:00,71.6,286.5
SOC-001339,PUTHCR_1_PCNSB1,2025-07-07 18:30:00,49.5,197.9
SOC-001340,PUTHCR_1_PCNSB1,2025-07-07 19:30:00,30.4,121.8
SOC-001341,PUTHCR_1_PCNSB1,2025-07-07 20:30:00,17.6,70.4
SOC-001342,PUTHCR_1_PCNSB1,2025-07-07 21:30:00,2.0,8.0
SOC-001343,PUTHCR_1_PCNSB1,2025-07-07 22:30:00,2.0,8.0
SOC-001344,PUTHCR_1_PCNSB1,2025-07-07 23:30:00,2.0,8.0
SOC-001345,KRAMER_1_R1BX3,2025-07-01 00:30:00,64.8,259.4
SOC-001346,KRAMER_1_R1BX3,2025-07-01 01:30:00,73.7,294.9
SOC-001347,KRAMER_1_R1BX3,2025-07-01 02:30:00,80.3,321.3
SOC-001348,KRAMER_1_R1BX3,2025-07-01 03:30:00,87.6,350.6
SOC-001349,KRAMER_1_R1BX3,2025-07-01 04:30:00,98.0,392.0
SOC-001350,KRAMER_1_R1BX3,2025-07-01 05:30:00,98.0,392.0
SOC-001351,KRAMER_1_R1BX3,2025-07-01 06:30:00,98.0,392.0
SOC-001352,KRAMER_1_R1BX3,2025-07-01 07:30:00,98.0,392.0
SOC-001353,KRAMER_1_R1BX3,2025-07-01 08:30:00,98.0,392.0
SOC-001354,KRAMER_1_R1BX3,2025-07-01 09:30:00,95.9,383.5
SOC-001355,KRAMER_1_R1BX3,2025-07-01 10:30:00,94.9,379.5
SOC-001356,KRAMER_1_R1BX3,2025-07-01 11:30:00,93.1,372.5
SOC-001357,KRAMER_1_R1BX3,2025-07-01 12:30:00,95.0,380.1
SOC-001358,KRAMER_1_R1BX3,2025-07-01 13:30:00,94.2,376.7
SOC-001359,KRAMER_1_R1BX3,2025-07-01 14:30:00,94.5,378.0
SOC-001360,KRAMER_1_R1BX3,2025-07-01 15:30:00,93.3,373.0
SOC-001361,KRAMER_1_R1BX3,2025-07-01 16:30:00,73.3,293.3
SOC-001362,KRAMER_1_R1BX3,2025-07-01 17:30:00,59.0,236.0
SOC-001363,KRAMER_1_R1BX3,2025-07-01 18:30:00,46.5,185.8
SOC-001364,KRAMER_1_R1BX3,2025-07-01 19:30:00,30.2,120.7
SOC-001365,KRAMER_1_R1BX3,2025-07-01 20:30:00,17.5,69.9
SOC-001366,KRAMER_1_R1BX3,2025-07-01 21:30:00,2.0,8.0
SOC-001367,KRAMER_1_R1BX3,2025-07-01 22:30:00,2.0,8.0
SOC-001368,KRAMER_1_R1BX3,2025-07-01 23:30:00,4.1,16.3
SOC-001369,KRAMER_1_R1BX3,2025-07-02 00:30:00,68.5,274.0
SOC-001370,KRAMER_1_R1BX3,2025-07-02 01:30:00,74.3,297.2
SOC-001371,KRAMER_1_R1BX3,2025-07-02 02:30:00,89.0,355.9
SOC-001372,KRAMER_1_R1BX3,2025-07-02 03:30:00,98.0,392.0
SOC-001373,KRAMER_1_R1BX3,2025-07-02 04:30:00,98.0,392.0
SOC-001374,KRAMER_1_R1BX3,2025-07-02 05:30:00,98.0,392.0
SOC-001375,KRAMER_1_R1BX3,2025-07-02 06:30:00,98.0,392.0
SOC-001376,KRAMER_1_R1BX3,2025-07-02 07:30:00,98.0,392.0
SOC-001377,KRAMER_1_R1BX3,2025-07-02 08:30:00,95.8,383.2
SOC-001378,KRAMER_1_R1BX3,2025-07-02 09:30:00,95.5,381.9
SOC-001379,KRAMER_1_R1BX3,2025-07-02 10:30:00,93.8,375.1
SOC-001380,KRAMER_1_R1BX3,2025-07-02 11:30:00,93.9,375.8
SOC-001381,KRAMER_1_R1BX3,2025-07-02 12:30:00,95.4,381.5
SOC-001382,KRAMER_1_R1BX3,2025-07-02 13:30:00,97.8,391.2
SOC-001383,KRAMER_1_R1BX3,2025-07-02 14:30:00,96.1,384.5
SOC-001384,KRAMER_1_R1BX3,2025-07-02 15:30:00,97.4,389.6
SOC-001385,KRAMER_1_R1BX3,2025-07-02 16:30:00,76.7,306.8
SOC-001386,KRAMER_1_R1BX3,2025-07-02 17:30:00,56.4,225.5
SOC-001387,KRAMER_1_R1BX3,2025-07-02 18:30:00,36.9,147.5
SOC-001388,KRAMER_1_R1BX3,2025-07-02 19:30:00,18.5,74.2
SOC-001389,KRAMER_1_R1BX3,2025-07-02 20:30:00,2.0,8.0
SOC-001390,KRAMER_1_R1BX3,2025-07-02 21:30:00,2.0,8.0
SOC-001391,KRAMER_1_R1BX3,2025-07-02 22:30:00,3.4,13.6
SOC-001392,KRAMER_1_R1BX3,2025-07-02 23:30:00,2.0,8.0
SOC-001393,KRAMER_1_R1BX3,2025-07-03 00:30:00,62.8,251.4
SOC-001394,KRAMER_1_R1BX3,2025-07-03 01:30:00,72.0,288.0
SOC-001395,KRAMER_1_R1BX3,2025-07-03 02:30:00,78.4,313.5
SOC-001396,KRAMER_1_R1BX3,2025-07-03 03:30:00,88.6,354.6
SOC-001397,KRAMER_1_R1BX3,2025-07-03 04:30:00,98.0,392.0
SOC-001398,KRAMER_1_R1BX3,2025-07-03 05:30:00,98.0,392.0
SOC-001399,KRAMER_1_R1BX3,2025-07-03 06:30:00,98.0,392.0
SOC-001400,KRAMER_1_R1BX3,2025-07-03 07:30:00,98.0,392.0
SOC-001401,KRAMER_1_R1BX3,2025-07-03 08:30:00,96.8,387.3
SOC-001402,KRAMER_1_R1BX3,2025-07-03 09:30:00,94.8,379.3
SOC-001403,KRAMER_1_R1BX3,2025-07-03 10:30:00,96.9,387.4
SOC-001404,KRAMER_1_R1BX3,2025-07-03 11:30:00,97.4,389.5
SOC-001405,KRAMER_1_R1BX3,2025-07-03 12:30:00,98.0,392.0
SOC-001406,KRAMER_1_R1BX3,2025-07-03 13:30:00,98.0,392.0
SOC-001407,KRAMER_1_R1BX3,2025-07-03 14:30:00,98.0,392.0
SOC-001408,KRAMER_1_R1BX3,2025-07-03 15:30:00,98.0,392.0
SOC-001409,KRAMER_1_R1BX3,2025-07-03 16:30:00,87.5,350.1
SOC-001410,KRAMER_1_R1BX3,2025-07-03 17:30:00,72.8,291.1
SOC-001411,KRAMER_1_R1BX3,2025-07-03 18:30:00,51.9,207.5
SOC-001412,KRAMER_1_R1BX3,2025-07-03 19:30:00,29.8,119.1
SOC-001413,KRAMER_1_R1BX3,2025-07-03 20:30:00,9.0,35.8
SOC-001414,KRAMER_1_R1BX3,2025-07-03 21:30:00,2.0,8.0
SOC-001415,KRAMER_1_R1BX3,2025-07-03 22:30:00,4.2,16.9
SOC-001416,KRAMER_1_R1BX3,2025-07-03 23:30:00,4.6,18.5
SOC-001417,KRAMER_1_R1BX3,2025-07-04 00:30:00,49.1,196.4
SOC-001418,KRAMER_1_R1BX3,2025-07-04 01:30:00,56.8,227.0
SOC-001419,KRAMER_1_R1BX3,2025-07-04 02:30:00,66.6,266.3
SOC-001420,KRAMER_1_R1BX3,2025-07-04 03:30:00,75.1,300.5
SOC-001421,KRAMER_1_R1BX3,2025-07-04 04:30:00,83.9,335.6
SOC-001422,KRAMER_1_R1BX3,2025-07-04 05:30:00,97.3,389.1
SOC-001423,KRAMER_1_R1BX3,2025-07-04 06:30:00,98.0,392.0
SOC-001424,KRAMER_1_R1BX3,2025-07-04 07:30:00,98.0,392.0
SOC-001425,KRAMER_1_R1BX3,2025-07-04 08:30:00,98.0,392.0
SOC-001426,KRAMER_1_R1BX3,2025-07-04 09:30:00,98.0,392.0
SOC-001427,KRAMER_1_R1BX3,2025-07-04 10:30:00,96.3,385.1
SOC-001428,KRAMER_1_R1BX3,2025-07-04 11:30:00,97.1,388.3
SOC-001429,KRAMER_1_R1BX3,2025-07-04 12:30:00,98.0,392.0
SOC-001430,KRAMER_1_R1BX3,2025-07-04 13:30:00,98.0,392.0
SOC-001431,KRAMER_1_R1BX3,2025-07-04 14:30:00,98.0,392.0
SOC-001432,KRAMER_1_R1BX3,2025-07-04 15:30:00,96.8,387.2
SOC-001433,KRAMER_1_R1BX3,2025-07-04 16:30:00,82.8,331.0
SOC-001434,KRAMER_1_R1BX3,2025-07-04 17:30:00,70.6,282.2
SOC-001435,KRAMER_1_R1BX3,2025-07-04 18:30:00,57.0,228.0
SOC-001436,KRAMER_1_R1BX3,2025-07-04 19:30:00,36.0,144.0
SOC-001437,KRAMER_1_R1BX3,2025-07-04 20:30:00,25.7,102.7
SOC-001438,KRAMER_1_R1BX3,2025-07-04 21:30:00,11.3,45.3
SOC-001439,KRAMER_1_R1BX3,2025-07-04 22:30:00,12.2,48.9
SOC-001440,KRAMER_1_R1BX3,2025-07-04 23:30:00,14.4,57.6
SOC-001441,KRAMER_1_R1BX3,2025-07-05 00:30:00,75.9,303.4
SOC-001442,KRAMER_1_R1BX3,2025-07-05 01:30:00,95.4,381.5
SOC-001443,KRAMER_1_R1BX3,2025-07-05 02:30:00,98.0,392.0
SOC-001444,KRAMER_1_R1BX3,2025-07-05 03:30:00,98.0,392.0
SOC-001445,KRAMER_1_R1BX3,2025-07-05 04:30:00,98.0,392.0
SOC-001446,KRAMER_1_R1BX3,2025-07-05 05:30:00,98.0,392.0
SOC-001447,KRAMER_1_R1BX3,2025-07-05 06:30:00,98.0,392.0
SOC-001448,KRAMER_1_R1BX3,2025-07-05 07:30:00,98.0,392.0
SOC-001449,KRAMER_1_R1BX3,2025-07-05 08:30:00,98.0,392.0
SOC-001450,KRAMER_1_R1BX3,2025-07-05 09:30:00,97.9,391.6
SOC-001451,KRAMER_1_R1BX3,2025-07-05 10:30:00,98.0,392.0
SOC-001452,KRAMER_1_R1BX3,2025-07-05 11:30:00,97.9,391.5
SOC-001453,KRAMER_1_R1BX3,2025-07-05 12:30:00,95.5,381.9
SOC-001454,KRAMER_1_R1BX3,2025-07-05 13:30:00,93.8,375.2
SOC-001455,KRAMER_1_R1BX3,2025-07-05 14:30:00,91.6,366.4
SOC-001456,KRAMER_1_R1BX3,2025-07-05 15:30:00,92.1,368.5
SOC-001457,KRAMER_1_R1BX3,2025-07-05 16:30:00,78.8,315.2
SOC-001458,KRAMER_1_R1BX3,2025-07-05 17:30:00,66.5,265.9
SOC-001459,KRAMER_1_R1BX3,2025-07-05 18:30:00,45.3,181.4
SOC-001460,KRAMER_1_R1BX3,2025-07-05 19:30:00,26.3,105.2
SOC-001461,KRAMER_1_R1BX3,2025-07-05 20:30:00,8.9,35.7
SOC-001462,KRAMER_1_R1BX3,2025-07-05 21:30:00,2.0,8.0
SOC-001463,KRAMER_1_R1BX3,2025-07-05 22:30:00,2.0,8.0
SOC-001464,KRAMER_1_R1BX3,2025-07-05 23:30:00,2.4,9.8
SOC-001465,KRAMER_1_R1BX3,2025-07-06 00:30:00,66.5,266.1
SOC-001466,KRAMER_1_R1BX3,2025-07-06 01:30:00,79.9,319.7
SOC-001467,KRAMER_1_R1BX3,2025-07-06 02:30:00,92.7,370.8
SOC-001468,KRAMER_1_R1BX3,2025-07-06 03:30:00,98.0,392.0
SOC-001469,KRAMER_1_R1BX3,2025-07-06 04:30:00,98.0,392.0
SOC-001470,KRAMER_1_R1BX3,2025-07-06 05:30:00,98.0,392.0
SOC-001471,KRAMER_1_R1BX3,2025-07-06 06:30:00,98.0,392.0
SOC-001472,KRAMER_1_R1BX3,2025-07-06 07:30:00,98.0,392.0
SOC-001473,KRAMER_1_R1BX3,2025-07-06 08:30:00,98.0,392.0
SOC-001474,KRAMER_1_R1BX3,2025-07-06 09:30:00,98.0,392.0
SOC-001475,KRAMER_1_R1BX3,2025-07-06 10:30:00,97.4,389.8
SOC-001476,KRAMER_1_R1BX3,2025-07-06 11:30:00,98.0,392.0
SOC-001477,KRAMER_1_R1BX3,2025-07-06 12:30:00,98.0,392.0
SOC-001478,KRAMER_1_R1BX3,2025-07-06 13:30:00,97.2,388.7
SOC-001479,KRAMER_1_R1BX3,2025-07-06 14:30:00,98.0,392.0
SOC-001480,KRAMER_1_R1BX3,2025-07-06 15:30:00,98.0,392.0
SOC-001481,KRAMER_1_R1BX3,2025-07-06 16:30:00,79.4,317.8
SOC-001482,KRAMER_1_R1BX3,2025-07-06 17:30:00,66.9,267.4
SOC-001483,KRAMER_1_R1BX3,2025-07-06 18:30:00,54.3,217.1
SOC-001484,KRAMER_1_R1BX3,2025-07-06 19:30:00,43.8,175.3
SOC-001485,KRAMER_1_R1BX3,2025-07-06 20:30:00,28.1,112.4
SOC-001486,KRAMER_1_R1BX3,2025-07-06 21:30:00,17.5,69.9
SOC-001487,KRAMER_1_R1BX3,2025-07-06 22:30:00,15.4,61.4
SOC-001488,KRAMER_1_R1BX3,2025-07-06 23:30:00,14.4,57.6
SOC-001489,KRAMER_1_R1BX3,2025-07-07 00:30:00,61.9,247.6
SOC-001490,KRAMER_1_R1BX3,2025-07-07 01:30:00,68.6,274.4
SOC-001491,KRAMER_1_R1BX3,2025-07-07 02:30:00,74.2,296.7
SOC-001492,KRAMER_1_R1BX3,2025-07-07 03:30:00,86.0,343.8
SOC-001493,KRAMER_1_R1BX3,2025-07-07 04:30:00,97.8,391.2
SOC-001494,KRAMER_1_R1BX3,2025-07-07 05:30:00,98.0,392.0
SOC-001495,KRAMER_1_R1BX3,2025-07-07 06:30:00,98.0,392.0
SOC-001496,KRAMER_1_R1BX3,2025-07-07 07:30:00,98.0,392.0
SOC-001497,KRAMER_1_R1BX3,2025-07-07 08:30:00,98.0,392.0
SOC-001498,KRAMER_1_R1BX3,2025-07-07 09:30:00,97.5,389.9
SOC-001499,KRAMER_1_R1BX3,2025-07-07 10:30:00,97.4,389.5
SOC-001500,KRAMER_1_R1BX3,2025-07-07 11:30:00,98.0,392.0
SOC-001501,KRAMER_1_R1BX3,2025-07-07 12:30:00,98.0,392.0
SOC-001502,KRAMER_1_R1BX3,2025-07-07 13:30:00,98.0,392.0
SOC-001503,KRAMER_1_R1BX3,2025-07-07 14:30:00,98.0,392.0
SOC-001504,KRAMER_1_R1BX3,2025-07-07 15:30:00,98.0,392.0
SOC-001505,KRAMER_1_R1BX3,2025-07-07 16:30:00,76.7,306.8
SOC-001506,KRAMER_1_R1BX3,2025-07-07 17:30:00,60.4,241.8
SOC-001507,KRAMER_1_R1BX3,2025-07-07 18:30:00,46.4,185.8
SOC-001508,KRAMER_1_R1BX3,2025-07-07 19:30:00,27.4,109.5
SOC-001509,KRAMER_1_R1BX3,2025-07-07 20:30:00,12.9,51.4
SOC-001510,KRAMER_1_R1BX3,2025-07-07 21:30:00,2.0,8.0
SOC-001511,KRAMER_1_R1BX3,2025-07-07 22:30:00,2.0,8.0
SOC-001512,KRAMER_1_R1BX3,2025-07-07 23:30:00,2.0,8.0
SOC-001513,RSMNDS_2_CSRBT1,2025-07-01 00:30:00,68.5,274.1
SOC-001514,RSMNDS_2_CSRBT1,2025-07-01 01:30:00,81.8,327.2
SOC-001515,RSMNDS_2_CSRBT1,2025-07-01 02:30:00,88.0,351.8
SOC-001516,RSMNDS_2_CSRBT1,2025-07-01 03:30:00,98.0,392.0
SOC-001517,RSMNDS_2_CSRBT1,2025-07-01 04:30:00,98.0,392.0
SOC-001518,RSMNDS_2_CSRBT1,2025-07-01 05:30:00,98.0,392.0
SOC-001519,RSMNDS_2_CSRBT1,2025-07-01 06:30:00,98.0,392.0
SOC-001520,RSMNDS_2_CSRBT1,2025-07-01 07:30:00,98.0,392.0
SOC-001521,RSMNDS_2_CSRBT1,2025-07-01 08:30:00,98.0,392.0
SOC-001522,RSMNDS_2_CSRBT1,2025-07-01 09:30:00,96.6,386.2
SOC-001523,RSMNDS_2_CSRBT1,2025-07-01 10:30:00,95.6,382.5
SOC-001524,RSMNDS_2_CSRBT1,2025-07-01 11:30:00,96.2,384.6
SOC-001525,RSMNDS_2_CSRBT1,2025-07-01 12:30:00,94.9,379.6
SOC-001526,RSMNDS_2_CSRBT1,2025-07-01 13:30:00,96.8,387.3
SOC-001527,RSMNDS_2_CSRBT1,2025-07-01 14:30:00,96.0,383.8
SOC-001528,RSMNDS_2_CSRBT1,2025-07-01 15:30:00,94.8,379.1
SOC-001529,RSMNDS_2_CSRBT1,2025-07-01 16:30:00,73.6,294.6
SOC-001530,RSMNDS_2_CSRBT1,2025-07-01 17:30:00,57.5,230.1
SOC-001531,RSMNDS_2_CSRBT1,2025-07-01 18:30:00,42.0,167.9
SOC-001532,RSMNDS_2_CSRBT1,2025-07-01 19:30:00,24.5,98.1
SOC-001533,RSMNDS_2_CSRBT1,2025-07-01 20:30:00,7.1,28.2
SOC-001534,RSMNDS_2_CSRBT1,2025-07-01 21:30:00,2.0,8.0
SOC-001535,RSMNDS_2_CSRBT1,2025-07-01 22:30:00,4.5,17.9
SOC-001536,RSMNDS_2_CSRBT1,2025-07-01 23:30:00,2.6,10.5
SOC-001537,RSMNDS_2_CSRBT1,2025-07-02 00:30:00,52.6,210.5
SOC-001538,RSMNDS_2_CSRBT1,2025-07-02 01:30:00,58.8,235.3
SOC-001539,RSMNDS_2_CSRBT1,2025-07-02 02:30:00,71.5,285.9
SOC-001540,RSMNDS_2_CSRBT1,2025-07-02 03:30:00,81.7,326.8
SOC-001541,RSMNDS_2_CSRBT1,2025-07-02 04:30:00,95.4,381.5
SOC-001542,RSMNDS_2_CSRBT1,2025-07-02 05:30:00,98.0,392.0
SOC-001543,RSMNDS_2_CSRBT1,2025-07-02 06:30:00,98.0,392.0
SOC-001544,RSMNDS_2_CSRBT1,2025-07-02 07:30:00,98.0,392.0
SOC-001545,RSMNDS_2_CSRBT1,2025-07-02 08:30:00,98.0,392.0
SOC-001546,RSMNDS_2_CSRBT1,2025-07-02 09:30:00,96.8,387.0
SOC-001547,RSMNDS_2_CSRBT1,2025-07-02 10:30:00,94.2,377.0
SOC-001548,RSMNDS_2_CSRBT1,2025-07-02 11:30:00,91.9,367.6
SOC-001549,RSMNDS_2_CSRBT1,2025-07-02 12:30:00,90.7,362.9
SOC-001550,RSMNDS_2_CSRBT1,2025-07-02 13:30:00,90.8,363.1
SOC-001551,RSMNDS_2_CSRBT1,2025-07-02 14:30:00,90.7,362.7
SOC-001552,RSMNDS_2_CSRBT1,2025-07-02 15:30:00,91.3,365.3
SOC-001553,RSMNDS_2_CSRBT1,2025-07-02 16:30:00,71.9,287.6
SOC-001554,RSMNDS_2_CSRBT1,2025-07-02 17:30:00,59.9,239.4
SOC-001555,RSMNDS_2_CSRBT1,2025-07-02 18:30:00,40.2,160.8
SOC-001556,RSMNDS_2_CSRBT1,2025-07-02 19:30:00,18.6,74.5
SOC-001557,RSMNDS_2_CSRBT1,2025-07-02 20:30:00,2.4,9.5
SOC-001558,RSMNDS_2_CSRBT1,2025-07-02 21:30:00,2.0,8.0
SOC-001559,RSMNDS_2_CSRBT1,2025-07-02 22:30:00,2.0,8.0
SOC-001560,RSMNDS_2_CSRBT1,2025-07-02 23:30:00,3.0,11.9
SOC-001561,RSMNDS_2_CSRBT1,2025-07-03 00:30:00,56.7,226.9
SOC-001562,RSMNDS_2_CSRBT1,2025-07-03 01:30:00,68.7,274.9
SOC-001563,RSMNDS_2_CSRBT1,2025-07-03 02:30:00,74.4,297.8
SOC-001564,RSMNDS_2_CSRBT1,2025-07-03 03:30:00,81.2,324.8
SOC-001565,RSMNDS_2_CSRBT1,2025-07-03 04:30:00,95.6,382.6
SOC-001566,RSMNDS_2_CSRBT1,2025-07-03 05:30:00,98.0,392.0
SOC-001567,RSMNDS_2_CSRBT1,2025-07-03 06:30:00,98.0,392.0
SOC-001568,RSMNDS_2_CSRBT1,2025-07-03 07:30:00,98.0,392.0
SOC-001569,RSMNDS_2_CSRBT1,2025-07-03 08:30:00,98.0,392.0
SOC-001570,RSMNDS_2_CSRBT1,2025-07-03 09:30:00,96.7,386.7
SOC-001571,RSMNDS_2_CSRBT1,2025-07-03 10:30:00,96.3,385.2
SOC-001572,RSMNDS_2_CSRBT1,2025-07-03 11:30:00,94.5,377.9
SOC-001573,RSMNDS_2_CSRBT1,2025-07-03 12:30:00,96.0,383.9
SOC-001574,RSMNDS_2_CSRBT1,2025-07-03 13:30:00,94.5,378.0
SOC-001575,RSMNDS_2_CSRBT1,2025-07-03 14:30:00,95.1,380.5
SOC-001576,RSMNDS_2_CSRBT1,2025-07-03 15:30:00,96.6,386.2
SOC-001577,RSMNDS_2_CSRBT1,2025-07-03 16:30:00,83.4,333.7
SOC-001578,RSMNDS_2_CSRBT1,2025-07-03 17:30:00,62.7,250.8
SOC-001579,RSMNDS_2_CSRBT1,2025-07-03 18:30:00,40.6,162.4
SOC-001580,RSMNDS_2_CSRBT1,2025-07-03 19:30:00,18.9,75.8
SOC-001581,RSMNDS_2_CSRBT1,2025-07-03 20:30:00,2.0,8.0
SOC-001582,RSMNDS_2_CSRBT1,2025-07-03 21:30:00,2.0,8.0
SOC-001583,RSMNDS_2_CSRBT1,2025-07-03 22:30:00,2.0,8.0
SOC-001584,RSMNDS_2_CSRBT1,2025-07-03 23:30:00,2.0,8.0
SOC-001585,RSMNDS_2_CSRBT1,2025-07-04 00:30:00,69.4,277.7
SOC-001586,RSMNDS_2_CSRBT1,2025-07-04 01:30:00,79.1,316.4
SOC-001587,RSMNDS_2_CSRBT1,2025-07-04 02:30:00,87.0,348.0
SOC-001588,RSMNDS_2_CSRBT1,2025-07-04 03:30:00,97.2,388.8
SOC-001589,RSMNDS_2_CSRBT1,2025-07-04 04:30:00,98.0,392.0
SOC-001590,RSMNDS_2_CSRBT1,2025-07-04 05:30:00,98.0,392.0
SOC-001591,RSMNDS_2_CSRBT1,2025-07-04 06:30:00,98.0,392.0
SOC-001592,RSMNDS_2_CSRBT1,2025-07-04 07:30:00,98.0,392.0
SOC-001593,RSMNDS_2_CSRBT1,2025-07-04 08:30:00,98.0,392.0
SOC-001594,RSMNDS_2_CSRBT1,2025-07-04 09:30:00,98.0,392.0
SOC-001595,RSMNDS_2_CSRBT1,2025-07-04 10:30:00,97.0,388.2
SOC-001596,RSMNDS_2_CSRBT1,2025-07-04 11:30:00,95.8,383.0
SOC-001597,RSMNDS_2_CSRBT1,2025-07-04 12:30:00,96.5,385.9
SOC-001598,RSMNDS_2_CSRBT1,2025-07-04 13:30:00,96.2,384.8
SOC-001599,RSMNDS_2_CSRBT1,2025-07-04 14:30:00,95.6,382.3
SOC-001600,RSMNDS_2_CSRBT1,2025-07-04 15:30:00,95.2,380.9
SOC-001601,RSMNDS_2_CSRBT1,2025-07-04 16:30:00,85.1,340.3
SOC-001602,RSMNDS_2_CSRBT1,2025-07-04 17:30:00,73.7,294.7
SOC-001603,RSMNDS_2_CSRBT1,2025-07-04 18:30:00,57.3,229.1
SOC-001604,RSMNDS_2_CSRBT1,2025-07-04 19:30:00,45.0,179.9
SOC-001605,RSMNDS_2_CSRBT1,2025-07-04 20:30:00,26.1,104.3
SOC-001606,RSMNDS_2_CSRBT1,2025-07-04 21:30:00,4.7,18.8
SOC-001607,RSMNDS_2_CSRBT1,2025-07-04 22:30:00,4.0,15.9
SOC-001608,RSMNDS_2_CSRBT1,2025-07-04 23:30:00,6.1,24.4
SOC-001609,RSMNDS_2_CSRBT1,2025-07-05 00:30:00,56.3,225.1
SOC-001610,RSMNDS_2_CSRBT1,2025-07-05 01:30:00,69.5,277.9
SOC-001611,RSMNDS_2_CSRBT1,2025-07-05 02:30:00,78.3,313.3
SOC-001612,RSMNDS_2_CSRBT1,2025-07-05 03:30:00,84.1,336.6
SOC-001613,RSMNDS_2_CSRBT1,2025-07-05 04:30:00,98.0,392.0
SOC-001614,RSMNDS_2_CSRBT1,2025-07-05 05:30:00,98.0,392.0
SOC-001615,RSMNDS_2_CSRBT1,2025-07-05 06:30:00,98.0,392.0
SOC-001616,RSMNDS_2_CSRBT1,2025-07-05 07:30:00,98.0,392.0
SOC-001617,RSMNDS_2_CSRBT1,2025-07-05 08:30:00,97.0,388.2
SOC-001618,RSMNDS_2_CSRBT1,2025-07-05 09:30:00,97.0,388.1
SOC-001619,RSMNDS_2_CSRBT1,2025-07-05 10:30:00,98.0,392.0
SOC-001620,RSMNDS_2_CSRBT1,2025-07-05 11:30:00,98.0,392.0
SOC-001621,RSMNDS_2_CSRBT1,2025-07-05 12:30:00,98.0,392.0
SOC-001622,RSMNDS_2_CSRBT1,2025-07-05 13:30:00,97.5,390.1
SOC-001623,RSMNDS_2_CSRBT1,2025-07-05 14:30:00,98.0,392.0
SOC-001624,RSMNDS_2_CSRBT1,2025-07-05 15:30:00,98.0,392.0
SOC-001625,RSMNDS_2_CSRBT1,2025-07-05 16:30:00,76.2,304.7
SOC-001626,RSMNDS_2_CSRBT1,2025-07-05 17:30:00,61.4,245.7
SOC-001627,RSMNDS_2_CSRBT1,2025-07-05 18:30:00,51.0,204.0
SOC-001628,RSMNDS_2_CSRBT1,2025-07-05 19:30:00,37.0,148.2
SOC-001629,RSMNDS_2_CSRBT1,2025-07-05 20:30:00,17.3,69.3
SOC-001630,RSMNDS_2_CSRBT1,2025-07-05 21:30:00,6.0,23.9
SOC-001631,RSMNDS_2_CSRBT1,2025-07-05 22:30:00,5.0,20.2
SOC-001632,RSMNDS_2_CSRBT1,2025-07-05 23:30:00,5.3,21.2
SOC-001633,RSMNDS_2_CSRBT1,2025-07-06 00:30:00,70.1,280.3
SOC-001634,RSMNDS_2_CSRBT1,2025-07-06 01:30:00,76.1,304.5
SOC-001635,RSMNDS_2_CSRBT1,2025-07-06 02:30:00,81.7,326.9
SOC-001636,RSMNDS_2_CSRBT1,2025-07-06 03:30:00,86.9,347.6
SOC-001637,RSMNDS_2_CSRBT1,2025-07-06 04:30:00,98.0,392.0
SOC-001638,RSMNDS_2_CSRBT1,2025-07-06 05:30:00,98.0,392.0
SOC-001639,RSMNDS_2_CSRBT1,2025-07-06 06:30:00,98.0,392.0
SOC-001640,RSMNDS_2_CSRBT1,2025-07-06 07:30:00,98.0,392.0
SOC-001641,RSMNDS_2_CSRBT1,2025-07-06 08:30:00,98.0,392.0
SOC-001642,RSMNDS_2_CSRBT1,2025-07-06 09:30:00,98.0,392.0
SOC-001643,RSMNDS_2_CSRBT1,2025-07-06 10:30:00,95.5,382.1
SOC-001644,RSMNDS_2_CSRBT1,2025-07-06 11:30:00,96.0,384.1
SOC-001645,RSMNDS_2_CSRBT1,2025-07-06 12:30:00,97.3,389.3
SOC-001646,RSMNDS_2_CSRBT1,2025-07-06 13:30:00,96.7,386.7
SOC-001647,RSMNDS_2_CSRBT1,2025-07-06 14:30:00,95.9,383.7
SOC-001648,RSMNDS_2_CSRBT1,2025-07-06 15:30:00,97.9,391.6
SOC-001649,RSMNDS_2_CSRBT1,2025-07-06 16:30:00,84.6,338.5
SOC-001650,RSMNDS_2_CSRBT1,2025-07-06 17:30:00,67.4,269.5
SOC-001651,RSMNDS_2_CSRBT1,2025-07-06 18:30:00,57.2,228.7
SOC-001652,RSMNDS_2_CSRBT1,2025-07-06 19:30:00,46.5,186.1
SOC-001653,RSMNDS_2_CSRBT1,2025-07-06 20:30:00,30.1,120.4
SOC-001654,RSMNDS_2_CSRBT1,2025-07-06 21:30:00,18.3,73.4
SOC-001655,RSMNDS_2_CSRBT1,2025-07-06 22:30:00,17.2,68.8
SOC-001656,RSMNDS_2_CSRBT1,2025-07-06 23:30:00,19.5,78.2
SOC-001657,RSMNDS_2_CSRBT1,2025-07-07 00:30:00,54.4,217.6
SOC-001658,RSMNDS_2_CSRBT1,2025-07-07 01:30:00,63.6,254.3
SOC-001659,RSMNDS_2_CSRBT1,2025-07-07 02:30:00,78.4,313.8
SOC-001660,RSMNDS_2_CSRBT1,2025-07-07 03:30:00,89.7,358.8
SOC-001661,RSMNDS_2_CSRBT1,2025-07-07 04:30:00,98.0,392.0
SOC-001662,RSMNDS_2_CSRBT1,2025-07-07 05:30:00,98.0,392.0
SOC-001663,RSMNDS_2_CSRBT1,2025-07-07 06:30:00,98.0,392.0
SOC-001664,RSMNDS_2_CSRBT1,2025-07-07 07:30:00,98.0,392.0
SOC-001665,RSMNDS_2_CSRBT1,2025-07-07 08:30:00,98.0,392.0
SOC-001666,RSMNDS_2_CSRBT1,2025-07-07 09:30:00,98.0,392.0
SOC-001667,RSMNDS_2_CSRBT1,2025-07-07 10:30:00,98.0,391.8
SOC-001668,RSMNDS_2_CSRBT1,2025-07-07 11:30:00,98.0,392.0
SOC-001669,RSMNDS_2_CSRBT1,2025-07-07 12:30:00,98.0,392.0
SOC-001670,RSMNDS_2_CSRBT1,2025-07-07 13:30:00,95.6,382.3
SOC-001671,RSMNDS_2_CSRBT1,2025-07-07 14:30:00,97.3,389.1
SOC-001672,RSMNDS_2_CSRBT1,2025-07-07 15:30:00,97.8,391.3
SOC-001673,RSMNDS_2_CSRBT1,2025-07-07 16:30:00,86.8,347.0
SOC-001674,RSMNDS_2_CSRBT1,2025-07-07 17:30:00,68.0,272.2
SOC-001675,RSMNDS_2_CSRBT1,2025-07-07 18:30:00,53.9,215.6
SOC-001676,RSMNDS_2_CSRBT1,2025-07-07 19:30:00,42.9,171.5
SOC-001677,RSMNDS_2_CSRBT1,2025-07-07 20:30:00,30.0,120.1
SOC-001678,RSMNDS_2_CSRBT1,2025-07-07 21:30:00,9.0,36.2
SOC-001679,RSMNDS_2_CSRBT1,2025-07-07 22:30:00,7.3,29.3
SOC-001680,RSMNDS_2_CSRBT1,2025-07-07 23:30:00,5.0,20.2
SOC-001681,SANDRN_2_SS1BT1,2025-07-01 00:30:00,54.1,216.5
SOC-001682,SANDRN_2_SS1BT1,2025-07-01 01:30:00,61.2,245.0
SOC-001683,SANDRN_2_SS1BT1,2025-07-01 02:30:00,75.8,303.4
SOC-001684,SANDRN_2_SS1BT1,2025-07-01 03:30:00,80.9,323.5
SOC-001685,SANDRN_2_SS1BT1,2025-07-01 04:30:00,90.8,363.4
SOC-001686,SANDRN_2_SS1BT1,2025-07-01 05:30:00,98.0,392.0
SOC-001687,SANDRN_2_SS1BT1,2025-07-01 06:30:00,98.0,392.0
SOC-001688,SANDRN_2_SS1BT1,2025-07-01 07:30:00,98.0,392.0
SOC-001689,SANDRN_2_SS1BT1,2025-07-01 08:30:00,98.0,392.0
SOC-001690,SANDRN_2_SS1BT1,2025-07-01 09:30:00,98.0,392.0
SOC-001691,SANDRN_2_SS1BT1,2025-07-01 10:30:00,98.0,392.0
SOC-001692,SANDRN_2_SS1BT1,2025-07-01 11:30:00,96.5,386.1
SOC-001693,SANDRN_2_SS1BT1,2025-07-01 12:30:00,96.2,385.0
SOC-001694,SANDRN_2_SS1BT1,2025-07-01 13:30:00,97.5,389.9
SOC-001695,SANDRN_2_SS1BT1,2025-07-01 14:30:00,95.0,380.1
SOC-001696,SANDRN_2_SS1BT1,2025-07-01 15:30:00,93.8,375.2
SOC-001697,SANDRN_2_SS1BT1,2025-07-01 16:30:00,75.6,302.2
SOC-001698,SANDRN_2_SS1BT1,2025-07-01 17:30:00,56.0,224.1
SOC-001699,SANDRN_2_SS1BT1,2025-07-01 18:30:00,35.7,142.8
SOC-001700,SANDRN_2_SS1BT1,2025-07-01 19:30:00,13.2,52.9
SOC-001701,SANDRN_2_SS1BT1,2025-07-01 20:30:00,2.0,8.0
SOC-001702,SANDRN_2_SS1BT1,2025-07-01 21:30:00,2.0,8.0
SOC-001703,SANDRN_2_SS1BT1,2025-07-01 22:30:00,2.0,8.0
SOC-001704,SANDRN_2_SS1BT1,2025-07-01 23:30:00,4.0,16.0
SOC-001705,SANDRN_2_SS1BT1,2025-07-02 00:30:00,60.1,240.5
SOC-001706,SANDRN_2_SS1BT1,2025-07-02 01:30:00,72.1,288.5
SOC-001707,SANDRN_2_SS1BT1,2025-07-02 02:30:00,83.0,332.2
SOC-001708,SANDRN_2_SS1BT1,2025-07-02 03:30:00,90.1,360.3
SOC-001709,SANDRN_2_SS1BT1,2025-07-02 04:30:00,97.0,387.9
SOC-001710,SANDRN_2_SS1BT1,2025-07-02 05:30:00,98.0,392.0
SOC-001711,SANDRN_2_SS1BT1,2025-07-02 06:30:00,98.0,392.0
SOC-001712,SANDRN_2_SS1BT1,2025-07-02 07:30:00,98.0,392.0
SOC-001713,SANDRN_2_SS1BT1,2025-07-02 08:30:00,98.0,392.0
SOC-001714,SANDRN_2_SS1BT1,2025-07-02 09:30:00,97.9,391.7
SOC-001715,SANDRN_2_SS1BT1,2025-07-02 10:30:00,98.0,392.0
SOC-001716,SANDRN_2_SS1BT1,2025-07-02 11:30:00,97.0,388.1
SOC-001717,SANDRN_2_SS1BT1,2025-07-02 12:30:00,96.2,384.9
SOC-001718,SANDRN_2_SS1BT1,2025-07-02 13:30:00,95.8,383.2
SOC-001719,SANDRN_2_SS1BT1,2025-07-02 14:30:00,95.9,383.7
SOC-001720,SANDRN_2_SS1BT1,2025-07-02 15:30:00,94.7,378.7
SOC-001721,SANDRN_2_SS1BT1,2025-07-02 16:30:00,84.0,335.8
SOC-001722,SANDRN_2_SS1BT1,2025-07-02 17:30:00,65.2,260.7
SOC-001723,SANDRN_2_SS1BT1,2025-07-02 18:30:00,45.3,181.3
SOC-001724,SANDRN_2_SS1BT1,2025-07-02 19:30:00,31.8,127.2
SOC-001725,SANDRN_2_SS1BT1,2025-07-02 20:30:00,20.2,80.7
SOC-001726,SANDRN_2_SS1BT1,2025-07-02 21:30:00,2.0,8.0
SOC-001727,SANDRN_2_SS1BT1,2025-07-02 22:30:00,2.0,8.0
SOC-001728,SANDRN_2_SS1BT1,2025-07-02 23:30:00,2.0,8.0
SOC-001729,SANDRN_2_SS1BT1,2025-07-03 00:30:00,59.2,237.0
SOC-001730,SANDRN_2_SS1BT1,2025-07-03 01:30:00,74.0,296.2
SOC-001731,SANDRN_2_SS1BT1,2025-07-03 02:30:00,87.1,348.4
SOC-001732,SANDRN_2_SS1BT1,2025-07-03 03:30:00,98.0,392.0
SOC-001733,SANDRN_2_SS1BT1,2025-07-03 04:30:00,98.0,392.0
SOC-001734,SANDRN_2_SS1BT1,2025-07-03 05:30:00,98.0,392.0
SOC-001735,SANDRN_2_SS1BT1,2025-07-03 06:30:00,98.0,392.0
SOC-001736,SANDRN_2_SS1BT1,2025-07-03 07:30:00,98.0,392.0
SOC-001737,SANDRN_2_SS1BT1,2025-07-03 08:30:00,96.5,386.1
SOC-001738,SANDRN_2_SS1BT1,2025-07-03 09:30:00,94.8,379.3
SOC-001739,SANDRN_2_SS1BT1,2025-07-03 10:30:00,94.6,378.6
SOC-001740,SANDRN_2_SS1BT1,2025-07-03 11:30:00,92.3,369.1
SOC-001741,SANDRN_2_SS1BT1,2025-07-03 12:30:00,93.3,373.3
SOC-001742,SANDRN_2_SS1BT1,2025-07-03 13:30:00,93.2,372.8
SOC-001743,SANDRN_2_SS1BT1,2025-07-03 14:30:00,94.0,376.1
SOC-001744,SANDRN_2_SS1BT1,2025-07-03 15:30:00,95.8,383.2
SOC-001745,SANDRN_2_SS1BT1,2025-07-03 16:30:00,84.6,338.3
SOC-001746,SANDRN_2_SS1BT1,2025-07-03 17:30:00,65.7,262.9
SOC-001747,SANDRN_2_SS1BT1,2025-07-03 18:30:00,53.7,214.9
SOC-001748,SANDRN_2_SS1BT1,2025-07-03 19:30:00,38.6,154.2
SOC-001749,SANDRN_2_SS1BT1,2025-07-03 20:30:00,20.7,82.7
SOC-001750,SANDRN_2_SS1BT1,2025-07-03 21:30:00,6.7,26.8
SOC-001751,SANDRN_2_SS1BT1,2025-07-03 22:30:00,5.6,22.3
SOC-001752,SANDRN_2_SS1BT1,2025-07-03 23:30:00,5.3,21.2
SOC-001753,SANDRN_2_SS1BT1,2025-07-04 00:30:00,69.1,276.3
SOC-001754,SANDRN_2_SS1BT1,2025-07-04 01:30:00,83.0,332.0
SOC-001755,SANDRN_2_SS1BT1,2025-07-04 02:30:00,90.9,363.6
SOC-001756,SANDRN_2_SS1BT1,2025-07-04 03:30:00,98.0,392.0
SOC-001757,SANDRN_2_SS1BT1,2025-07-04 04:30:00,98.0,392.0
SOC-001758,SANDRN_2_SS1BT1,2025-07-04 05:30:00,98.0,392.0
SOC-001759,SANDRN_2_SS1BT1,2025-07-04 06:30:00,98.0,392.0
SOC-001760,SANDRN_2_SS1BT1,2025-07-04 07:30:00,98.0,392.0
SOC-001761,SANDRN_2_SS1BT1,2025-07-04 08:30:00,97.7,390.7
SOC-001762,SANDRN_2_SS1BT1,2025-07-04 09:30:00,98.0,392.0
SOC-001763,SANDRN_2_SS1BT1,2025-07-04 10:30:00,98.0,392.0
SOC-001764,SANDRN_2_SS1BT1,2025-07-04 11:30:00,96.1,384.4
SOC-001765,SANDRN_2_SS1BT1,2025-07-04 12:30:00,95.7,382.7
SOC-001766,SANDRN_2_SS1BT1,2025-07-04 13:30:00,96.2,385.0
SOC-001767,SANDRN_2_SS1BT1,2025-07-04 14:30:00,95.6,382.3
SOC-001768,SANDRN_2_SS1BT1,2025-07-04 15:30:00,96.3,385.1
SOC-001769,SANDRN_2_SS1BT1,2025-07-04 16:30:00,79.5,318.1
SOC-001770,SANDRN_2_SS1BT1,2025-07-04 17:30:00,64.2,256.7
SOC-001771,SANDRN_2_SS1BT1,2025-07-04 18:30:00,44.3,177.3
SOC-001772,SANDRN_2_SS1BT1,2025-07-04 19:30:00,23.4,93.4
SOC-001773,SANDRN_2_SS1BT1,2025-07-04 20:30:00,9.0,36.1
SOC-001774,SANDRN_2_SS1BT1,2025-07-04 21:30:00,2.0,8.0
SOC-001775,SANDRN_2_SS1BT1,2025-07-04 22:30:00,2.0,8.0
SOC-001776,SANDRN_2_SS1BT1,2025-07-04 23:30:00,2.0,8.0
SOC-001777,SANDRN_2_SS1BT1,2025-07-05 00:30:00,60.5,242.2
SOC-001778,SANDRN_2_SS1BT1,2025-07-05 01:30:00,66.0,264.0
SOC-001779,SANDRN_2_SS1BT1,2025-07-05 02:30:00,77.2,308.7
SOC-001780,SANDRN_2_SS1BT1,2025-07-05 03:30:00,82.9,331.8
SOC-001781,SANDRN_2_SS1BT1,2025-07-05 04:30:00,94.3,377.3
SOC-001782,SANDRN_2_SS1BT1,2025-07-05 05:30:00,98.0,392.0
SOC-001783,SANDRN_2_SS1BT1,2025-07-05 06:30:00,98.0,392.0
SOC-001784,SANDRN_2_SS1BT1,2025-07-05 07:30:00,98.0,392.0
SOC-001785,SANDRN_2_SS1BT1,2025-07-05 08:30:00,96.0,384.0
SOC-001786,SANDRN_2_SS1BT1,2025-07-05 09:30:00,97.0,387.8
SOC-001787,SANDRN_2_SS1BT1,2025-07-05 10:30:00,97.2,388.9
SOC-001788,SANDRN_2_SS1BT1,2025-07-05 11:30:00,97.5,390.1
SOC-001789,SANDRN_2_SS1BT1,2025-07-05 12:30:00,95.7,382.7
SOC-001790,SANDRN_2_SS1BT1,2025-07-05 13:30:00,96.0,384.1
SOC-001791,SANDRN_2_SS1BT1,2025-07-05 14:30:00,96.1,384.2
SOC-001792,SANDRN_2_SS1BT1,2025-07-05 15:30:00,98.0,392.0
SOC-001793,SANDRN_2_SS1BT1,2025-07-05 16:30:00,78.2,313.0
SOC-001794,SANDRN_2_SS1BT1,2025-07-05 17:30:00,62.5,250.1
SOC-001795,SANDRN_2_SS1BT1,2025-07-05 18:30:00,42.5,170.1
SOC-001796,SANDRN_2_SS1BT1,2025-07-05 19:30:00,28.2,112.7
SOC-001797,SANDRN_2_SS1BT1,2025-07-05 20:30:00,14.4,57.8
SOC-001798,SANDRN_2_SS1BT1,2025-07-05 21:30:00,2.0,8.0
SOC-001799,SANDRN_2_SS1BT1,2025-07-05 22:30:00,3.0,12.0
SOC-001800,SANDRN_2_SS1BT1,2025-07-05 23:30:00,2.0,8.0
SOC-001801,SANDRN_2_SS1BT1,2025-07-06 00:30:00,50.9,203.7
SOC-001802,SANDRN_2_SS1BT1,2025-07-06 01:30:00,63.6,254.5
SOC-001803,SANDRN_2_SS1BT1,2025-07-06 02:30:00,76.3,305.2
SOC-001804,SANDRN_2_SS1BT1,2025-07-06 03:30:00,87.9,351.7
SOC-001805,SANDRN_2_SS1BT1,2025-07-06 04:30:00,98.0,392.0
SOC-001806,SANDRN_2_SS1BT1,2025-07-06 05:30:00,98.0,392.0
SOC-001807,SANDRN_2_SS1BT1,2025-07-06 06:30:00,98.0,392.0
SOC-001808,SANDRN_2_SS1BT1,2025-07-06 07:30:00,98.0,392.0
SOC-001809,SANDRN_2_SS1BT1,2025-07-06 08:30:00,98.0,392.0
SOC-001810,SANDRN_2_SS1BT1,2025-07-06 09:30:00,98.0,392.0
SOC-001811,SANDRN_2_SS1BT1,2025-07-06 10:30:00,97.6,390.5
SOC-001812,SANDRN_2_SS1BT1,2025-07-06 11:30:00,98.0,392.0
SOC-001813,SANDRN_2_SS1BT1,2025-07-06 12:30:00,98.0,392.0
SOC-001814,SANDRN_2_SS1BT1,2025-07-06 13:30:00,98.0,392.0
SOC-001815,SANDRN_2_SS1BT1,2025-07-06 14:30:00,96.0,383.8
SOC-001816,SANDRN_2_SS1BT1,2025-07-06 15:30:00,96.0,384.1
SOC-001817,SANDRN_2_SS1BT1,2025-07-06 16:30:00,74.2,296.9
SOC-001818,SANDRN_2_SS1BT1,2025-07-06 17:30:00,63.4,253.6
SOC-001819,SANDRN_2_SS1BT1,2025-07-06 18:30:00,50.8,203.1
SOC-001820,SANDRN_2_SS1BT1,2025-07-06 19:30:00,3.8,15.2
SOC-001821,SANDRN_2_SS1BT1,2025-07-06 20:30:00,6.5,26.1
SOC-001822,SANDRN_2_SS1BT1,2025-07-06 21:30:00,5.1,20.4
SOC-001823,SANDRN_2_SS1BT1,2025-07-06 22:30:00,3.7,14.9
SOC-001824,SANDRN_2_SS1BT1,2025-07-06 23:30:00,3.6,14.4
SOC-001825,SANDRN_2_SS1BT1,2025-07-07 00:30:00,48.9,195.6
SOC-001826,SANDRN_2_SS1BT1,2025-07-07 01:30:00,61.6,246.5
SOC-001827,SANDRN_2_SS1BT1,2025-07-07 02:30:00,74.8,299.0
SOC-001828,SANDRN_2_SS1BT1,2025-07-07 03:30:00,80.4,321.4
SOC-001829,SANDRN_2_SS1BT1,2025-07-07 04:30:00,94.1,376.3
SOC-001830,SANDRN_2_SS1BT1,2025-07-07 05:30:00,98.0,392.0
SOC-001831,SANDRN_2_SS1BT1,2025-07-07 06:30:00,98.0,392.0
SOC-001832,SANDRN_2_SS1BT1,2025-07-07 07:30:00,98.0,392.0
SOC-001833,SANDRN_2_SS1BT1,2025-07-07 08:30:00,95.5,382.1
SOC-001834,SANDRN_2_SS1BT1,2025-07-07 09:30:00,97.3,389.3
SOC-001835,SANDRN_2_SS1BT1,2025-07-07 10:30:00,96.6,386.3
SOC-001836,SANDRN_2_SS1BT1,2025-07-07 11:30:00,98.0,392.0
SOC-001837,SANDRN_2_SS1BT1,2025-07-07 12:30:00,97.0,387.8
SOC-001838,SANDRN_2_SS1BT1,2025-07-07 13:30:00,94.6,378.6
SOC-001839,SANDRN_2_SS1BT1,2025-07-07 14:30:00,93.8,375.0
SOC-001840,SANDRN_2_SS1BT1,2025-07-07 15:30:00,94.3,377.1
SOC-001841,SANDRN_2_SS1BT1,2025-07-07 16:30:00,82.1,328.3
SOC-001842,SANDRN_2_SS1BT1,2025-07-07 17:30:00,71.6,286.2
SOC-001843,SANDRN_2_SS1BT1,2025-07-07 18:30:00,60.0,240.2
SOC-001844,SANDRN_2_SS1BT1,2025-07-07 19:30:00,48.3,193.2
SOC-001845,SANDRN_2_SS1BT1,2025-07-07 20:30:00,28.0,112.1
SOC-001846,SANDRN_2_SS1BT1,2025-07-07 21:30:00,13.2,52.9
SOC-001847,SANDRN_2_SS1BT1,2025-07-07 22:30:00,13.9,55.5
SOC-001848,SANDRN_2_SS1BT1,2025-07-07 23:30:00,15.4,61.7
